depth,gate_count,num_qubits,cx_count,remote_gate_count,teleportation_count,profile,bell_fidelity,latency,waiting_time,link_loss,gate_error,readout_error,output_fidelity
6,14,4,2,1,1,Average,0.9604,27.35,13.67,0.0356,0.00988914134482266,0.012925341957341407,0.990781
6,14,4,2,1,1,Average,0.9604,27.35,13.67,0.0356,0.00988914134482266,0.012925341957341407,0.988275
19,80,8,3,2,2,Excellent,0.9979,5.15,2.57,0.0022,0.001,0.0010530719393677273,0.927492
19,80,8,3,2,2,Excellent,0.9979,5.15,2.57,0.0022,0.001,0.0010530719393677273,0.924836
20,55,5,2,2,2,Average,0.9728,44.28,22.14,0.0303,0.006800439467198605,0.012585115159905815,0.983715
20,55,5,2,2,2,Average,0.9728,44.28,22.14,0.0303,0.006800439467198605,0.012585115159905815,0.989678
14,62,6,1,1,1,Good,0.9708,12.15,6.08,0.0253,0.007311944953732996,0.004519709202549349,0.985733
14,62,6,1,1,1,Good,0.9708,12.15,6.08,0.0253,0.007311944953732996,0.004519709202549349,0.978227
9,58,8,1,1,1,Poor,0.9078,53.94,26.97,0.0935,0.023041966129405733,0.0282817762190521,0.824067
9,58,8,1,1,1,Poor,0.9078,53.94,26.97,0.0935,0.023041966129405733,0.0282817762190521,0.828064
18,50,4,1,1,1,Average,0.9333,33.6,16.8,0.0634,0.01668446902351728,0.009842165601820172,0.986909
18,50,4,1,1,1,Average,0.9333,33.6,16.8,0.0634,0.01668446902351728,0.009842165601820172,0.985978
13,57,8,2,2,2,Good,0.9889,14.62,7.31,0.0154,0.002786261184868355,0.005752647833733252,0.952221
13,57,8,2,2,2,Good,0.9889,14.62,7.31,0.0154,0.002786261184868355,0.005752647833733252,0.948441
14,67,7,2,0,0,Excellent,0.9943,6.05,3.03,0.0094,0.0014163552196559404,0.001629355761596956,0.955545
14,67,7,2,0,0,Excellent,0.9943,6.05,3.03,0.0094,0.0014163552196559404,0.001629355761596956,0.958403
18,78,7,3,1,1,Poor,0.9213,57.14,28.57,0.0812,0.01968013393528109,0.023084659345009355,0.915107
18,78,7,3,1,1,Poor,0.9213,57.14,28.57,0.0812,0.01968013393528109,0.023084659345009355,0.910594
18,84,8,3,2,2,Average,0.9302,26.58,13.29,0.0699,0.017451560330759952,0.0077272752973903515,0.915345
18,84,8,3,2,2,Average,0.9302,26.58,13.29,0.0699,0.017451560330759952,0.0077272752973903515,0.907887
9,21,4,4,3,3,Good,0.9734,16.27,8.14,0.0258,0.006654996904815608,0.0032541108246078284,0.996941
9,21,4,4,3,3,Good,0.9734,16.27,8.14,0.0258,0.006654996904815608,0.0032541108246078284,0.995666
20,85,7,2,0,0,Average,0.9307,49.13,24.57,0.0644,0.017329094467487954,0.012765774554881558,0.952718
20,85,7,2,0,0,Average,0.9307,49.13,24.57,0.0644,0.017329094467487954,0.012765774554881558,0.945718
14,69,8,1,0,0,Average,0.9521,23.35,11.67,0.0474,0.011963343240868035,0.01463052742016864,0.913453
14,69,8,1,0,0,Average,0.9521,23.35,11.67,0.0474,0.011963343240868035,0.01463052742016864,0.900805
12,41,6,1,0,0,Good,0.9913,13.74,6.87,0.0132,0.0021739958096319845,0.0066897363224730985,0.988611
12,41,6,1,0,0,Good,0.9913,13.74,6.87,0.0132,0.0021739958096319845,0.0066897363224730985,0.983104
13,58,6,1,1,1,Excellent,0.9901,6.2,3.1,0.0057,0.0024714997384938653,0.0024638151896892555,0.983483
13,58,6,1,1,1,Excellent,0.9901,6.2,3.1,0.0057,0.0024714997384938653,0.0024638151896892555,0.983441
21,78,5,1,0,0,Good,0.9718,12.65,6.33,0.0274,0.007054320354924065,0.0038471928217683284,0.984343
21,78,5,1,0,0,Good,0.9718,12.65,6.33,0.0274,0.007054320354924065,0.0038471928217683284,0.990169
20,105,8,3,3,3,Excellent,0.9946,6.24,3.12,0.0006,0.0013574790907982248,0.0021078430448489595,0.929132
20,105,8,3,3,3,Excellent,0.9946,6.24,3.12,0.0006,0.0013574790907982248,0.0021078430448489595,0.907765
7,18,4,1,1,1,Average,0.9622,22.13,11.06,0.0395,0.009457601897949253,0.00871389445896351,0.99285
7,18,4,1,1,1,Average,0.9622,22.13,11.06,0.0395,0.009457601897949253,0.00871389445896351,0.987646
21,74,5,1,1,1,Poor,0.9216,59.52,29.76,0.0778,0.019610988328560508,0.02135367934529881,0.987472
21,74,5,1,1,1,Poor,0.9216,59.52,29.76,0.0778,0.019610988328560508,0.02135367934529881,0.986705
7,31,7,1,1,1,Excellent,0.9957,5.3,2.65,0.0073,0.0010690526939487188,0.001218538064489608,0.965024
7,31,7,1,1,1,Excellent,0.9957,5.3,2.65,0.0073,0.0010690526939487188,0.001218538064489608,0.95935
20,139,8,1,1,1,Good,0.9819,14.22,7.11,0.0156,0.004518209603629447,0.0066930623971040515,0.911492
20,139,8,1,1,1,Good,0.9819,14.22,7.11,0.0156,0.004518209603629447,0.0066930623971040515,0.932318
13,33,4,1,0,0,Good,0.984,14.06,7.03,0.0196,0.003995166104779652,0.006609771462042195,0.994441
13,33,4,1,0,0,Good,0.984,14.06,7.03,0.0196,0.003995166104779652,0.006609771462042195,0.988783
18,73,5,1,1,1,Excellent,1.0002,9.93,4.96,0.0027,0.001,0.0019100167346782866,0.990975
18,73,5,1,1,1,Excellent,1.0002,9.93,4.96,0.0027,0.001,0.0019100167346782866,0.9883
21,95,7,2,1,1,Good,0.9812,11.9,5.95,0.0144,0.004692296262052614,0.005942948715156174,0.947794
21,95,7,2,1,1,Good,0.9812,11.9,5.95,0.0144,0.004692296262052614,0.005942948715156174,0.957542
16,54,4,1,1,1,Excellent,0.9994,5.25,2.63,0.0048,0.001,0.0020622522705410827,0.996533
16,54,4,1,1,1,Excellent,0.9994,5.25,2.63,0.0048,0.001,0.0020622522705410827,0.994191
18,68,5,1,1,1,Excellent,0.9951,9.71,4.85,0.0057,0.0012268908815774304,0.0010794833245781287,0.992594
18,68,5,1,1,1,Excellent,0.9951,9.71,4.85,0.0057,0.0012268908815774304,0.0010794833245781287,0.988152
19,66,4,1,0,0,Average,0.964,48.04,24.02,0.0382,0.009002112492261821,0.008909487620926769,0.993151
19,66,4,1,0,0,Average,0.964,48.04,24.02,0.0382,0.009002112492261821,0.008909487620926769,0.98851
10,39,7,3,2,2,Average,0.9372,33.72,16.86,0.0672,0.01570084759844309,0.007074523655073972,0.967419
10,39,7,3,2,2,Average,0.9372,33.72,16.86,0.0672,0.01570084759844309,0.007074523655073972,0.967838
15,48,6,1,0,0,Good,0.9772,14.38,7.19,0.0209,0.00570979695386073,0.006935413241005929,0.983571
15,48,6,1,0,0,Good,0.9772,14.38,7.19,0.0209,0.00570979695386073,0.006935413241005929,0.985426
6,35,8,1,0,0,Average,0.9696,47.95,23.98,0.0341,0.007590547606748127,0.00911572737189702,0.962158
6,35,8,1,0,0,Average,0.9696,47.95,23.98,0.0341,0.007590547606748127,0.00911572737189702,0.959739
10,35,4,1,0,0,Average,0.96,28.45,14.23,0.0384,0.009999095828586296,0.012499977030410645,0.995399
10,35,4,1,0,0,Average,0.96,28.45,14.23,0.0384,0.009999095828586296,0.012499977030410645,0.997226
21,79,6,2,1,1,Average,0.9321,47.16,23.58,0.0638,0.01698029096366671,0.01038860618050981,0.960848
21,79,6,2,1,1,Average,0.9321,47.16,23.58,0.0638,0.01698029096366671,0.01038860618050981,0.94513
14,64,5,1,1,1,Good,0.9782,17.41,8.71,0.021,0.005439184808180231,0.0030386787984333597,0.981203
14,64,5,1,1,1,Good,0.9782,17.41,8.71,0.021,0.005439184808180231,0.0030386787984333597,0.992186
7,41,8,2,2,2,Average,0.9604,37.48,18.74,0.0359,0.009912324057469474,0.00946606679944107,0.964602
7,41,8,2,2,2,Average,0.9604,37.48,18.74,0.0359,0.009912324057469474,0.00946606679944107,0.960578
17,36,4,1,0,0,Good,0.9752,16.82,8.41,0.0233,0.006200470466641184,0.005239534076575479,0.996785
17,36,4,1,0,0,Good,0.9752,16.82,8.41,0.0233,0.006200470466641184,0.005239534076575479,0.99497
14,60,5,1,1,1,Good,0.9916,17.87,8.94,0.0122,0.0021100611747495446,0.006434373005351127,0.991628
14,60,5,1,1,1,Good,0.9916,17.87,8.94,0.0122,0.0021100611747495446,0.006434373005351127,0.991734
12,50,5,2,2,2,Poor,0.8681,67.48,33.74,0.1356,0.032982420029773724,0.018343853208087135,0.989653
12,50,5,2,2,2,Poor,0.8681,67.48,33.74,0.1356,0.032982420029773724,0.018343853208087135,0.984405
18,64,5,2,0,0,Average,0.97,28.36,14.18,0.0328,0.007510890953027288,0.009809169032662018,0.982617
18,64,5,2,0,0,Average,0.97,28.36,14.18,0.0328,0.007510890953027288,0.009809169032662018,0.992235
18,129,8,1,1,1,Average,0.9701,48.18,24.09,0.0346,0.007477415990958719,0.00842854252937971,0.902795
18,129,8,1,1,1,Average,0.9701,48.18,24.09,0.0346,0.007477415990958719,0.00842854252937971,0.913676
16,53,6,1,1,1,Poor,0.8879,80.31,40.16,0.1109,0.028015472610027736,0.02364882065244899,0.97264
16,53,6,1,1,1,Poor,0.8879,80.31,40.16,0.1109,0.028015472610027736,0.02364882065244899,0.964574
7,35,6,1,0,0,Poor,0.8563,50.08,25.04,0.144,0.03591537331724967,0.02579144998717268,0.975314
7,35,6,1,0,0,Poor,0.8563,50.08,25.04,0.144,0.03591537331724967,0.02579144998717268,0.97334
17,69,5,1,0,0,Poor,0.8752,53.5,26.75,0.1231,0.031209253608118964,0.019708734675875396,0.981087
17,69,5,1,0,0,Poor,0.8752,53.5,26.75,0.1231,0.031209253608118964,0.019708734675875396,0.987045
16,54,7,1,0,0,Poor,0.8826,84.86,42.43,0.1144,0.02935864932086052,0.024973941513191572,0.923185
16,54,7,1,0,0,Poor,0.8826,84.86,42.43,0.1144,0.02935864932086052,0.024973941513191572,0.948706
11,55,7,1,1,1,Average,0.9347,32.18,16.09,0.0633,0.016327564319869675,0.008681461479061136,0.952378
11,55,7,1,1,1,Average,0.9347,32.18,16.09,0.0633,0.016327564319869675,0.008681461479061136,0.955728
16,89,8,1,1,1,Poor,0.8761,72.09,36.04,0.1241,0.03098460967161551,0.02690603098659003,0.824855
16,89,8,1,1,1,Poor,0.8761,72.09,36.04,0.1241,0.03098460967161551,0.02690603098659003,0.825835
16,72,6,1,1,1,Excellent,0.9942,9.09,4.55,0.0075,0.0014458561674589032,0.0014492813319945765,0.979992
16,72,6,1,1,1,Excellent,0.9942,9.09,4.55,0.0075,0.0014458561674589032,0.0014492813319945765,0.977757
10,37,5,2,0,0,Excellent,0.9913,5.23,2.62,0.0098,0.0021816551243029336,0.0025369786780003937,0.99085
10,37,5,2,0,0,Excellent,0.9913,5.23,2.62,0.0098,0.0021816551243029336,0.0025369786780003937,0.993667
19,78,7,2,0,0,Good,0.9813,17.18,8.59,0.0177,0.0046707601797723874,0.003590285380365193,0.963241
19,78,7,2,0,0,Good,0.9813,17.18,8.59,0.0177,0.0046707601797723874,0.003590285380365193,0.960178
20,77,5,1,0,0,Average,0.9355,48.5,24.25,0.0657,0.01613262845119995,0.012754191690207736,0.992309
20,77,5,1,0,0,Average,0.9355,48.5,24.25,0.0657,0.01613262845119995,0.012754191690207736,0.992592
19,131,8,1,0,0,Poor,0.8703,94.86,47.43,0.1295,0.032436422751134064,0.01888787322697529,0.924203
19,131,8,1,0,0,Poor,0.8703,94.86,47.43,0.1295,0.032436422751134064,0.01888787322697529,0.911926
14,42,5,3,1,1,Poor,0.9049,53.87,26.94,0.0929,0.02378527524955759,0.019795643526281433,0.988834
14,42,5,3,1,1,Poor,0.9049,53.87,26.94,0.0929,0.02378527524955759,0.019795643526281433,0.97178
10,27,5,1,1,1,Good,0.9841,13.83,6.92,0.0131,0.003979144140120794,0.004659471583592873,0.988169
10,27,5,1,1,1,Good,0.9841,13.83,6.92,0.0131,0.003979144140120794,0.004659471583592873,0.989759
20,75,6,2,1,1,Poor,0.8623,53.11,26.56,0.1366,0.034434131355142394,0.026546936584719946,0.937646
20,75,6,2,1,1,Poor,0.8623,53.11,26.56,0.1366,0.034434131355142394,0.026546936584719946,0.953961
15,48,6,3,3,3,Poor,0.8529,92.67,46.34,0.1463,0.03677105356282756,0.02621273503467076,0.885165
15,48,6,3,3,3,Poor,0.8529,92.67,46.34,0.1463,0.03677105356282756,0.02621273503467076,0.878116
13,56,8,1,0,0,Poor,0.8904,60.97,30.49,0.1049,0.027394157471065966,0.020041943155475736,0.901954
13,56,8,1,0,0,Poor,0.8904,60.97,30.49,0.1049,0.027394157471065966,0.020041943155475736,0.900582
6,36,8,2,0,0,Poor,0.8728,79.59,39.8,0.123,0.03180012648131822,0.02142919154491642,0.907393
6,36,8,2,0,0,Poor,0.8728,79.59,39.8,0.123,0.03180012648131822,0.02142919154491642,0.903709
16,78,7,2,0,0,Good,0.987,14.55,7.27,0.0168,0.003238402775364607,0.004113026462555224,0.965573
16,78,7,2,0,0,Good,0.987,14.55,7.27,0.0168,0.003238402775364607,0.004113026462555224,0.965248
14,49,7,2,1,1,Excellent,0.988,7.35,3.68,0.0075,0.002992346632098991,0.002903839384763842,0.961211
14,49,7,2,1,1,Excellent,0.988,7.35,3.68,0.0075,0.002992346632098991,0.002903839384763842,0.960682
12,31,5,1,0,0,Excellent,0.9974,8.11,4.05,0.0024,0.001,0.0012287788922186133,0.99208
12,31,5,1,0,0,Excellent,0.9974,8.11,4.05,0.0024,0.001,0.0012287788922186133,0.996215
20,73,5,1,1,1,Average,0.9644,43.01,21.5,0.0367,0.008909772698950713,0.012983405215642287,0.987384
20,73,5,1,1,1,Average,0.9644,43.01,21.5,0.0367,0.008909772698950713,0.012983405215642287,0.98892
11,25,4,2,1,1,Average,0.9671,23.24,11.62,0.031,0.008226891143987919,0.01241877829480327,0.995915
11,25,4,2,1,1,Average,0.9671,23.24,11.62,0.031,0.008226891143987919,0.01241877829480327,0.993043
18,112,7,3,1,1,Good,0.9775,10.76,5.38,0.0238,0.0056349660906622745,0.003407605221783906,0.959935
18,112,7,3,1,1,Good,0.9775,10.76,5.38,0.0238,0.0056349660906622745,0.003407605221783906,0.962337
9,39,6,1,1,1,Excellent,0.9944,6.74,3.37,0.0043,0.0013945178425417148,0.0020119215793541556,0.976244
9,39,6,1,1,1,Excellent,0.9944,6.74,3.37,0.0043,0.0013945178425417148,0.0020119215793541556,0.97656
6,21,6,1,0,0,Poor,0.9262,91.12,45.56,0.0784,0.01845880849484352,0.024533776591521686,0.912315
6,21,6,1,0,0,Poor,0.9262,91.12,45.56,0.0784,0.01845880849484352,0.024533776591521686,0.913542
10,41,7,2,1,1,Poor,0.8898,58.81,29.4,0.1117,0.027558791403727745,0.024238685310803264,0.906713
10,41,7,2,1,1,Poor,0.8898,58.81,29.4,0.1117,0.027558791403727745,0.024238685310803264,0.894822
19,65,7,1,1,1,Average,0.9645,29.67,14.83,0.0398,0.008868396994401895,0.009231425993539762,0.95637
19,65,7,1,1,1,Average,0.9645,29.67,14.83,0.0398,0.008868396994401895,0.009231425993539762,0.956054
13,67,7,1,1,1,Poor,0.8749,78.49,39.25,0.1235,0.03127277785918142,0.02241459755423883,0.960012
13,67,7,1,1,1,Poor,0.8749,78.49,39.25,0.1235,0.03127277785918142,0.02241459755423883,0.951422
12,65,7,2,1,1,Average,0.9602,43.93,21.97,0.0436,0.009952588482247282,0.012609470002657613,0.943039
12,65,7,2,1,1,Average,0.9602,43.93,21.97,0.0436,0.009952588482247282,0.012609470002657613,0.955595
6,21,6,1,1,1,Good,0.9755,10.86,5.43,0.0244,0.006128928703398984,0.006032658613929866,0.97154
6,21,6,1,1,1,Good,0.9755,10.86,5.43,0.0244,0.006128928703398984,0.006032658613929866,0.972126
15,63,5,1,0,0,Average,0.948,34.2,17.1,0.0512,0.01299545977969463,0.012967483493708878,0.992297
15,63,5,1,0,0,Average,0.948,34.2,17.1,0.0512,0.01299545977969463,0.012967483493708878,0.985882
17,59,6,4,2,2,Poor,0.9061,63.55,31.77,0.0901,0.02347643381213807,0.01788876440177276,0.977129
17,59,6,4,2,2,Poor,0.9061,63.55,31.77,0.0901,0.02347643381213807,0.01788876440177276,0.973199
14,60,7,1,0,0,Average,0.9347,49.42,24.71,0.0633,0.016335667475107812,0.009887048553195091,0.905236
14,60,7,1,0,0,Average,0.9347,49.42,24.71,0.0633,0.016335667475107812,0.009887048553195091,0.915244
10,50,8,1,0,0,Average,0.9657,21.37,10.68,0.0322,0.008564918591007942,0.014552716918365925,0.923901
10,50,8,1,0,0,Average,0.9657,21.37,10.68,0.0322,0.008564918591007942,0.014552716918365925,0.926586
9,39,7,2,1,1,Excellent,0.9947,7.87,3.94,0.0047,0.0013223203669862627,0.0013687273407801636,0.964776
9,39,7,2,1,1,Excellent,0.9947,7.87,3.94,0.0047,0.0013223203669862627,0.0013687273407801636,0.955074
14,33,4,1,1,1,Poor,0.9247,55.7,27.85,0.0752,0.018827502301550975,0.02365531734706227,0.971023
14,33,4,1,1,1,Poor,0.9247,55.7,27.85,0.0752,0.018827502301550975,0.02365531734706227,0.973164
19,40,4,2,1,1,Good,0.9865,17.76,8.88,0.0176,0.0033806291866732285,0.00418941253006955,0.997312
19,40,4,2,1,1,Good,0.9865,17.76,8.88,0.0176,0.0033806291866732285,0.00418941253006955,0.995865
19,80,8,1,1,1,Average,0.9722,37.06,18.53,0.0324,0.006952031100139672,0.007793868598198306,0.911075
19,80,8,1,1,1,Average,0.9722,37.06,18.53,0.0324,0.006952031100139672,0.007793868598198306,0.912746
8,26,5,2,2,2,Good,0.9819,10.03,5.01,0.019,0.00451799053528959,0.00416503715612411,0.992201
8,26,5,2,2,2,Good,0.9819,10.03,5.01,0.019,0.00451799053528959,0.00416503715612411,0.988726
20,64,6,1,1,1,Excellent,0.9936,8.44,4.22,0.0092,0.0015902075445895503,0.0022501160143284437,0.984852
20,64,6,1,1,1,Excellent,0.9936,8.44,4.22,0.0092,0.0015902075445895503,0.0022501160143284437,0.981495
8,22,5,1,0,0,Excellent,0.9994,5.83,2.91,0.0031,0.001,0.002138414098638185,0.986864
8,22,5,1,0,0,Excellent,0.9994,5.83,2.91,0.0031,0.001,0.002138414098638185,0.984109
20,46,4,1,1,1,Average,0.9323,40.99,20.5,0.0677,0.01692558196464558,0.010950361754760675,0.993807
20,46,4,1,1,1,Average,0.9323,40.99,20.5,0.0677,0.01692558196464558,0.010950361754760675,0.99301
14,61,8,1,0,0,Excellent,0.9937,5.46,2.73,0.0096,0.0015648812207166296,0.0021503982184398612,0.912194
14,61,8,1,0,0,Excellent,0.9937,5.46,2.73,0.0096,0.0015648812207166296,0.0021503982184398612,0.911686
20,85,8,3,2,2,Average,0.9479,25.44,12.72,0.0534,0.013016334454143325,0.010933806417528107,0.890434
20,85,8,3,2,2,Average,0.9479,25.44,12.72,0.0534,0.013016334454143325,0.010933806417528107,0.90542
21,47,4,1,1,1,Average,0.9532,32.25,16.13,0.0428,0.011699082848109332,0.008286598821270684,0.995573
21,47,4,1,1,1,Average,0.9532,32.25,16.13,0.0428,0.011699082848109332,0.008286598821270684,0.991838
18,58,6,2,2,2,Excellent,0.9951,7.27,3.64,0.0031,0.001228108427235447,0.0029403694536171542,0.989799
18,58,6,2,2,2,Excellent,0.9951,7.27,3.64,0.0031,0.001228108427235447,0.0029403694536171542,0.983573
6,32,7,1,0,0,Poor,0.9136,70.66,35.33,0.085,0.02159720243001137,0.026346647310833603,0.932481
6,32,7,1,0,0,Poor,0.9136,70.66,35.33,0.085,0.02159720243001137,0.026346647310833603,0.932265
10,45,8,3,2,2,Average,0.9383,33.14,16.57,0.0579,0.015428935082815176,0.014785174526573555,0.937298
10,45,8,3,2,2,Average,0.9383,33.14,16.57,0.0579,0.015428935082815176,0.014785174526573555,0.935809
6,33,8,2,1,1,Poor,0.8547,54.66,27.33,0.1494,0.03631281809169398,0.02192171841268175,0.917558
6,33,8,2,1,1,Poor,0.8547,54.66,27.33,0.1494,0.03631281809169398,0.02192171841268175,0.914063
15,71,7,1,0,0,Average,0.9504,32.46,16.23,0.0493,0.012394446314820062,0.010654291781858508,0.934212
15,71,7,1,0,0,Average,0.9504,32.46,16.23,0.0493,0.012394446314820062,0.010654291781858508,0.923572
18,65,5,2,2,2,Good,0.9836,19.22,9.61,0.0202,0.004092888820098284,0.006456107737714352,0.986256
18,65,5,2,2,2,Good,0.9836,19.22,9.61,0.0202,0.004092888820098284,0.006456107737714352,0.989962
13,35,5,1,0,0,Poor,0.8634,61.68,30.84,0.132,0.0341517712542419,0.026170577273477935,0.960303
13,35,5,1,0,0,Poor,0.8634,61.68,30.84,0.132,0.0341517712542419,0.026170577273477935,0.92645
21,46,5,1,1,1,Excellent,0.9887,5.63,2.82,0.0097,0.0028333972156137366,0.0012007292043297046,0.988243
21,46,5,1,1,1,Excellent,0.9887,5.63,2.82,0.0097,0.0028333972156137366,0.0012007292043297046,0.988795
9,39,7,1,1,1,Poor,0.9222,50.77,25.38,0.0815,0.019455775890965893,0.02954935191061659,0.935637
9,39,7,1,1,1,Poor,0.9222,50.77,25.38,0.0815,0.019455775890965893,0.02954935191061659,0.940802
21,77,4,1,1,1,Average,0.9438,30.16,15.08,0.0577,0.014052454354420651,0.013814122338805532,0.994782
21,77,4,1,1,1,Average,0.9438,30.16,15.08,0.0577,0.014052454354420651,0.013814122338805532,0.994509
18,85,8,1,1,1,Average,0.9344,38.8,19.4,0.0655,0.016404518115617772,0.011328128101581281,0.870512
18,85,8,1,1,1,Average,0.9344,38.8,19.4,0.0655,0.016404518115617772,0.011328128101581281,0.881371
8,41,8,3,1,1,Good,0.9766,16.31,8.16,0.0284,0.00586108068651095,0.005987065466951708,0.936196
8,41,8,3,1,1,Good,0.9766,16.31,8.16,0.0284,0.00586108068651095,0.005987065466951708,0.9356
9,35,7,1,1,1,Excellent,0.9971,7.22,3.61,0.0069,0.001,0.0010919819373544255,0.986546
9,35,7,1,1,1,Excellent,0.9971,7.22,3.61,0.0069,0.001,0.0010919819373544255,0.981956
15,34,4,1,0,0,Average,0.9645,31.25,15.62,0.0358,0.008877782161622105,0.011527424495327496,0.988689
15,34,4,1,0,0,Average,0.9645,31.25,15.62,0.0358,0.008877782161622105,0.011527424495327496,0.986141
11,37,5,1,1,1,Good,0.9738,10.79,5.39,0.0274,0.006554922071880742,0.003963319167425252,0.992245
11,37,5,1,1,1,Good,0.9738,10.79,5.39,0.0274,0.006554922071880742,0.003963319167425252,0.994664
20,76,5,1,1,1,Average,0.9473,33.79,16.89,0.0567,0.013171135843414006,0.010722026044202412,0.985416
20,76,5,1,1,1,Average,0.9473,33.79,16.89,0.0567,0.013171135843414006,0.010722026044202412,0.98394
20,49,4,1,0,0,Average,0.9627,49.63,24.81,0.042,0.009336469809179099,0.012522508099681032,0.990693
20,49,4,1,0,0,Average,0.9627,49.63,24.81,0.042,0.009336469809179099,0.012522508099681032,0.987927
18,74,5,1,1,1,Poor,0.8981,55.33,27.67,0.1005,0.025479888059209477,0.019438085853236767,0.987984
18,74,5,1,1,1,Poor,0.8981,55.33,27.67,0.1005,0.025479888059209477,0.019438085853236767,0.990476
21,160,8,1,1,1,Average,0.9638,43.27,21.64,0.0392,0.009046354015840946,0.008752036311424844,0.946343
21,160,8,1,1,1,Average,0.9638,43.27,21.64,0.0392,0.009046354015840946,0.008752036311424844,0.953392
14,50,5,3,1,1,Good,0.9734,16.28,8.14,0.0281,0.00665116699813853,0.004235731535810545,0.987024
14,50,5,3,1,1,Good,0.9734,16.28,8.14,0.0281,0.00665116699813853,0.004235731535810545,0.990098
7,43,7,1,0,0,Average,0.9643,41.97,20.99,0.0336,0.008913557628389301,0.012979846919506972,0.964366
7,43,7,1,0,0,Average,0.9643,41.97,20.99,0.0336,0.008913557628389301,0.012979846919506972,0.964816
12,37,5,2,1,1,Good,0.9711,17.87,8.93,0.0275,0.007217659156995404,0.00500717904905936,0.994037
12,37,5,2,1,1,Good,0.9711,17.87,8.93,0.0275,0.007217659156995404,0.00500717904905936,0.989051
11,36,6,3,1,1,Average,0.9369,47.42,23.71,0.0678,0.015773417970554954,0.009361131593379935,0.933252
11,36,6,3,1,1,Average,0.9369,47.42,23.71,0.0678,0.015773417970554954,0.009361131593379935,0.93088
13,57,5,1,1,1,Poor,0.8643,98.36,49.18,0.1344,0.03392731525689732,0.02686022952883406,0.990793
13,57,5,1,1,1,Poor,0.8643,98.36,49.18,0.1344,0.03392731525689732,0.02686022952883406,0.98757
9,57,8,1,1,1,Poor,0.8677,68.43,34.21,0.1299,0.033074828550110874,0.02071538248908713,0.934794
9,57,8,1,1,1,Poor,0.8677,68.43,34.21,0.1299,0.033074828550110874,0.02071538248908713,0.92534
9,33,6,3,2,2,Good,0.982,14.71,7.36,0.0224,0.004489811495078017,0.004312025127269504,0.985114
9,33,6,3,2,2,Good,0.982,14.71,7.36,0.0224,0.004489811495078017,0.004312025127269504,0.982155
13,76,8,2,0,0,Excellent,0.9974,8.18,4.09,0.0046,0.001,0.0022984788925691823,0.92945
13,76,8,2,0,0,Excellent,0.9974,8.18,4.09,0.0046,0.001,0.0022984788925691823,0.934462
21,76,6,1,1,1,Excellent,0.9875,5.49,2.74,0.0089,0.003128988149555395,0.0019072875137777852,0.979917
21,76,6,1,1,1,Excellent,0.9875,5.49,2.74,0.0089,0.003128988149555395,0.0019072875137777852,0.980336
19,97,8,1,1,1,Good,0.9802,18.85,9.43,0.0231,0.004940376779226513,0.005462608856204625,0.914069
19,97,8,1,1,1,Good,0.9802,18.85,9.43,0.0231,0.004940376779226513,0.005462608856204625,0.925012
7,26,6,1,1,1,Average,0.9496,26.52,13.26,0.0478,0.012606677002213323,0.00990148831006018,0.978776
7,26,6,1,1,1,Average,0.9496,26.52,13.26,0.0478,0.012606677002213323,0.00990148831006018,0.982243
17,60,6,4,1,1,Excellent,0.9943,6.99,3.5,0.0019,0.0014191221076845228,0.002696066376927362,0.977519
17,60,6,4,1,1,Excellent,0.9943,6.99,3.5,0.0019,0.0014191221076845228,0.002696066376927362,0.980759
6,22,5,1,1,1,Excellent,0.9938,8.93,4.47,0.0024,0.0015441125296399572,0.0021291559518159266,0.992691
6,22,5,1,1,1,Excellent,0.9938,8.93,4.47,0.0024,0.0015441125296399572,0.0021291559518159266,0.994179
12,52,8,3,2,2,Good,0.9911,13.29,6.64,0.013,0.0022364433106278336,0.0030113422059200655,0.928056
12,52,8,3,2,2,Good,0.9911,13.29,6.64,0.013,0.0022364433106278336,0.0030113422059200655,0.919462
14,62,8,3,2,2,Good,0.969,11.1,5.55,0.0273,0.007752731368629251,0.0044329691168661315,0.919089
14,62,8,3,2,2,Good,0.969,11.1,5.55,0.0273,0.007752731368629251,0.0044329691168661315,0.920745
19,84,5,2,2,2,Excellent,0.998,8.73,4.36,0.0048,0.001,0.0020264759152183835,0.992127
19,84,5,2,2,2,Excellent,0.998,8.73,4.36,0.0048,0.001,0.0020264759152183835,0.993693
20,49,4,2,2,2,Good,0.992,19.45,9.73,0.0109,0.0020087576945449215,0.006467923631039353,0.996394
20,49,4,2,2,2,Good,0.992,19.45,9.73,0.0109,0.0020087576945449215,0.006467923631039353,0.994032
15,89,8,1,1,1,Poor,0.9325,82.17,41.08,0.0725,0.01687654590248358,0.02770947814750864,0.827069
15,89,8,1,1,1,Poor,0.9325,82.17,41.08,0.0725,0.01687654590248358,0.02770947814750864,0.831262
9,44,7,1,0,0,Poor,0.8985,85.62,42.81,0.1055,0.02537307967445135,0.01983167729619489,0.959
9,44,7,1,0,0,Poor,0.8985,85.62,42.81,0.1055,0.02537307967445135,0.01983167729619489,0.965573
8,27,5,1,1,1,Good,0.9778,12.75,6.38,0.0227,0.005544492536384171,0.004300741773274672,0.984046
8,27,5,1,1,1,Good,0.9778,12.75,6.38,0.0227,0.005544492536384171,0.004300741773274672,0.983288
19,99,7,1,1,1,Excellent,1.0004,8.97,4.48,0.0011,0.001,0.002755412426128428,0.960418
19,99,7,1,1,1,Excellent,1.0004,8.97,4.48,0.0011,0.001,0.002755412426128428,0.966555
12,68,8,2,2,2,Poor,0.9101,72.58,36.29,0.0883,0.022472542440203747,0.02180248354361171,0.942494
12,68,8,2,2,2,Poor,0.9101,72.58,36.29,0.0883,0.022472542440203747,0.02180248354361171,0.932801
9,48,7,1,1,1,Average,0.9421,32.8,16.4,0.0566,0.014465326072014228,0.00822111139814979,0.960588
9,48,7,1,1,1,Average,0.9421,32.8,16.4,0.0566,0.014465326072014228,0.00822111139814979,0.959794
19,49,4,2,1,1,Average,0.9316,46.21,23.1,0.0676,0.017103956549112592,0.014326749367777149,0.995177
19,49,4,2,1,1,Average,0.9316,46.21,23.1,0.0676,0.017103956549112592,0.014326749367777149,0.996184
15,48,4,1,0,0,Average,0.944,30.55,15.27,0.0531,0.013997338169718543,0.012253890423905216,0.997831
15,48,4,1,0,0,Average,0.944,30.55,15.27,0.0531,0.013997338169718543,0.012253890423905216,0.996352
13,75,8,1,1,1,Poor,0.8552,92.26,46.13,0.148,0.0361948648936625,0.024203599208031973,0.92321
13,75,8,1,1,1,Poor,0.8552,92.26,46.13,0.148,0.0361948648936625,0.024203599208031973,0.910081
14,76,8,3,3,3,Excellent,0.9911,5.9,2.95,0.007,0.002234285210089254,0.0016796493135545166,0.910116
14,76,8,3,3,3,Excellent,0.9911,5.9,2.95,0.007,0.002234285210089254,0.0016796493135545166,0.926443
10,26,4,1,1,1,Excellent,0.9935,5.46,2.73,0.0053,0.0016357207073885993,0.0019072915813460349,0.995993
10,26,4,1,1,1,Excellent,0.9935,5.46,2.73,0.0053,0.0016357207073885993,0.0019072915813460349,0.995309
17,50,5,4,4,4,Average,0.9396,41.65,20.82,0.0611,0.015099372308131409,0.007679656319817435,0.984077
17,50,5,4,4,4,Average,0.9396,41.65,20.82,0.0611,0.015099372308131409,0.007679656319817435,0.988057
14,40,4,2,2,2,Poor,0.8906,83.1,41.55,0.1089,0.02735812363107548,0.01909750266547154,0.993402
14,40,4,2,2,2,Poor,0.8906,83.1,41.55,0.1089,0.02735812363107548,0.01909750266547154,0.99582
9,45,8,2,2,2,Average,0.9605,32.9,16.45,0.0413,0.009886249063904146,0.010893062026914008,0.967539
9,45,8,2,2,2,Average,0.9605,32.9,16.45,0.0413,0.009886249063904146,0.010893062026914008,0.955153
18,69,5,2,2,2,Excellent,0.9941,5.04,2.52,0.003,0.001475463456995313,0.001274469610514654,0.993515
18,69,5,2,2,2,Excellent,0.9941,5.04,2.52,0.003,0.001475463456995313,0.001274469610514654,0.98979
18,42,5,1,1,1,Good,0.9764,15.0,7.5,0.0267,0.0059012705456824854,0.0032883019863686313,0.990505
18,42,5,1,1,1,Good,0.9764,15.0,7.5,0.0267,0.0059012705456824854,0.0032883019863686313,0.990126
19,54,4,1,1,1,Excellent,0.9974,7.3,3.65,0.0008,0.001,0.0018585685726016713,0.996009
19,54,4,1,1,1,Excellent,0.9974,7.3,3.65,0.0008,0.001,0.0018585685726016713,0.995757
6,23,7,1,1,1,Average,0.9317,25.16,12.58,0.0679,0.017075900838532942,0.01251688032864152,0.882342
6,23,7,1,1,1,Average,0.9317,25.16,12.58,0.0679,0.017075900838532942,0.01251688032864152,0.880843
19,70,5,2,1,1,Poor,0.8964,76.2,38.1,0.1017,0.025889647532596982,0.020092699217226957,0.983146
19,70,5,2,1,1,Poor,0.8964,76.2,38.1,0.1017,0.025889647532596982,0.020092699217226957,0.993092
11,37,6,1,0,0,Excellent,0.999,7.55,3.78,0.0011,0.001,0.002811845463160101,0.987387
11,37,6,1,0,0,Excellent,0.999,7.55,3.78,0.0011,0.001,0.002811845463160101,0.990973
17,54,6,3,2,2,Good,0.984,12.36,6.18,0.0129,0.003989041584328501,0.0054095959410926635,0.980772
17,54,6,3,2,2,Good,0.984,12.36,6.18,0.0129,0.003989041584328501,0.0054095959410926635,0.98533
20,85,7,6,4,4,Poor,0.8609,84.06,42.03,0.1406,0.03478348355517974,0.029797979216037888,0.938992
20,85,7,6,4,4,Poor,0.8609,84.06,42.03,0.1406,0.03478348355517974,0.029797979216037888,0.935758
16,57,6,2,1,1,Good,0.9819,14.4,7.2,0.0194,0.004516142617568303,0.006185318716605713,0.981615
16,57,6,2,1,1,Good,0.9819,14.4,7.2,0.0194,0.004516142617568303,0.006185318716605713,0.977141
7,33,8,2,2,2,Average,0.9571,35.22,17.61,0.0424,0.010724293846811395,0.007455120406671619,0.951772
7,33,8,2,2,2,Average,0.9571,35.22,17.61,0.0424,0.010724293846811395,0.007455120406671619,0.94327
18,45,4,1,1,1,Poor,0.8561,79.02,39.51,0.1463,0.03598732692075268,0.01561534070779387,0.993018
18,45,4,1,1,1,Poor,0.8561,79.02,39.51,0.1463,0.03598732692075268,0.01561534070779387,0.991105
10,50,8,1,1,1,Excellent,0.9953,7.25,3.63,0.0081,0.0011839740826876666,0.002964771162186795,0.932822
10,50,8,1,1,1,Excellent,0.9953,7.25,3.63,0.0081,0.0011839740826876666,0.002964771162186795,0.929446
13,36,4,1,0,0,Poor,0.8892,99.55,49.77,0.1119,0.027706857547596803,0.020458469395285693,0.994783
13,36,4,1,0,0,Poor,0.8892,99.55,49.77,0.1119,0.027706857547596803,0.020458469395285693,0.992248
18,65,6,1,1,1,Poor,0.8712,88.72,44.36,0.1243,0.032197040617351624,0.024463298616629693,0.964079
18,65,6,1,1,1,Poor,0.8712,88.72,44.36,0.1243,0.032197040617351624,0.024463298616629693,0.949576
8,27,6,2,0,0,Average,0.9407,22.84,11.42,0.0571,0.01482342601370551,0.012789869240019694,0.984113
8,27,6,2,0,0,Average,0.9407,22.84,11.42,0.0571,0.01482342601370551,0.012789869240019694,0.982519
10,60,8,1,0,0,Average,0.9476,22.45,11.22,0.0565,0.013094254922417808,0.009481853900414497,0.910245
10,60,8,1,0,0,Average,0.9476,22.45,11.22,0.0565,0.013094254922417808,0.009481853900414497,0.919473
10,39,7,2,1,1,Excellent,0.9991,6.55,3.27,0.0038,0.001,0.002626369567629602,0.965557
10,39,7,2,1,1,Excellent,0.9991,6.55,3.27,0.0038,0.001,0.002626369567629602,0.971298
11,59,6,1,0,0,Good,0.9716,13.42,6.71,0.0253,0.007100767954178133,0.006999906484412114,0.984765
11,59,6,1,0,0,Good,0.9716,13.42,6.71,0.0253,0.007100767954178133,0.006999906484412114,0.989049
18,92,8,3,3,3,Good,0.9761,11.62,5.81,0.0266,0.005978980749118151,0.006236174878557205,0.90968
18,92,8,3,3,3,Good,0.9761,11.62,5.81,0.0266,0.005978980749118151,0.006236174878557205,0.898748
20,59,5,2,2,2,Excellent,0.9906,7.05,3.53,0.0068,0.0023470818018540285,0.0018883974196105514,0.990887
20,59,5,2,2,2,Excellent,0.9906,7.05,3.53,0.0068,0.0023470818018540285,0.0018883974196105514,0.993465
20,84,6,2,1,1,Good,0.9869,15.34,7.67,0.0162,0.0032757798050869757,0.004876062420129011,0.986135
20,84,6,2,1,1,Good,0.9869,15.34,7.67,0.0162,0.0032757798050869757,0.004876062420129011,0.979259
17,59,5,1,1,1,Poor,0.9063,73.08,36.54,0.0925,0.023430753568598722,0.02291189682692224,0.974934
17,59,5,1,1,1,Poor,0.9063,73.08,36.54,0.0925,0.023430753568598722,0.02291189682692224,0.978182
10,45,8,1,1,1,Average,0.9495,21.57,10.78,0.0492,0.01262787628810716,0.014474348431979998,0.920325
10,45,8,1,1,1,Average,0.9495,21.57,10.78,0.0492,0.01262787628810716,0.014474348431979998,0.93799
10,42,7,2,2,2,Poor,0.8603,54.59,27.29,0.1428,0.03491834093490945,0.02826944660577011,0.935205
10,42,7,2,2,2,Poor,0.8603,54.59,27.29,0.1428,0.03491834093490945,0.02826944660577011,0.933192
18,56,4,2,1,1,Average,0.929,27.07,13.54,0.0698,0.01775797182883848,0.0072255003642252005,0.963181
18,56,4,2,1,1,Average,0.929,27.07,13.54,0.0698,0.01775797182883848,0.0072255003642252005,0.959975
16,40,4,1,1,1,Good,0.9876,11.38,5.69,0.0157,0.0031099930286842825,0.005784287954303934,0.993934
16,40,4,1,1,1,Good,0.9876,11.38,5.69,0.0157,0.0031099930286842825,0.005784287954303934,0.996678
6,19,4,1,0,0,Average,0.9684,26.47,13.23,0.036,0.007894631316288953,0.011871040792928427,0.93139
6,19,4,1,0,0,Average,0.9684,26.47,13.23,0.036,0.007894631316288953,0.011871040792928427,0.923928
13,34,4,1,1,1,Poor,0.8758,81.95,40.97,0.1198,0.03104919348929172,0.027550315809080028,0.990868
13,34,4,1,1,1,Poor,0.8758,81.95,40.97,0.1198,0.03104919348929172,0.027550315809080028,0.987506
13,58,8,1,1,1,Good,0.9885,12.91,6.46,0.01,0.002875781580601894,0.005282654864089716,0.929559
13,58,8,1,1,1,Good,0.9885,12.91,6.46,0.01,0.002875781580601894,0.005282654864089716,0.914572
8,22,5,1,0,0,Average,0.949,22.03,11.02,0.051,0.012742275211772236,0.014906651884771738,0.987114
8,22,5,1,0,0,Average,0.949,22.03,11.02,0.051,0.012742275211772236,0.014906651884771738,0.991331
21,108,7,3,3,3,Excellent,0.9877,8.18,4.09,0.0098,0.003068472903705849,0.0010324844622178952,0.964949
21,108,7,3,3,3,Excellent,0.9877,8.18,4.09,0.0098,0.003068472903705849,0.0010324844622178952,0.961197
17,38,4,3,2,2,Good,0.9801,17.33,8.66,0.0226,0.004962531377103618,0.005940747939249246,0.99516
17,38,4,3,2,2,Good,0.9801,17.33,8.66,0.0226,0.004962531377103618,0.005940747939249246,0.993095
10,34,6,1,0,0,Excellent,0.998,6.76,3.38,0.0034,0.001,0.0026607673135272056,0.983775
10,34,6,1,0,0,Excellent,0.998,6.76,3.38,0.0034,0.001,0.0026607673135272056,0.987842
21,72,7,3,3,3,Good,0.9915,18.11,9.06,0.0113,0.002125026685902559,0.004830718309789413,0.960568
21,72,7,3,3,3,Good,0.9915,18.11,9.06,0.0113,0.002125026685902559,0.004830718309789413,0.960017
12,47,6,1,1,1,Excellent,0.9893,8.96,4.48,0.0089,0.00267548641392093,0.0016201517658737837,0.982643
12,47,6,1,1,1,Excellent,0.9893,8.96,4.48,0.0089,0.00267548641392093,0.0016201517658737837,0.983265
21,104,7,1,1,1,Average,0.942,21.1,10.55,0.0559,0.014503727749128642,0.013897108243754003,0.939547
21,104,7,1,1,1,Average,0.942,21.1,10.55,0.0559,0.014503727749128642,0.013897108243754003,0.943822
16,34,4,1,1,1,Average,0.9592,23.73,11.87,0.0447,0.01020647545061601,0.01294646164415697,0.994658
16,34,4,1,1,1,Average,0.9592,23.73,11.87,0.0447,0.01020647545061601,0.01294646164415697,0.996884
16,83,7,2,1,1,Good,0.9843,14.96,7.48,0.02,0.003926840795900721,0.005077103414139768,0.968235
16,83,7,2,1,1,Good,0.9843,14.96,7.48,0.02,0.003926840795900721,0.005077103414139768,0.958764
19,44,4,3,3,3,Excellent,0.9869,7.15,3.58,0.01,0.0032866041972649807,0.0015875328380049979,0.997742
19,44,4,3,3,3,Excellent,0.9869,7.15,3.58,0.01,0.0032866041972649807,0.0015875328380049979,0.99524
8,19,4,1,1,1,Average,0.9588,39.83,19.91,0.0423,0.010308404491581019,0.010408928583064364,0.98661
8,19,4,1,1,1,Average,0.9588,39.83,19.91,0.0423,0.010308404491581019,0.010408928583064364,0.984496
7,46,7,1,1,1,Average,0.954,38.45,19.22,0.0474,0.01150073176470015,0.013331822630638146,0.971437
7,46,7,1,1,1,Average,0.954,38.45,19.22,0.0474,0.01150073176470015,0.013331822630638146,0.968953
8,23,4,1,0,0,Poor,0.8677,68.17,34.08,0.1341,0.03307339299170667,0.02929184094419412,0.975834
8,23,4,1,0,0,Poor,0.8677,68.17,34.08,0.1341,0.03307339299170667,0.02929184094419412,0.984257
20,61,5,2,2,2,Excellent,0.9991,5.63,2.82,0.0024,0.001,0.0017243011650868415,0.990534
20,61,5,2,2,2,Excellent,0.9991,5.63,2.82,0.0024,0.001,0.0017243011650868415,0.991839
17,60,7,3,2,2,Average,0.9633,33.32,16.66,0.0331,0.009174616518732664,0.009935599589230659,0.940414
17,60,7,3,2,2,Average,0.9633,33.32,16.66,0.0331,0.009174616518732664,0.009935599589230659,0.946049
14,48,6,1,0,0,Good,0.9863,19.61,9.8,0.0105,0.003414446580639219,0.005070981096833568,0.985801
14,48,6,1,0,0,Good,0.9863,19.61,9.8,0.0105,0.003414446580639219,0.005070981096833568,0.975729
9,52,8,1,1,1,Average,0.939,43.25,21.62,0.0582,0.015253952048508962,0.01189501746210914,0.944317
9,52,8,1,1,1,Average,0.939,43.25,21.62,0.0582,0.015253952048508962,0.01189501746210914,0.951093
12,48,7,3,0,0,Excellent,0.996,5.68,2.84,0.0007,0.0010034891879812657,0.002426739788727629,0.972319
12,48,7,3,0,0,Excellent,0.996,5.68,2.84,0.0007,0.0010034891879812657,0.002426739788727629,0.965553
16,35,4,1,1,1,Average,0.9459,41.29,20.64,0.052,0.013524065767924393,0.009399653425893906,0.993935
16,35,4,1,1,1,Average,0.9459,41.29,20.64,0.052,0.013524065767924393,0.009399653425893906,0.993673
17,87,6,1,0,0,Poor,0.887,90.18,45.09,0.1141,0.028253067771977253,0.016293232224778992,0.971122
17,87,6,1,0,0,Poor,0.887,90.18,45.09,0.1141,0.028253067771977253,0.016293232224778992,0.976281
18,91,6,1,1,1,Poor,0.8717,76.28,38.14,0.1315,0.032074942508722976,0.016106260693668585,0.941508
18,91,6,1,1,1,Poor,0.8717,76.28,38.14,0.1315,0.032074942508722976,0.016106260693668585,0.95258
8,32,6,1,0,0,Poor,0.8849,73.29,36.65,0.1114,0.028776363709534653,0.02743580592203098,0.976829
8,32,6,1,0,0,Poor,0.8849,73.29,36.65,0.1114,0.028776363709534653,0.02743580592203098,0.972942
11,55,8,1,1,1,Good,0.9673,14.33,7.16,0.0282,0.008165029229690007,0.003496644482556049,0.947323
11,55,8,1,1,1,Good,0.9673,14.33,7.16,0.0282,0.008165029229690007,0.003496644482556049,0.945774
15,64,5,1,1,1,Good,0.9686,11.62,5.81,0.0287,0.007860013471406718,0.00678993254723859,0.992732
15,64,5,1,1,1,Good,0.9686,11.62,5.81,0.0287,0.007860013471406718,0.00678993254723859,0.989999
15,92,8,1,0,0,Excellent,0.9942,6.25,3.13,0.0064,0.0014605391897615227,0.0012503405902538054,0.913947
15,92,8,1,0,0,Excellent,0.9942,6.25,3.13,0.0064,0.0014605391897615227,0.0012503405902538054,0.923919
11,54,8,1,1,1,Good,0.9815,11.71,5.86,0.0225,0.004617393702941508,0.004350478346423209,0.910443
11,54,8,1,1,1,Good,0.9815,11.71,5.86,0.0225,0.004617393702941508,0.004350478346423209,0.916788
6,43,8,2,1,1,Poor,0.8878,94.45,47.22,0.1136,0.028056781447692275,0.019531411694319337,0.945732
6,43,8,2,1,1,Poor,0.8878,94.45,47.22,0.1136,0.028056781447692275,0.019531411694319337,0.95104
21,86,7,3,1,1,Poor,0.8796,60.2,30.1,0.1185,0.030101749008295375,0.02577544327668656,0.913179
21,86,7,3,1,1,Poor,0.8796,60.2,30.1,0.1185,0.030101749008295375,0.02577544327668656,0.900025
18,82,6,1,1,1,Good,0.9758,17.61,8.8,0.0203,0.0060594408363883745,0.003966951443745868,0.978469
18,82,6,1,1,1,Good,0.9758,17.61,8.8,0.0203,0.0060594408363883745,0.003966951443745868,0.97636
19,63,7,4,2,2,Good,0.9751,19.63,9.81,0.028,0.006227859519272377,0.00673500614099762,0.956029
19,63,7,4,2,2,Good,0.9751,19.63,9.81,0.028,0.006227859519272377,0.00673500614099762,0.960257
21,90,5,1,1,1,Poor,0.9005,74.94,37.47,0.0947,0.024862868895547702,0.029178492061038556,0.987619
21,90,5,1,1,1,Poor,0.9005,74.94,37.47,0.0947,0.024862868895547702,0.029178492061038556,0.98931
20,85,8,2,0,0,Good,0.9784,12.15,6.08,0.0171,0.005388124432712027,0.0049795768141007056,0.91738
20,85,8,2,0,0,Good,0.9784,12.15,6.08,0.0171,0.005388124432712027,0.0049795768141007056,0.922777
15,61,7,1,1,1,Excellent,0.9995,9.24,4.62,0.0043,0.001,0.002455016126718784,0.957824
15,61,7,1,1,1,Excellent,0.9995,9.24,4.62,0.0043,0.001,0.002455016126718784,0.966021
17,82,7,2,0,0,Excellent,0.9912,7.0,3.5,0.0057,0.0021890658549832964,0.0021064458532423034,0.965836
17,82,7,2,0,0,Excellent,0.9912,7.0,3.5,0.0057,0.0021890658549832964,0.0021064458532423034,0.967636
18,45,4,1,1,1,Poor,0.9125,88.22,44.11,0.0924,0.021871686800927853,0.02520597960178291,0.985179
18,45,4,1,1,1,Poor,0.9125,88.22,44.11,0.0924,0.021871686800927853,0.02520597960178291,0.99014
10,22,4,2,0,0,Excellent,0.9904,6.97,3.48,0.0079,0.002389529821070935,0.002877897133910751,0.99845
10,22,4,2,0,0,Excellent,0.9904,6.97,3.48,0.0079,0.002389529821070935,0.002877897133910751,0.993822
18,93,8,1,1,1,Excellent,0.997,5.23,2.61,0.0014,0.001,0.00194748830079038,0.926428
18,93,8,1,1,1,Excellent,0.997,5.23,2.61,0.0014,0.001,0.00194748830079038,0.941298
10,42,7,1,0,0,Good,0.9744,13.28,6.64,0.0223,0.006409085490631017,0.00696246295024456,0.949781
10,42,7,1,0,0,Good,0.9744,13.28,6.64,0.0223,0.006409085490631017,0.00696246295024456,0.949762
16,76,6,2,0,0,Poor,0.9092,85.44,42.72,0.094,0.02270643921163873,0.020525367147986542,0.976925
16,76,6,2,0,0,Poor,0.9092,85.44,42.72,0.094,0.02270643921163873,0.020525367147986542,0.977176
19,42,4,2,2,2,Average,0.9429,43.9,21.95,0.059,0.014283132997511605,0.007213177239710666,0.991805
19,42,4,2,2,2,Average,0.9429,43.9,21.95,0.059,0.014283132997511605,0.007213177239710666,0.988793
14,62,7,1,1,1,Good,0.975,17.21,8.61,0.0217,0.00624133623087153,0.005516100964581454,0.961314
14,62,7,1,1,1,Good,0.975,17.21,8.61,0.0217,0.00624133623087153,0.005516100964581454,0.956145
18,100,8,1,0,0,Good,0.9859,18.22,9.11,0.0148,0.0035295571221957978,0.0058020836445658065,0.923663
18,100,8,1,0,0,Good,0.9859,18.22,9.11,0.0148,0.0035295571221957978,0.0058020836445658065,0.916155
12,65,7,2,1,1,Poor,0.8808,75.09,37.55,0.1189,0.02980054753816408,0.02772565492270558,0.938603
12,65,7,2,1,1,Poor,0.8808,75.09,37.55,0.1189,0.02980054753816408,0.02772565492270558,0.933217
12,84,8,1,1,1,Average,0.9496,49.94,24.97,0.0491,0.012591647892969793,0.014653483937572386,0.930399
12,84,8,1,1,1,Average,0.9496,49.94,24.97,0.0491,0.012591647892969793,0.014653483937572386,0.919846
21,85,6,2,1,1,Good,0.9824,19.57,9.79,0.0156,0.00439878407663305,0.006765942185309846,0.962297
21,85,6,2,1,1,Good,0.9824,19.57,9.79,0.0156,0.00439878407663305,0.006765942185309846,0.969271
15,73,6,1,1,1,Good,0.98,16.9,8.45,0.0198,0.004995506839552494,0.005241950360944879,0.986386
15,73,6,1,1,1,Good,0.98,16.9,8.45,0.0198,0.004995506839552494,0.005241950360944879,0.979543
15,48,6,1,0,0,Excellent,0.9985,7.87,3.93,0.0054,0.001,0.0017890649112817267,0.983617
15,48,6,1,0,0,Excellent,0.9985,7.87,3.93,0.0054,0.001,0.0017890649112817267,0.978645
10,42,6,1,0,0,Average,0.9276,21.26,10.63,0.0682,0.018105563586767792,0.014392077055119044,0.96474
10,42,6,1,0,0,Average,0.9276,21.26,10.63,0.0682,0.018105563586767792,0.014392077055119044,0.969083
21,70,6,4,3,3,Good,0.9836,12.02,6.01,0.0208,0.004110329784084987,0.00578468520258729,0.974399
21,70,6,4,3,3,Good,0.9836,12.02,6.01,0.0208,0.004110329784084987,0.00578468520258729,0.97293
9,34,5,1,0,0,Good,0.9769,12.42,6.21,0.0234,0.005771566100133518,0.005551778293634551,0.989127
9,34,5,1,0,0,Good,0.9769,12.42,6.21,0.0234,0.005771566100133518,0.005551778293634551,0.991416
9,20,4,2,1,1,Poor,0.894,66.51,33.26,0.1078,0.02649509817424403,0.017062005512995432,0.978554
9,20,4,2,1,1,Poor,0.894,66.51,33.26,0.1078,0.02649509817424403,0.017062005512995432,0.970639
11,48,8,2,1,1,Poor,0.8593,82.64,41.32,0.1405,0.03517370003368239,0.02475808037811398,0.872146
11,48,8,2,1,1,Poor,0.8593,82.64,41.32,0.1405,0.03517370003368239,0.02475808037811398,0.865437
16,82,6,1,1,1,Average,0.9296,39.38,19.69,0.0663,0.017605717786077446,0.011593066825402986,0.98024
16,82,6,1,1,1,Average,0.9296,39.38,19.69,0.0663,0.017605717786077446,0.011593066825402986,0.981098
7,44,8,1,1,1,Good,0.9776,14.18,7.09,0.0268,0.005603217919020798,0.0031453593968502223,0.931625
7,44,8,1,1,1,Good,0.9776,14.18,7.09,0.0268,0.005603217919020798,0.0031453593968502223,0.93089
21,140,7,1,0,0,Good,0.975,19.37,9.68,0.0292,0.00624555765567561,0.006506972671671694,0.979937
21,140,7,1,0,0,Good,0.975,19.37,9.68,0.0292,0.00624555765567561,0.006506972671671694,0.977913
21,73,7,1,1,1,Good,0.9776,18.51,9.26,0.0194,0.00560807534934693,0.003450587044080618,0.95986
21,73,7,1,1,1,Good,0.9776,18.51,9.26,0.0194,0.00560807534934693,0.003450587044080618,0.966989
12,48,6,1,1,1,Good,0.9763,16.11,8.05,0.0228,0.005929903033507905,0.004710813001253624,0.984041
12,48,6,1,1,1,Good,0.9763,16.11,8.05,0.0228,0.005929903033507905,0.004710813001253624,0.984315
8,29,6,4,3,3,Poor,0.9116,83.46,41.73,0.0848,0.022094094331861047,0.01985402505127624,0.956392
8,29,6,4,3,3,Poor,0.9116,83.46,41.73,0.0848,0.022094094331861047,0.01985402505127624,0.956781
20,48,5,2,2,2,Average,0.9602,48.62,24.31,0.0421,0.009962252075913641,0.007091485873553344,0.97608
20,48,5,2,2,2,Average,0.9602,48.62,24.31,0.0421,0.009962252075913641,0.007091485873553344,0.971759
15,73,8,1,1,1,Excellent,0.9893,8.19,4.1,0.0094,0.0026827293016093157,0.001441698479937443,0.916673
15,73,8,1,1,1,Excellent,0.9893,8.19,4.1,0.0094,0.0026827293016093157,0.001441698479937443,0.910228
17,77,8,3,2,2,Poor,0.8595,85.1,42.55,0.143,0.03511256145740127,0.027029924876700466,0.77728
17,77,8,3,2,2,Poor,0.8595,85.1,42.55,0.143,0.03511256145740127,0.027029924876700466,0.784917
13,48,5,2,2,2,Excellent,0.9933,7.63,3.81,0.0053,0.0016659706388723883,0.002834489413561951,0.989173
13,48,5,2,2,2,Excellent,0.9933,7.63,3.81,0.0053,0.0016659706388723883,0.002834489413561951,0.985969
10,46,8,1,0,0,Good,0.9758,13.28,6.64,0.0204,0.006061107650462277,0.0038216059421574463,0.971875
10,46,8,1,0,0,Good,0.9758,13.28,6.64,0.0204,0.006061107650462277,0.0038216059421574463,0.964937
19,43,5,2,1,1,Poor,0.887,78.2,39.1,0.1147,0.0282440246994069,0.019622543460497268,0.978421
19,43,5,2,1,1,Poor,0.887,78.2,39.1,0.1147,0.0282440246994069,0.019622543460497268,0.985591
18,39,4,1,0,0,Average,0.941,44.49,22.25,0.0598,0.01476226666567057,0.00736231842182263,0.989328
18,39,4,1,0,0,Average,0.941,44.49,22.25,0.0598,0.01476226666567057,0.00736231842182263,0.987571
7,45,8,1,1,1,Excellent,0.9932,9.93,4.97,0.0047,0.001712451234885809,0.0013599626536514172,0.930656
7,45,8,1,1,1,Excellent,0.9932,9.93,4.97,0.0047,0.001712451234885809,0.0013599626536514172,0.929539
19,48,5,1,0,0,Average,0.9584,49.79,24.89,0.0453,0.01040074547523695,0.014254138492196582,0.962123
19,48,5,1,0,0,Average,0.9584,49.79,24.89,0.0453,0.01040074547523695,0.014254138492196582,0.963166
10,48,8,3,2,2,Average,0.9292,23.56,11.78,0.0697,0.01769582118131577,0.008018776698580869,0.918743
10,48,8,3,2,2,Average,0.9292,23.56,11.78,0.0697,0.01769582118131577,0.008018776698580869,0.920628
19,91,7,1,1,1,Poor,0.9087,91.17,45.58,0.0898,0.022834841432606445,0.01913474591692691,0.941924
19,91,7,1,1,1,Poor,0.9087,91.17,45.58,0.0898,0.022834841432606445,0.01913474591692691,0.950599
12,35,5,3,2,2,Excellent,1.0006,5.5,2.75,0.0003,0.001,0.0024065725337298572,0.984265
12,35,5,3,2,2,Excellent,1.0006,5.5,2.75,0.0003,0.001,0.0024065725337298572,0.983373
13,55,7,2,1,1,Good,0.9709,17.54,8.77,0.0255,0.007279979169536238,0.006973933764972193,0.953867
13,55,7,2,1,1,Good,0.9709,17.54,8.77,0.0255,0.007279979169536238,0.006973933764972193,0.962089
15,34,5,2,1,1,Good,0.9787,19.86,9.93,0.0204,0.005322354755207592,0.004100615682034422,0.990363
15,34,5,2,1,1,Good,0.9787,19.86,9.93,0.0204,0.005322354755207592,0.004100615682034422,0.987854
21,98,7,2,1,1,Excellent,0.9923,9.86,4.93,0.0094,0.0019256097127154648,0.0025716091919610364,0.958646
21,98,7,2,1,1,Excellent,0.9923,9.86,4.93,0.0094,0.0019256097127154648,0.0025716091919610364,0.958775
18,64,6,1,1,1,Good,0.984,17.54,8.77,0.0195,0.003994241771411,0.004202945675180592,0.963122
18,64,6,1,1,1,Good,0.984,17.54,8.77,0.0195,0.003994241771411,0.004202945675180592,0.968116
20,63,5,2,1,1,Excellent,0.9909,7.81,3.91,0.0097,0.0022762485758683892,0.001268185502118156,0.99209
20,63,5,2,1,1,Excellent,0.9909,7.81,3.91,0.0097,0.0022762485758683892,0.001268185502118156,0.98228
8,27,6,2,2,2,Good,0.9835,10.52,5.26,0.0175,0.004123416258849599,0.003158190216828002,0.99058
8,27,6,2,2,2,Good,0.9835,10.52,5.26,0.0175,0.004123416258849599,0.003158190216828002,0.983796
12,29,4,2,2,2,Good,0.9709,14.79,7.4,0.0274,0.007264958480575651,0.006828079042106692,0.996921
12,29,4,2,2,2,Good,0.9709,14.79,7.4,0.0274,0.007264958480575651,0.006828079042106692,0.995855
16,68,8,3,2,2,Average,0.9472,31.42,15.71,0.0513,0.013188352385283708,0.00909249301908282,0.922851
16,68,8,3,2,2,Average,0.9472,31.42,15.71,0.0513,0.013188352385283708,0.00909249301908282,0.920532
21,93,8,4,4,4,Poor,0.8512,54.93,27.47,0.1485,0.037202643081875125,0.027595967723455274,0.899206
21,93,8,4,4,4,Poor,0.8512,54.93,27.47,0.1485,0.037202643081875125,0.027595967723455274,0.884549
17,79,5,2,1,1,Average,0.9447,32.42,16.21,0.0525,0.013822062028852972,0.00816738170482039,0.992328
17,79,5,2,1,1,Average,0.9447,32.42,16.21,0.0525,0.013822062028852972,0.00816738170482039,0.991481
19,78,6,1,1,1,Average,0.9556,24.57,12.29,0.0432,0.01109905342292572,0.013666901722295881,0.966186
19,78,6,1,1,1,Average,0.9556,24.57,12.29,0.0432,0.01109905342292572,0.013666901722295881,0.967961
16,55,7,4,1,1,Average,0.9527,42.9,21.45,0.0495,0.011827316139346705,0.012916752725279068,0.955937
16,55,7,4,1,1,Average,0.9527,42.9,21.45,0.0495,0.011827316139346705,0.012916752725279068,0.956771
11,65,7,1,1,1,Average,0.9411,25.08,12.54,0.0588,0.0147323445044856,0.014335195117554935,0.962071
11,65,7,1,1,1,Average,0.9411,25.08,12.54,0.0588,0.0147323445044856,0.014335195117554935,0.961561
13,42,5,2,1,1,Excellent,1.0,8.54,4.27,0.0001,0.001,0.001746401385373624,0.991116
13,42,5,2,1,1,Excellent,1.0,8.54,4.27,0.0001,0.001,0.001746401385373624,0.98753
14,79,8,2,2,2,Average,0.9392,20.51,10.26,0.0625,0.015196489828841087,0.013449341591579431,0.913929
14,79,8,2,2,2,Average,0.9392,20.51,10.26,0.0625,0.015196489828841087,0.013449341591579431,0.925896
12,49,5,1,0,0,Average,0.9583,44.46,22.23,0.0407,0.010431006310521185,0.009984412667709457,0.987481
12,49,5,1,0,0,Average,0.9583,44.46,22.23,0.0407,0.010431006310521185,0.009984412667709457,0.983412
20,75,7,3,2,2,Good,0.9873,19.9,9.95,0.0145,0.0031691821994611347,0.006391468408126143,0.960483
20,75,7,3,2,2,Good,0.9873,19.9,9.95,0.0145,0.0031691821994611347,0.006391468408126143,0.960139
18,82,7,1,0,0,Poor,0.9206,77.64,38.82,0.0745,0.01984867335094398,0.017570753628315713,0.929953
18,82,7,1,0,0,Poor,0.9206,77.64,38.82,0.0745,0.01984867335094398,0.017570753628315713,0.927144
19,62,7,3,2,2,Average,0.9316,36.98,18.49,0.0643,0.017091198544959885,0.011225273485133185,0.959193
19,62,7,3,2,2,Average,0.9316,36.98,18.49,0.0643,0.017091198544959885,0.011225273485133185,0.961111
21,78,5,2,1,1,Average,0.9713,21.4,10.7,0.033,0.007179518574054189,0.01419449320692007,0.981532
21,78,5,2,1,1,Average,0.9713,21.4,10.7,0.033,0.007179518574054189,0.01419449320692007,0.980499
16,38,5,2,2,2,Excellent,0.9967,9.81,4.9,0.0059,0.001,0.0024254227998987193,0.991152
16,38,5,2,2,2,Excellent,0.9967,9.81,4.9,0.0059,0.001,0.0024254227998987193,0.994046
8,38,7,1,1,1,Average,0.9637,24.87,12.44,0.0396,0.009068095542813487,0.010113252858938871,0.970448
8,38,7,1,1,1,Average,0.9637,24.87,12.44,0.0396,0.009068095542813487,0.010113252858938871,0.976656
13,57,7,2,2,2,Excellent,0.9969,6.7,3.35,0.0077,0.001,0.001793406098617919,0.957399
13,57,7,2,2,2,Excellent,0.9969,6.7,3.35,0.0077,0.001,0.001793406098617919,0.959085
6,24,6,1,1,1,Average,0.9493,43.51,21.75,0.048,0.012685155972961382,0.01142430179960387,0.960454
6,24,6,1,1,1,Average,0.9493,43.51,21.75,0.048,0.012685155972961382,0.01142430179960387,0.966402
19,70,7,2,1,1,Good,0.9726,16.8,8.4,0.0232,0.006839124243482542,0.005474463561039551,0.953515
19,70,7,2,1,1,Good,0.9726,16.8,8.4,0.0232,0.006839124243482542,0.005474463561039551,0.952698
8,24,5,1,0,0,Excellent,0.999,6.34,3.17,0.0038,0.001,0.0013085537812062395,0.996096
8,24,5,1,0,0,Excellent,0.999,6.34,3.17,0.0038,0.001,0.0013085537812062395,0.997795
16,58,7,1,0,0,Average,0.9679,23.2,11.6,0.0302,0.008031283585859555,0.009879339978775173,0.967034
16,58,7,1,0,0,Average,0.9679,23.2,11.6,0.0302,0.008031283585859555,0.009879339978775173,0.956777
19,59,5,1,1,1,Poor,0.885,77.85,38.92,0.111,0.028740584649855128,0.01634428262940581,0.989698
19,59,5,1,1,1,Poor,0.885,77.85,38.92,0.111,0.028740584649855128,0.01634428262940581,0.990197
16,86,8,1,0,0,Poor,0.8997,50.62,25.31,0.1031,0.025078278631301548,0.025872657660521867,0.898007
16,86,8,1,0,0,Poor,0.8997,50.62,25.31,0.1031,0.025078278631301548,0.025872657660521867,0.92154
11,63,8,2,1,1,Poor,0.9062,58.48,29.24,0.0915,0.023457362277729932,0.017189022309698217,0.919491
11,63,8,2,1,1,Poor,0.9062,58.48,29.24,0.0915,0.023457362277729932,0.017189022309698217,0.926512
19,53,5,1,0,0,Average,0.9464,32.63,16.32,0.0494,0.013400009735851398,0.009013597902311224,0.960121
19,53,5,1,0,0,Average,0.9464,32.63,16.32,0.0494,0.013400009735851398,0.009013597902311224,0.969186
21,74,5,1,1,1,Good,0.9824,14.58,7.29,0.0127,0.004410529204839697,0.004582767913705623,0.984538
21,74,5,1,1,1,Good,0.9824,14.58,7.29,0.0127,0.004410529204839697,0.004582767913705623,0.988745
18,113,8,1,0,0,Average,0.956,33.21,16.6,0.0472,0.010997324109122047,0.01220829486693295,0.889106
18,113,8,1,0,0,Average,0.956,33.21,16.6,0.0472,0.010997324109122047,0.01220829486693295,0.903069
16,62,6,1,1,1,Good,0.9854,14.79,7.4,0.0136,0.0036425874002356806,0.00427655065928245,0.986163
16,62,6,1,1,1,Good,0.9854,14.79,7.4,0.0136,0.0036425874002356806,0.00427655065928245,0.986133
13,68,7,2,2,2,Average,0.9363,31.28,15.64,0.0627,0.015932607329980503,0.007911102588895986,0.960477
13,68,7,2,2,2,Average,0.9363,31.28,15.64,0.0627,0.015932607329980503,0.007911102588895986,0.948559
12,68,8,3,0,0,Good,0.9835,16.82,8.41,0.021,0.004117984256271634,0.004846488891332594,0.906027
12,68,8,3,0,0,Good,0.9835,16.82,8.41,0.021,0.004117984256271634,0.004846488891332594,0.913601
8,31,6,1,0,0,Poor,0.9169,83.65,41.82,0.0811,0.020776500847650092,0.018790225273966375,0.972544
8,31,6,1,0,0,Poor,0.9169,83.65,41.82,0.0811,0.020776500847650092,0.018790225273966375,0.97277
19,53,5,1,1,1,Poor,0.8505,53.7,26.85,0.1493,0.037365925539307815,0.021012076459940604,0.968916
19,53,5,1,1,1,Poor,0.8505,53.7,26.85,0.1493,0.037365925539307815,0.021012076459940604,0.966051
13,30,4,1,1,1,Average,0.9461,24.99,12.5,0.0545,0.013468728292613835,0.01216024963125419,0.991361
13,30,4,1,1,1,Average,0.9461,24.99,12.5,0.0545,0.013468728292613835,0.01216024963125419,0.995687
16,65,7,2,2,2,Poor,0.9193,55.3,27.65,0.0779,0.020167128472760892,0.026202795414492237,0.937754
16,65,7,2,2,2,Poor,0.9193,55.3,27.65,0.0779,0.020167128472760892,0.026202795414492237,0.935381
20,76,7,3,1,1,Good,0.9856,13.45,6.72,0.0105,0.0036114398701136696,0.0046639017141028504,0.963681
20,76,7,3,1,1,Good,0.9856,13.45,6.72,0.0105,0.0036114398701136696,0.0046639017141028504,0.964042
9,27,4,1,0,0,Good,0.986,13.48,6.74,0.0169,0.0035046584103963774,0.005084459319201887,0.995405
9,27,4,1,0,0,Good,0.986,13.48,6.74,0.0169,0.0035046584103963774,0.005084459319201887,0.997211
21,102,6,2,1,1,Excellent,0.9912,7.19,3.6,0.007,0.0021946344782649285,0.0016005281663638805,0.980699
21,102,6,2,1,1,Excellent,0.9912,7.19,3.6,0.007,0.0021946344782649285,0.0016005281663638805,0.987899
9,39,6,2,1,1,Good,0.9754,19.3,9.65,0.0248,0.0061624626687424855,0.00520764115930008,0.966171
9,39,6,2,1,1,Good,0.9754,19.3,9.65,0.0248,0.0061624626687424855,0.00520764115930008,0.96631
19,68,6,2,2,2,Poor,0.8944,61.59,30.8,0.1024,0.026389819287726574,0.024607183149901173,0.957716
19,68,6,2,2,2,Poor,0.8944,61.59,30.8,0.1024,0.026389819287726574,0.024607183149901173,0.955611
12,26,4,1,1,1,Poor,0.9009,79.61,39.81,0.1011,0.024764876567214794,0.018086767190509827,0.986228
12,26,4,1,1,1,Poor,0.9009,79.61,39.81,0.1011,0.024764876567214794,0.018086767190509827,0.991849
11,50,8,2,0,0,Average,0.9493,29.78,14.89,0.0483,0.012669620733430947,0.013901092379658458,0.937688
11,50,8,2,0,0,Average,0.9493,29.78,14.89,0.0483,0.012669620733430947,0.013901092379658458,0.94812
16,71,8,2,1,1,Poor,0.8815,80.57,40.28,0.117,0.02962028269771247,0.02768276704004339,0.904543
16,71,8,2,1,1,Poor,0.8815,80.57,40.28,0.117,0.02962028269771247,0.02768276704004339,0.892687
11,84,8,2,1,1,Average,0.9481,47.56,23.78,0.0536,0.012971408445482335,0.009505485958925584,0.924889
11,84,8,2,1,1,Average,0.9481,47.56,23.78,0.0536,0.012971408445482335,0.009505485958925584,0.924931
18,80,8,1,0,0,Poor,0.8832,79.82,39.91,0.116,0.029188523942305256,0.02230005323538575,0.879249
18,80,8,1,0,0,Poor,0.8832,79.82,39.91,0.116,0.029188523942305256,0.02230005323538575,0.892795
11,51,8,4,3,3,Good,0.9853,14.9,7.45,0.0128,0.003665032638836857,0.004804003882986605,0.947244
11,51,8,4,3,3,Good,0.9853,14.9,7.45,0.0128,0.003665032638836857,0.004804003882986605,0.950253
21,44,4,1,1,1,Good,0.9829,11.95,5.98,0.0177,0.004265765686001982,0.005612279042451675,0.994826
21,44,4,1,1,1,Good,0.9829,11.95,5.98,0.0177,0.004265765686001982,0.005612279042451675,0.996737
21,109,7,2,2,2,Poor,0.8912,85.51,42.75,0.1055,0.02720890113761512,0.023480966988674627,0.893398
21,109,7,2,2,2,Poor,0.8912,85.51,42.75,0.1055,0.02720890113761512,0.023480966988674627,0.934479
15,39,5,2,0,0,Excellent,0.9913,6.37,3.19,0.0054,0.0021734991019206062,0.0019146427745468982,0.993861
15,39,5,2,0,0,Excellent,0.9913,6.37,3.19,0.0054,0.0021734991019206062,0.0019146427745468982,0.992737
9,50,8,1,1,1,Average,0.9357,43.25,21.63,0.0629,0.01606567364971212,0.01358088742237009,0.934
9,50,8,1,1,1,Average,0.9357,43.25,21.63,0.0629,0.01606567364971212,0.01358088742237009,0.924872
15,40,5,1,1,1,Excellent,0.9997,7.25,3.62,0.0035,0.001,0.001878139806766666,0.993134
15,40,5,1,1,1,Excellent,0.9997,7.25,3.62,0.0035,0.001,0.001878139806766666,0.993772
10,35,5,1,1,1,Good,0.9746,18.14,9.07,0.0261,0.006352016604838917,0.005129123189481647,0.989458
10,35,5,1,1,1,Good,0.9746,18.14,9.07,0.0261,0.006352016604838917,0.005129123189481647,0.994726
10,26,5,3,1,1,Good,0.981,11.46,5.73,0.0164,0.004741596707990209,0.006374222626573877,0.981995
10,26,5,3,1,1,Good,0.981,11.46,5.73,0.0164,0.004741596707990209,0.006374222626573877,0.987373
21,77,7,4,1,1,Good,0.9838,15.77,7.89,0.0154,0.004058023037024822,0.004807966890201458,0.95071
21,77,7,4,1,1,Good,0.9838,15.77,7.89,0.0154,0.004058023037024822,0.004807966890201458,0.957973
18,38,4,2,1,1,Average,0.9345,40.84,20.42,0.0651,0.0163864344456425,0.010904355843501645,0.994825
18,38,4,2,1,1,Average,0.9345,40.84,20.42,0.0651,0.0163864344456425,0.010904355843501645,0.987147
8,29,6,2,2,2,Poor,0.8927,60.89,30.45,0.1044,0.026813233347685372,0.019028052574716337,0.970269
8,29,6,2,2,2,Poor,0.8927,60.89,30.45,0.1044,0.026813233347685372,0.019028052574716337,0.961565
10,50,8,2,2,2,Poor,0.8611,89.42,44.71,0.1415,0.034727458104714864,0.015689143884879506,0.876127
10,50,8,2,2,2,Poor,0.8611,89.42,44.71,0.1415,0.034727458104714864,0.015689143884879506,0.902656
19,40,4,1,0,0,Good,0.9756,19.96,9.98,0.0282,0.006091666661460493,0.004207462017505689,0.995436
19,40,4,1,0,0,Good,0.9756,19.96,9.98,0.0282,0.006091666661460493,0.004207462017505689,0.997526
17,41,4,1,1,1,Good,0.9797,10.52,5.26,0.0225,0.005063050462148666,0.006020928628270144,0.99678
17,41,4,1,1,1,Good,0.9797,10.52,5.26,0.0225,0.005063050462148666,0.006020928628270144,0.994058
8,36,7,2,0,0,Excellent,0.9916,5.01,2.5,0.0048,0.0021102672905523034,0.001452381722918812,0.966381
8,36,7,2,0,0,Excellent,0.9916,5.01,2.5,0.0048,0.0021102672905523034,0.001452381722918812,0.959443
16,51,4,3,3,3,Excellent,0.9921,9.94,4.97,0.0042,0.0019753469567062587,0.0011416566108010243,0.997128
16,51,4,3,3,3,Excellent,0.9921,9.94,4.97,0.0042,0.0019753469567062587,0.0011416566108010243,0.997759
17,64,6,1,1,1,Average,0.9416,24.11,12.06,0.0609,0.014601710334028573,0.008065169849489698,0.975173
17,64,6,1,1,1,Average,0.9416,24.11,12.06,0.0609,0.014601710334028573,0.008065169849489698,0.975797
11,50,8,1,1,1,Poor,0.9154,67.56,33.78,0.087,0.021140436937534562,0.02879841186982131,0.873879
11,50,8,1,1,1,Poor,0.9154,67.56,33.78,0.087,0.021140436937534562,0.02879841186982131,0.886123
20,84,8,1,1,1,Good,0.9905,10.87,5.43,0.012,0.0023712114460183176,0.005358295671046053,0.915358
20,84,8,1,1,1,Good,0.9905,10.87,5.43,0.012,0.0023712114460183176,0.005358295671046053,0.933179
17,75,7,1,1,1,Poor,0.9166,65.73,32.86,0.0812,0.020854184633822548,0.016263730739969798,0.961658
17,75,7,1,1,1,Poor,0.9166,65.73,32.86,0.0812,0.020854184633822548,0.016263730739969798,0.958227
15,64,8,2,0,0,Excellent,0.9914,9.24,4.62,0.0066,0.00214189009126986,0.002035498255594475,0.91888
15,64,8,2,0,0,Excellent,0.9914,9.24,4.62,0.0066,0.00214189009126986,0.002035498255594475,0.918342
12,63,8,1,0,0,Poor,0.9296,64.78,32.39,0.0744,0.01759660121941259,0.029320072670207288,0.923627
12,63,8,1,0,0,Poor,0.9296,64.78,32.39,0.0744,0.01759660121941259,0.029320072670207288,0.906224
19,101,8,3,2,2,Average,0.9628,36.39,18.2,0.0369,0.009300166556545558,0.01489893011870188,0.89898
19,101,8,3,2,2,Average,0.9628,36.39,18.2,0.0369,0.009300166556545558,0.01489893011870188,0.917125
8,53,8,1,0,0,Excellent,0.9952,6.31,3.16,0.0004,0.0011983950058724602,0.0025785799979861825,0.933579
8,53,8,1,0,0,Excellent,0.9952,6.31,3.16,0.0004,0.0011983950058724602,0.0025785799979861825,0.937982
15,71,8,3,1,1,Poor,0.8992,71.18,35.59,0.1022,0.025194204992109143,0.02306483037204076,0.904112
15,71,8,3,1,1,Poor,0.8992,71.18,35.59,0.1022,0.025194204992109143,0.02306483037204076,0.893908
16,43,5,2,2,2,Poor,0.8704,79.32,39.66,0.1311,0.03238988379007496,0.024647318541941986,0.946869
16,43,5,2,2,2,Poor,0.8704,79.32,39.66,0.1311,0.03238988379007496,0.024647318541941986,0.966531
9,46,7,2,2,2,Poor,0.9273,80.61,40.31,0.0744,0.018185373446580527,0.02487078540854061,0.904328
9,46,7,2,2,2,Poor,0.9273,80.61,40.31,0.0744,0.018185373446580527,0.02487078540854061,0.919883
17,109,7,2,1,1,Average,0.9677,25.01,12.5,0.0351,0.008066496124968764,0.009150115891273965,0.958505
17,109,7,2,1,1,Average,0.9677,25.01,12.5,0.0351,0.008066496124968764,0.009150115891273965,0.961681
8,32,6,1,0,0,Average,0.9427,41.37,20.68,0.0531,0.01432384166892589,0.01064158222143542,0.966416
8,32,6,1,0,0,Average,0.9427,41.37,20.68,0.0531,0.01432384166892589,0.01064158222143542,0.973928
11,38,6,2,0,0,Average,0.936,43.2,21.6,0.0658,0.016007383122534885,0.007922668828273083,0.9781
11,38,6,2,0,0,Average,0.936,43.2,21.6,0.0658,0.016007383122534885,0.007922668828273083,0.979045
17,74,7,2,2,2,Poor,0.9203,96.01,48.01,0.0843,0.019928363311882996,0.015530453609622803,0.893912
17,74,7,2,2,2,Poor,0.9203,96.01,48.01,0.0843,0.019928363311882996,0.015530453609622803,0.904333
13,46,7,1,1,1,Average,0.9316,27.45,13.72,0.0666,0.01710870980489801,0.013607975964420264,0.963915
13,46,7,1,1,1,Average,0.9316,27.45,13.72,0.0666,0.01710870980489801,0.013607975964420264,0.964608
13,42,5,2,2,2,Excellent,0.999,9.77,4.89,0.0007,0.001,0.0015646137412418048,0.985304
13,42,5,2,2,2,Excellent,0.999,9.77,4.89,0.0007,0.001,0.0015646137412418048,0.986896
16,52,6,2,1,1,Excellent,0.9969,7.77,3.88,0.0001,0.001,0.002127613481648374,0.986546
16,52,6,2,1,1,Excellent,0.9969,7.77,3.88,0.0001,0.001,0.002127613481648374,0.984391
13,62,6,1,1,1,Poor,0.8572,68.41,34.21,0.1477,0.03569268711235882,0.026638289339328824,0.965861
13,62,6,1,1,1,Poor,0.8572,68.41,34.21,0.1477,0.03569268711235882,0.026638289339328824,0.962136
13,88,8,1,1,1,Good,0.9791,10.06,5.03,0.0182,0.005217686193180748,0.004385694790957625,0.93416
13,88,8,1,1,1,Good,0.9791,10.06,5.03,0.0182,0.005217686193180748,0.004385694790957625,0.94417
18,41,4,1,0,0,Average,0.9462,23.12,11.56,0.0512,0.013452725904297969,0.01093623101479918,0.996694
18,41,4,1,0,0,Average,0.9462,23.12,11.56,0.0512,0.013452725904297969,0.01093623101479918,0.994621
10,25,4,1,0,0,Average,0.9371,22.79,11.4,0.0669,0.015719525349892405,0.011158073747936297,0.997388
10,25,4,1,0,0,Average,0.9371,22.79,11.4,0.0669,0.015719525349892405,0.011158073747936297,0.995292
7,33,8,2,1,1,Poor,0.9175,83.12,41.56,0.0805,0.02063497566866096,0.027763705586829286,0.7712
7,33,8,2,1,1,Poor,0.9175,83.12,41.56,0.0805,0.02063497566866096,0.027763705586829286,0.752325
20,106,6,1,1,1,Average,0.9286,27.01,13.5,0.0677,0.01784526724425914,0.013161172961277248,0.983847
20,106,6,1,1,1,Average,0.9286,27.01,13.5,0.0677,0.01784526724425914,0.013161172961277248,0.986631
10,22,4,1,1,1,Excellent,0.9944,5.82,2.91,0.0047,0.001398856401318621,0.002071849098180047,0.995821
10,22,4,1,1,1,Excellent,0.9944,5.82,2.91,0.0047,0.001398856401318621,0.002071849098180047,0.994092
20,66,5,1,1,1,Average,0.9318,33.9,16.95,0.0641,0.017048769636490185,0.013460775237444333,0.984092
20,66,5,1,1,1,Average,0.9318,33.9,16.95,0.0641,0.017048769636490185,0.013460775237444333,0.987217
16,79,5,1,1,1,Good,0.9836,10.91,5.46,0.015,0.0041017370585455515,0.005053838701514918,0.991831
16,79,5,1,1,1,Good,0.9836,10.91,5.46,0.015,0.0041017370585455515,0.005053838701514918,0.990788
6,23,5,1,0,0,Poor,0.886,92.73,46.37,0.1145,0.028493773000962563,0.016420879154880705,0.971375
6,23,5,1,0,0,Poor,0.886,92.73,46.37,0.1145,0.028493773000962563,0.016420879154880705,0.972668
13,28,4,1,0,0,Good,0.9839,11.98,5.99,0.018,0.004037195893268702,0.006750299592157752,0.99372
13,28,4,1,0,0,Good,0.9839,11.98,5.99,0.018,0.004037195893268702,0.006750299592157752,0.99444
16,38,4,1,1,1,Excellent,0.9921,5.21,2.61,0.0046,0.0019825142831822185,0.0021477683996134456,0.994866
16,38,4,1,1,1,Excellent,0.9921,5.21,2.61,0.0046,0.0019825142831822185,0.0021477683996134456,0.996228
21,123,7,2,1,1,Excellent,0.9943,6.91,3.46,0.0043,0.0014318019143881588,0.0028166084317438472,0.958785
21,123,7,2,1,1,Excellent,0.9943,6.91,3.46,0.0043,0.0014318019143881588,0.0028166084317438472,0.969287
14,55,6,1,0,0,Poor,0.9284,94.17,47.09,0.0728,0.01789504750251536,0.01868677168867868,0.962115
14,55,6,1,0,0,Poor,0.9284,94.17,47.09,0.0728,0.01789504750251536,0.01868677168867868,0.957008
17,84,7,2,1,1,Poor,0.8954,77.23,38.61,0.1088,0.026161897167314263,0.022535898833156126,0.924001
17,84,7,2,1,1,Poor,0.8954,77.23,38.61,0.1088,0.026161897167314263,0.022535898833156126,0.923003
13,44,6,1,0,0,Excellent,0.9878,9.48,4.74,0.0078,0.0030498676276259074,0.0029830626468611418,0.97718
13,44,6,1,0,0,Excellent,0.9878,9.48,4.74,0.0078,0.0030498676276259074,0.0029830626468611418,0.978036
17,77,8,1,0,0,Good,0.9896,19.74,9.87,0.012,0.0026085106330842045,0.004066108004262732,0.926846
17,77,8,1,0,0,Good,0.9896,19.74,9.87,0.012,0.0026085106330842045,0.004066108004262732,0.918321
18,76,8,3,3,3,Average,0.9271,48.06,24.03,0.0697,0.018231139130979457,0.008892409061939686,0.912924
18,76,8,3,3,3,Average,0.9271,48.06,24.03,0.0697,0.018231139130979457,0.008892409061939686,0.921056
17,83,6,1,1,1,Excellent,0.9972,8.52,4.26,0.0035,0.001,0.00128420458083017,0.982214
17,83,6,1,1,1,Excellent,0.9972,8.52,4.26,0.0035,0.001,0.00128420458083017,0.987141
21,80,5,2,1,1,Average,0.964,25.27,12.63,0.0315,0.008989217469997812,0.011813302291560706,0.985953
21,80,5,2,1,1,Average,0.964,25.27,12.63,0.0315,0.008989217469997812,0.011813302291560706,0.981915
21,46,4,2,2,2,Excellent,0.9969,6.66,3.33,0.0061,0.001,0.001681518088533545,0.997402
21,46,4,2,2,2,Excellent,0.9969,6.66,3.33,0.0061,0.001,0.001681518088533545,0.997182
6,17,4,1,0,0,Good,0.9744,15.87,7.93,0.0283,0.00640020449035586,0.006385923550316539,0.992525
6,17,4,1,0,0,Good,0.9744,15.87,7.93,0.0283,0.00640020449035586,0.006385923550316539,0.990273
8,27,6,2,2,2,Average,0.9444,41.14,20.57,0.0565,0.013906353870059368,0.009692488569126436,0.96401
8,27,6,2,2,2,Average,0.9444,41.14,20.57,0.0565,0.013906353870059368,0.009692488569126436,0.969288
10,42,6,1,1,1,Good,0.9827,17.32,8.66,0.0187,0.004336176936012209,0.004948800076519854,0.985888
10,42,6,1,1,1,Good,0.9827,17.32,8.66,0.0187,0.004336176936012209,0.004948800076519854,0.982557
11,45,6,1,0,0,Average,0.9432,26.7,13.35,0.0536,0.014201122482855488,0.009454585834383664,0.976923
11,45,6,1,0,0,Average,0.9432,26.7,13.35,0.0536,0.014201122482855488,0.009454585834383664,0.976387
18,106,8,2,1,1,Excellent,0.9999,5.91,2.96,0.0032,0.001,0.002222762304855812,0.921941
18,106,8,2,1,1,Excellent,0.9999,5.91,2.96,0.0032,0.001,0.002222762304855812,0.94102
9,46,8,3,0,0,Poor,0.8678,57.03,28.52,0.1296,0.033061876749166164,0.029735694824105353,0.923149
9,46,8,3,0,0,Poor,0.8678,57.03,28.52,0.1296,0.033061876749166164,0.029735694824105353,0.935253
17,37,4,2,1,1,Average,0.9367,43.61,21.81,0.0588,0.01583376723563648,0.010505761130606204,0.985912
17,37,4,2,1,1,Average,0.9367,43.61,21.81,0.0588,0.01583376723563648,0.010505761130606204,0.982107
11,70,7,1,0,0,Poor,0.9002,74.65,37.33,0.1003,0.024959191576289036,0.016521428394556822,0.963047
11,70,7,1,0,0,Poor,0.9002,74.65,37.33,0.1003,0.024959191576289036,0.016521428394556822,0.949039
11,49,6,1,0,0,Poor,0.9284,58.05,29.02,0.076,0.01789546306204509,0.0296706228434784,0.96077
11,49,6,1,0,0,Poor,0.9284,58.05,29.02,0.076,0.01789546306204509,0.0296706228434784,0.962031
21,66,6,2,1,1,Excellent,0.9945,7.16,3.58,0.0065,0.001365793874026161,0.001868400769786593,0.985856
21,66,6,2,1,1,Excellent,0.9945,7.16,3.58,0.0065,0.001365793874026161,0.001868400769786593,0.978906
19,64,5,2,0,0,Average,0.9541,39.82,19.91,0.0419,0.011484216673310038,0.010143217716918576,0.991058
19,64,5,2,0,0,Average,0.9541,39.82,19.91,0.0419,0.011484216673310038,0.010143217716918576,0.989049
21,101,6,3,1,1,Good,0.9872,10.97,5.48,0.0141,0.003189288266931739,0.006908230783997062,0.974957
21,101,6,3,1,1,Good,0.9872,10.97,5.48,0.0141,0.003189288266931739,0.006908230783997062,0.980816
9,41,7,4,1,1,Average,0.9551,43.55,21.77,0.0488,0.011222250820982216,0.00912003517694097,0.943807
9,41,7,4,1,1,Average,0.9551,43.55,21.77,0.0488,0.011222250820982216,0.00912003517694097,0.959805
18,91,8,2,2,2,Good,0.9792,13.71,6.86,0.0176,0.005190768582616523,0.003178467698791503,0.916334
18,91,8,2,2,2,Good,0.9792,13.71,6.86,0.0176,0.005190768582616523,0.003178467698791503,0.916447
20,136,7,1,1,1,Average,0.9549,26.79,13.39,0.0407,0.011281521508579223,0.013017881136922297,0.957562
20,136,7,1,1,1,Average,0.9549,26.79,13.39,0.0407,0.011281521508579223,0.013017881136922297,0.960734
19,77,6,1,1,1,Good,0.9764,15.54,7.77,0.0268,0.005907972794987837,0.004674528299737802,0.982618
19,77,6,1,1,1,Good,0.9764,15.54,7.77,0.0268,0.005907972794987837,0.004674528299737802,0.981146
21,97,8,2,1,1,Good,0.9924,14.76,7.38,0.0116,0.001887832245522525,0.0058572227965214396,0.904876
21,97,8,2,1,1,Good,0.9924,14.76,7.38,0.0116,0.001887832245522525,0.0058572227965214396,0.907426
20,49,4,1,1,1,Good,0.9838,19.49,9.75,0.0133,0.004056098538187697,0.003770904336160004,0.989656
20,49,4,1,1,1,Good,0.9838,19.49,9.75,0.0133,0.004056098538187697,0.003770904336160004,0.994759
19,41,4,1,0,0,Excellent,1.0006,9.94,4.97,0.0044,0.001,0.0022544524244647954,0.997269
19,41,4,1,0,0,Excellent,1.0006,9.94,4.97,0.0044,0.001,0.0022544524244647954,0.996543
14,72,8,1,1,1,Average,0.9291,47.32,23.66,0.0666,0.01772420948636433,0.010104793224118006,0.91747
14,72,8,1,1,1,Average,0.9291,47.32,23.66,0.0666,0.01772420948636433,0.010104793224118006,0.904126
20,65,6,2,1,1,Excellent,0.994,8.93,4.47,0.0062,0.0015012397953474976,0.0018391876684504573,0.979963
20,65,6,2,1,1,Excellent,0.994,8.93,4.47,0.0062,0.0015012397953474976,0.0018391876684504573,0.975327
10,40,7,2,2,2,Good,0.983,15.67,7.83,0.0217,0.0042513062726166895,0.0034008159913101244,0.980916
10,40,7,2,2,2,Good,0.983,15.67,7.83,0.0217,0.0042513062726166895,0.0034008159913101244,0.977939
9,26,4,1,1,1,Average,0.9386,46.02,23.01,0.0652,0.015356623939510178,0.00911309304136297,0.876159
9,26,4,1,1,1,Average,0.9386,46.02,23.01,0.0652,0.015356623939510178,0.00911309304136297,0.872758
11,28,4,1,0,0,Average,0.9471,32.09,16.04,0.0547,0.013230412727984808,0.010213759186195286,0.994351
11,28,4,1,0,0,Average,0.9471,32.09,16.04,0.0547,0.013230412727984808,0.010213759186195286,0.997945
16,71,7,1,1,1,Good,0.9782,10.49,5.25,0.0195,0.005454630068403465,0.0044897627836535245,0.961964
16,71,7,1,1,1,Good,0.9782,10.49,5.25,0.0195,0.005454630068403465,0.0044897627836535245,0.954998
15,51,6,1,0,0,Average,0.9523,28.41,14.21,0.0497,0.011925735021905748,0.00778573912218193,0.985032
15,51,6,1,0,0,Average,0.9523,28.41,14.21,0.0497,0.011925735021905748,0.00778573912218193,0.983178
20,66,6,2,1,1,Average,0.9548,28.08,14.04,0.0467,0.011303840248484742,0.008503485527140892,0.980688
20,66,6,2,1,1,Average,0.9548,28.08,14.04,0.0467,0.011303840248484742,0.008503485527140892,0.984203
19,46,5,2,1,1,Poor,0.8638,87.97,43.99,0.1394,0.03404123593000838,0.02272904553914335,0.957956
19,46,5,2,1,1,Poor,0.8638,87.97,43.99,0.1394,0.03404123593000838,0.02272904553914335,0.955278
18,57,6,4,4,4,Good,0.9802,17.81,8.9,0.0205,0.0049497503364406,0.0036949494240511487,0.975403
18,57,6,4,4,4,Good,0.9802,17.81,8.9,0.0205,0.0049497503364406,0.0036949494240511487,0.977936
7,26,5,1,1,1,Good,0.9876,10.33,5.17,0.011,0.0031018587040049783,0.0037964390895956004,0.991055
7,26,5,1,1,1,Good,0.9876,10.33,5.17,0.011,0.0031018587040049783,0.0037964390895956004,0.995723
20,91,6,2,2,2,Poor,0.9154,81.77,40.89,0.0799,0.021151049196859006,0.02058700142302961,0.950438
20,91,6,2,2,2,Poor,0.9154,81.77,40.89,0.0799,0.021151049196859006,0.02058700142302961,0.948217
21,71,5,3,3,3,Average,0.9341,30.33,15.16,0.0635,0.016479887884650518,0.013646961610844763,0.978788
21,71,5,3,3,3,Average,0.9341,30.33,15.16,0.0635,0.016479887884650518,0.013646961610844763,0.988512
18,40,4,3,3,3,Excellent,0.9989,5.81,2.91,0.0057,0.001,0.0027142223748766047,0.996716
18,40,4,3,3,3,Excellent,0.9989,5.81,2.91,0.0057,0.001,0.0027142223748766047,0.994051
12,41,5,2,2,2,Average,0.9531,39.55,19.77,0.0505,0.011721237512303612,0.014737106845830246,0.984107
12,41,5,2,2,2,Average,0.9531,39.55,19.77,0.0505,0.011721237512303612,0.014737106845830246,0.977401
14,65,5,1,0,0,Average,0.9394,41.38,20.69,0.0584,0.015155235568939773,0.014163863800554004,0.98907
14,65,5,1,0,0,Average,0.9394,41.38,20.69,0.0584,0.015155235568939773,0.014163863800554004,0.992795
20,72,6,3,3,3,Average,0.9581,26.55,13.27,0.0421,0.01046985616692292,0.011988848769495042,0.979807
20,72,6,3,3,3,Average,0.9581,26.55,13.27,0.0421,0.01046985616692292,0.011988848769495042,0.978911
9,42,8,2,2,2,Excellent,0.9968,7.56,3.78,0.0066,0.001,0.001748459526322143,0.942916
9,42,8,2,2,2,Excellent,0.9968,7.56,3.78,0.0066,0.001,0.001748459526322143,0.95444
8,53,7,1,1,1,Average,0.948,49.65,24.83,0.0556,0.013002218455516995,0.009089175263411974,0.975381
8,53,7,1,1,1,Average,0.948,49.65,24.83,0.0556,0.013002218455516995,0.009089175263411974,0.96967
12,42,6,2,0,0,Good,0.9808,15.17,7.59,0.0148,0.004809573702401371,0.006429261440109127,0.971512
12,42,6,2,0,0,Good,0.9808,15.17,7.59,0.0148,0.004809573702401371,0.006429261440109127,0.964595
18,78,8,3,2,2,Average,0.9427,40.42,20.21,0.0589,0.014324330549770004,0.014979752796626368,0.881789
18,78,8,3,2,2,Average,0.9427,40.42,20.21,0.0589,0.014324330549770004,0.014979752796626368,0.889351
19,60,6,4,2,2,Poor,0.9293,69.41,34.71,0.0728,0.01768620769808879,0.023580636510552616,0.974257
19,60,6,4,2,2,Poor,0.9293,69.41,34.71,0.0728,0.01768620769808879,0.023580636510552616,0.965009
15,51,6,1,1,1,Good,0.9693,18.41,9.2,0.0275,0.007679634277200531,0.0033904122552508376,0.974929
15,51,6,1,1,1,Good,0.9693,18.41,9.2,0.0275,0.007679634277200531,0.0033904122552508376,0.980131
17,55,5,2,1,1,Good,0.9867,17.44,8.72,0.0161,0.0033152002646420486,0.004325268547883106,0.990961
17,55,5,2,1,1,Good,0.9867,17.44,8.72,0.0161,0.0033152002646420486,0.004325268547883106,0.994388
15,52,6,3,3,3,Poor,0.896,92.56,46.28,0.1076,0.025994747929182244,0.023753619296138707,0.943199
15,52,6,3,3,3,Poor,0.896,92.56,46.28,0.1076,0.025994747929182244,0.023753619296138707,0.950594
15,82,7,4,2,2,Poor,0.858,52.7,26.35,0.1383,0.03549138226013404,0.01800444886192715,0.913626
15,82,7,4,2,2,Poor,0.858,52.7,26.35,0.1383,0.03549138226013404,0.01800444886192715,0.914918
20,73,7,1,0,0,Good,0.9785,13.16,6.58,0.0243,0.0053809893369656525,0.00495032338299243,0.965013
20,73,7,1,0,0,Good,0.9785,13.16,6.58,0.0243,0.0053809893369656525,0.00495032338299243,0.967762
16,64,5,1,0,0,Excellent,0.9999,5.02,2.51,0.0027,0.001,0.0013372115131658154,0.99028
16,64,5,1,0,0,Excellent,0.9999,5.02,2.51,0.0027,0.001,0.0013372115131658154,0.992238
21,86,5,1,0,0,Excellent,0.995,5.65,2.82,0.0043,0.001260754228198796,0.0018580508972008203,0.99032
21,86,5,1,0,0,Excellent,0.995,5.65,2.82,0.0043,0.001260754228198796,0.0018580508972008203,0.989881
12,88,8,1,1,1,Average,0.9369,48.5,24.25,0.0657,0.0157779445770313,0.011248270284567874,0.933205
12,88,8,1,1,1,Average,0.9369,48.5,24.25,0.0657,0.0157779445770313,0.011248270284567874,0.930907
9,30,5,1,1,1,Poor,0.9012,75.17,37.58,0.0945,0.024709084285652605,0.015685775276072574,0.978696
9,30,5,1,1,1,Poor,0.9012,75.17,37.58,0.0945,0.024709084285652605,0.015685775276072574,0.980756
20,64,6,2,2,2,Average,0.9389,33.01,16.5,0.0575,0.015283327971383126,0.014969111317478644,0.977862
20,64,6,2,2,2,Average,0.9389,33.01,16.5,0.0575,0.015283327971383126,0.014969111317478644,0.983092
17,90,7,3,1,1,Good,0.975,11.65,5.82,0.0281,0.006254450388867766,0.003076498932493278,0.960823
17,90,7,3,1,1,Good,0.975,11.65,5.82,0.0281,0.006254450388867766,0.003076498932493278,0.95521
17,36,4,1,0,0,Excellent,0.9963,6.88,3.44,0.0064,0.001,0.002246269554623767,0.994514
17,36,4,1,0,0,Excellent,0.9963,6.88,3.44,0.0064,0.001,0.002246269554623767,0.996098
20,87,7,2,1,1,Poor,0.9118,56.18,28.09,0.0902,0.022050095324256364,0.018082423734872642,0.885981
20,87,7,2,1,1,Poor,0.9118,56.18,28.09,0.0902,0.022050095324256364,0.018082423734872642,0.898537
15,39,4,1,0,0,Poor,0.8747,83.08,41.54,0.123,0.03132471644393495,0.024084515053860063,0.993912
15,39,4,1,0,0,Poor,0.8747,83.08,41.54,0.123,0.03132471644393495,0.024084515053860063,0.99426
19,51,5,1,0,0,Excellent,0.9917,7.56,3.78,0.0062,0.0020874779672123978,0.00256952013233697,0.991176
19,51,5,1,0,0,Excellent,0.9917,7.56,3.78,0.0062,0.0020874779672123978,0.00256952013233697,0.99015
12,66,7,2,1,1,Good,0.9781,17.78,8.89,0.0266,0.00547469479673765,0.00443168734620323,0.967162
12,66,7,2,1,1,Good,0.9781,17.78,8.89,0.0266,0.00547469479673765,0.00443168734620323,0.965146
15,65,7,3,2,2,Good,0.9771,10.39,5.2,0.0199,0.005712538606161416,0.00673249737860751,0.942559
15,65,7,3,2,2,Good,0.9771,10.39,5.2,0.0199,0.005712538606161416,0.00673249737860751,0.956094
9,23,4,1,1,1,Poor,0.9229,57.46,28.73,0.0772,0.019272390104106835,0.02585345425347718,0.994739
9,23,4,1,1,1,Poor,0.9229,57.46,28.73,0.0772,0.019272390104106835,0.02585345425347718,0.991008
14,47,4,1,0,0,Good,0.9681,14.57,7.28,0.0295,0.007976142207677783,0.0032003207832517894,0.99764
14,47,4,1,0,0,Good,0.9681,14.57,7.28,0.0295,0.007976142207677783,0.0032003207832517894,0.995515
17,72,6,2,1,1,Average,0.9689,32.78,16.39,0.0346,0.007780895784903125,0.014122336092346255,0.971947
17,72,6,2,1,1,Average,0.9689,32.78,16.39,0.0346,0.007780895784903125,0.014122336092346255,0.974132
10,29,4,2,2,2,Good,0.9767,13.29,6.64,0.0279,0.005834915195659207,0.004073237594320641,0.995261
10,29,4,2,2,2,Good,0.9767,13.29,6.64,0.0279,0.005834915195659207,0.004073237594320641,0.991205
17,47,4,1,0,0,Average,0.9586,25.49,12.74,0.046,0.010352000317433163,0.009174664726001522,0.995788
17,47,4,1,0,0,Average,0.9586,25.49,12.74,0.046,0.010352000317433163,0.009174664726001522,0.996575
21,113,7,2,0,0,Poor,0.8624,82.44,41.22,0.1338,0.034405549749764036,0.025442548102856923,0.947904
21,113,7,2,0,0,Poor,0.8624,82.44,41.22,0.1338,0.034405549749764036,0.025442548102856923,0.948846
20,86,8,1,1,1,Good,0.9755,16.11,8.06,0.0256,0.006117425424761708,0.006450303098096374,0.944462
20,86,8,1,1,1,Good,0.9755,16.11,8.06,0.0256,0.006117425424761708,0.006450303098096374,0.939256
21,60,5,3,2,2,Poor,0.8926,55.65,27.82,0.1029,0.0268607544612543,0.018924193008427348,0.956546
21,60,5,3,2,2,Poor,0.8926,55.65,27.82,0.1029,0.0268607544612543,0.018924193008427348,0.956977
6,21,6,1,1,1,Good,0.975,19.78,9.89,0.0234,0.006253470186650539,0.005092412700898696,0.987054
6,21,6,1,1,1,Good,0.975,19.78,9.89,0.0234,0.006253470186650539,0.005092412700898696,0.989022
13,48,7,1,1,1,Poor,0.8747,67.29,33.64,0.1241,0.03131371982363204,0.02758549531844681,0.936927
13,48,7,1,1,1,Poor,0.8747,67.29,33.64,0.1241,0.03131371982363204,0.02758549531844681,0.952417
11,24,4,2,1,1,Poor,0.8562,92.59,46.3,0.1396,0.03595114958606288,0.022374719417166018,0.869402
11,24,4,2,1,1,Poor,0.8562,92.59,46.3,0.1396,0.03595114958606288,0.022374719417166018,0.876115
18,83,8,2,1,1,Poor,0.9231,90.86,45.43,0.0763,0.019216139723947173,0.02359552395881324,0.887806
18,83,8,2,1,1,Poor,0.9231,90.86,45.43,0.0763,0.019216139723947173,0.02359552395881324,0.870376
21,47,4,2,0,0,Poor,0.854,65.8,32.9,0.1485,0.03650031736727086,0.015266536932734024,0.945092
21,47,4,2,0,0,Poor,0.854,65.8,32.9,0.1485,0.03650031736727086,0.015266536932734024,0.953016
7,29,6,1,0,0,Good,0.986,18.44,9.22,0.0166,0.0034913221281123175,0.005399804606233051,0.984807
7,29,6,1,0,0,Good,0.986,18.44,9.22,0.0166,0.0034913221281123175,0.005399804606233051,0.992331
20,66,6,3,1,1,Excellent,0.9884,5.49,2.74,0.0066,0.0028917832650317,0.0017102779571694714,0.983392
20,66,6,3,1,1,Excellent,0.9884,5.49,2.74,0.0066,0.0028917832650317,0.0017102779571694714,0.986745
21,54,5,2,2,2,Good,0.9742,18.22,9.11,0.0249,0.006439527558836283,0.00401715724500572,0.993082
21,54,5,2,2,2,Good,0.9742,18.22,9.11,0.0249,0.006439527558836283,0.00401715724500572,0.987012
20,77,5,1,0,0,Good,0.987,17.17,8.58,0.0122,0.003252652873616646,0.006706506122149243,0.992025
20,77,5,1,0,0,Good,0.987,17.17,8.58,0.0122,0.003252652873616646,0.006706506122149243,0.992793
20,80,7,3,2,2,Good,0.9923,19.64,9.82,0.0101,0.0019311533125519198,0.005212905315616974,0.960374
20,80,7,3,2,2,Good,0.9923,19.64,9.82,0.0101,0.0019311533125519198,0.005212905315616974,0.954055
21,86,7,1,0,0,Good,0.9897,16.92,8.46,0.0135,0.0025801409656667773,0.0034142158444942705,0.966043
21,86,7,1,0,0,Good,0.9897,16.92,8.46,0.0135,0.0025801409656667773,0.0034142158444942705,0.964733
16,77,8,2,1,1,Poor,0.8832,70.93,35.47,0.1187,0.029198585032763097,0.018723581836401954,0.902888
16,77,8,2,1,1,Poor,0.8832,70.93,35.47,0.1187,0.029198585032763097,0.018723581836401954,0.893459
16,81,7,2,2,2,Average,0.9638,33.59,16.79,0.0353,0.009051854628141898,0.012600114279177002,0.944026
16,81,7,2,2,2,Average,0.9638,33.59,16.79,0.0353,0.009051854628141898,0.012600114279177002,0.941115
15,73,8,2,1,1,Average,0.9339,41.36,20.68,0.0674,0.016523662563357217,0.008607112658602756,0.893192
15,73,8,2,1,1,Average,0.9339,41.36,20.68,0.0674,0.016523662563357217,0.008607112658602756,0.906024
15,72,8,3,2,2,Average,0.9668,47.64,23.82,0.0353,0.00830072617670996,0.014801435944934275,0.872881
15,72,8,3,2,2,Average,0.9668,47.64,23.82,0.0353,0.00830072617670996,0.014801435944934275,0.877658
16,71,5,2,1,1,Excellent,0.9952,8.8,4.4,0.0056,0.0011986848508889203,0.0028853473017686196,0.991861
16,71,5,2,1,1,Excellent,0.9952,8.8,4.4,0.0056,0.0011986848508889203,0.0028853473017686196,0.989824
15,72,7,1,0,0,Poor,0.8834,90.42,45.21,0.1118,0.02914141937104786,0.017179900674491932,0.92267
15,72,7,1,0,0,Poor,0.8834,90.42,45.21,0.1118,0.02914141937104786,0.017179900674491932,0.920434
12,34,4,1,1,1,Average,0.9614,42.51,21.25,0.0364,0.009642815073034522,0.009004488059665465,0.990541
12,34,4,1,1,1,Average,0.9614,42.51,21.25,0.0364,0.009642815073034522,0.009004488059665465,0.988907
7,20,5,2,2,2,Average,0.9696,44.42,22.21,0.0341,0.0076047116292437544,0.0129159398413828,0.96619
7,20,5,2,2,2,Average,0.9696,44.42,22.21,0.0341,0.0076047116292437544,0.0129159398413828,0.959793
18,53,5,1,0,0,Good,0.976,15.11,7.55,0.0259,0.005993846995942409,0.005771744300856994,0.991483
18,53,5,1,0,0,Good,0.976,15.11,7.55,0.0259,0.005993846995942409,0.005771744300856994,0.9886
18,40,4,2,0,0,Poor,0.8688,70.83,35.41,0.133,0.03279935869376971,0.02948749820352993,0.956529
18,40,4,2,0,0,Poor,0.8688,70.83,35.41,0.133,0.03279935869376971,0.02948749820352993,0.962238
20,89,8,4,3,3,Good,0.9774,19.11,9.56,0.0241,0.005654064380588936,0.0060204308208341994,0.890256
20,89,8,4,3,3,Good,0.9774,19.11,9.56,0.0241,0.005654064380588936,0.0060204308208341994,0.896902
12,52,8,3,2,2,Good,0.9883,12.94,6.47,0.0135,0.002930482363187492,0.0037479063261292946,0.950723
12,52,8,3,2,2,Good,0.9883,12.94,6.47,0.0135,0.002930482363187492,0.0037479063261292946,0.966063
9,28,5,1,0,0,Poor,0.9053,52.03,26.02,0.0923,0.023671645937910712,0.017413932746349205,0.991405
9,28,5,1,0,0,Poor,0.9053,52.03,26.02,0.0923,0.023671645937910712,0.017413932746349205,0.991789
20,68,6,1,0,0,Good,0.9724,10.4,5.2,0.0286,0.0069009403622598275,0.006094643799435552,0.985946
20,68,6,1,0,0,Good,0.9724,10.4,5.2,0.0286,0.0069009403622598275,0.006094643799435552,0.982983
15,96,8,1,1,1,Poor,0.8817,89.5,44.75,0.114,0.029571001605701697,0.025615223420917127,0.882115
15,96,8,1,1,1,Poor,0.8817,89.5,44.75,0.114,0.029571001605701697,0.025615223420917127,0.893204
11,64,8,2,1,1,Poor,0.8962,77.15,38.58,0.1023,0.02594483395133851,0.02825095108300676,0.909717
11,64,8,2,1,1,Poor,0.8962,77.15,38.58,0.1023,0.02594483395133851,0.02825095108300676,0.907827
16,87,6,1,0,0,Average,0.9332,28.81,14.4,0.068,0.016707381261142407,0.01079885750988907,0.979498
16,87,6,1,0,0,Average,0.9332,28.81,14.4,0.068,0.016707381261142407,0.01079885750988907,0.978539
17,42,4,1,0,0,Poor,0.8828,62.02,31.01,0.1214,0.029298768868455255,0.018657407458003254,0.996037
17,42,4,1,0,0,Poor,0.8828,62.02,31.01,0.1214,0.029298768868455255,0.018657407458003254,0.994782
14,48,7,3,2,2,Average,0.952,20.74,10.37,0.0507,0.011992442420003524,0.011114472496677442,0.961654
14,48,7,3,2,2,Average,0.952,20.74,10.37,0.0507,0.011992442420003524,0.011114472496677442,0.961215
7,29,7,2,2,2,Average,0.9624,46.95,23.47,0.0377,0.009390387129018185,0.014585694557187345,0.961419
7,29,7,2,2,2,Average,0.9624,46.95,23.47,0.0377,0.009390387129018185,0.014585694557187345,0.960619
20,52,4,1,0,0,Average,0.9639,21.14,10.57,0.0329,0.009037499882706607,0.009015264007931007,0.992141
20,52,4,1,0,0,Average,0.9639,21.14,10.57,0.0329,0.009037499882706607,0.009015264007931007,0.994998
19,68,6,7,2,2,Poor,0.8958,72.56,36.28,0.1024,0.026047949799286374,0.020842528008665748,0.929378
19,68,6,7,2,2,Poor,0.8958,72.56,36.28,0.1024,0.026047949799286374,0.020842528008665748,0.915561
17,36,4,1,1,1,Excellent,0.9942,6.45,3.22,0.0069,0.0014482820446574118,0.0015630348885845278,0.998595
17,36,4,1,1,1,Excellent,0.9942,6.45,3.22,0.0069,0.0014482820446574118,0.0015630348885845278,0.99587
11,40,7,5,2,2,Good,0.9852,11.36,5.68,0.0178,0.0037112512950612797,0.00518289787456329,0.953109
11,40,7,5,2,2,Good,0.9852,11.36,5.68,0.0178,0.0037112512950612797,0.00518289787456329,0.969265
15,36,5,3,1,1,Average,0.9733,48.72,24.36,0.0304,0.0066745847586361096,0.008130990929796408,0.983565
15,36,5,3,1,1,Average,0.9733,48.72,24.36,0.0304,0.0066745847586361096,0.008130990929796408,0.983183
12,48,6,1,1,1,Poor,0.8583,95.28,47.64,0.1381,0.03542303923404713,0.017759890841780746,0.960576
12,48,6,1,1,1,Poor,0.8583,95.28,47.64,0.1381,0.03542303923404713,0.017759890841780746,0.965815
14,69,8,3,1,1,Good,0.9773,11.15,5.57,0.0234,0.005686657945570883,0.003217553223710886,0.928675
14,69,8,3,1,1,Good,0.9773,11.15,5.57,0.0234,0.005686657945570883,0.003217553223710886,0.932328
9,39,6,3,2,2,Good,0.9786,17.26,8.63,0.0197,0.00535882472146193,0.0035128605863838066,0.980254
9,39,6,3,2,2,Good,0.9786,17.26,8.63,0.0197,0.00535882472146193,0.0035128605863838066,0.984742
8,28,6,2,0,0,Good,0.9822,13.18,6.59,0.019,0.004462373815426052,0.004222701957626883,0.986199
8,28,6,2,0,0,Good,0.9822,13.18,6.59,0.019,0.004462373815426052,0.004222701957626883,0.985632
10,44,8,1,1,1,Average,0.9283,44.23,22.12,0.0683,0.0179149904420301,0.009505718245874352,0.924437
10,44,8,1,1,1,Average,0.9283,44.23,22.12,0.0683,0.0179149904420301,0.009505718245874352,0.929249
19,45,5,4,3,3,Average,0.967,45.2,22.6,0.0354,0.00826062633445035,0.014023086636063692,0.988668
19,45,5,4,3,3,Average,0.967,45.2,22.6,0.0354,0.00826062633445035,0.014023086636063692,0.984777
15,76,6,1,0,0,Poor,0.917,77.58,38.79,0.0841,0.020748834052727372,0.027626894930073906,0.97208
15,76,6,1,0,0,Poor,0.917,77.58,38.79,0.0841,0.020748834052727372,0.027626894930073906,0.971637
8,27,6,1,1,1,Excellent,0.9928,9.46,4.73,0.0085,0.001794901946112204,0.0026252847996635804,0.992825
8,27,6,1,1,1,Excellent,0.9928,9.46,4.73,0.0085,0.001794901946112204,0.0026252847996635804,0.994579
14,32,4,2,1,1,Poor,0.917,82.7,41.35,0.0819,0.020741413807556813,0.02837156315581629,0.990836
14,32,4,2,1,1,Poor,0.917,82.7,41.35,0.0819,0.020741413807556813,0.02837156315581629,0.986139
15,79,8,2,1,1,Good,0.9788,14.65,7.32,0.0202,0.005310097072594666,0.0050086690786657236,0.917655
15,79,8,2,1,1,Good,0.9788,14.65,7.32,0.0202,0.005310097072594666,0.0050086690786657236,0.916421
17,107,7,1,0,0,Excellent,0.9908,6.09,3.05,0.0049,0.00231195246740043,0.0017388703708949489,0.976813
17,107,7,1,0,0,Excellent,0.9908,6.09,3.05,0.0049,0.00231195246740043,0.0017388703708949489,0.974421
12,28,4,1,0,0,Average,0.9371,31.64,15.82,0.0667,0.01572513948701576,0.007319237588679181,0.997152
12,28,4,1,0,0,Average,0.9371,31.64,15.82,0.0667,0.01572513948701576,0.007319237588679181,0.994243
9,33,6,2,1,1,Average,0.9599,45.05,22.52,0.0405,0.010022285538620612,0.0083907985315716,0.980378
9,33,6,2,1,1,Average,0.9599,45.05,22.52,0.0405,0.010022285538620612,0.0083907985315716,0.980972
17,82,7,1,1,1,Excellent,1.0003,7.58,3.79,0.0038,0.001,0.0020327435643351407,0.952026
17,82,7,1,1,1,Excellent,1.0003,7.58,3.79,0.0038,0.001,0.0020327435643351407,0.962657
17,62,6,2,0,0,Poor,0.8541,89.63,44.82,0.141,0.036476944653910576,0.028230513647828435,0.902741
17,62,6,2,0,0,Poor,0.8541,89.63,44.82,0.141,0.036476944653910576,0.028230513647828435,0.902349
14,95,8,1,0,0,Good,0.9879,11.5,5.75,0.0131,0.0030317360722859066,0.006267820302198237,0.95206
14,95,8,1,0,0,Good,0.9879,11.5,5.75,0.0131,0.0030317360722859066,0.006267820302198237,0.956342
21,93,7,4,2,2,Poor,0.9204,60.54,30.27,0.0829,0.01989151270626438,0.01533669057231437,0.940382
21,93,7,4,2,2,Poor,0.9204,60.54,30.27,0.0829,0.01989151270626438,0.01533669057231437,0.944687
11,53,8,2,2,2,Good,0.9899,16.3,8.15,0.0108,0.0025152810781212676,0.003223648016641777,0.918839
11,53,8,2,2,2,Good,0.9899,16.3,8.15,0.0108,0.0025152810781212676,0.003223648016641777,0.914502
18,81,8,4,0,0,Excellent,0.9959,9.39,4.7,0.0073,0.0010166775133142458,0.002894507737245388,0.925819
18,81,8,4,0,0,Excellent,0.9959,9.39,4.7,0.0073,0.0010166775133142458,0.002894507737245388,0.928618
20,44,5,2,1,1,Poor,0.9197,93.37,46.68,0.0836,0.020085426743033208,0.024012580716168,0.981443
20,44,5,2,1,1,Poor,0.9197,93.37,46.68,0.0836,0.020085426743033208,0.024012580716168,0.986813
16,59,5,1,0,0,Poor,0.9233,79.83,39.91,0.0755,0.019181329560522875,0.016983197976861535,0.989173
16,59,5,1,0,0,Poor,0.9233,79.83,39.91,0.0755,0.019181329560522875,0.016983197976861535,0.986752
12,35,4,1,1,1,Poor,0.8783,91.33,45.66,0.1184,0.0304166648964308,0.028524123275438115,0.976037
12,35,4,1,1,1,Poor,0.8783,91.33,45.66,0.1184,0.0304166648964308,0.028524123275438115,0.98744
7,47,8,2,1,1,Excellent,0.9974,5.47,2.73,0.0066,0.001,0.002078571972661045,0.967588
7,47,8,2,1,1,Excellent,0.9974,5.47,2.73,0.0066,0.001,0.002078571972661045,0.963033
19,61,4,1,1,1,Poor,0.9268,68.52,34.26,0.0735,0.018294224369380357,0.018442293845685753,0.991405
19,61,4,1,1,1,Poor,0.9268,68.52,34.26,0.0735,0.018294224369380357,0.018442293845685753,0.988815
18,83,7,3,1,1,Average,0.943,37.67,18.84,0.0597,0.01426009235520373,0.012573660825259734,0.928616
18,83,7,3,1,1,Average,0.943,37.67,18.84,0.0597,0.01426009235520373,0.012573660825259734,0.942091
13,70,7,1,1,1,Excellent,0.9903,6.42,3.21,0.0088,0.0024202990212650044,0.0013780420274357415,0.95895
13,70,7,1,1,1,Excellent,0.9903,6.42,3.21,0.0088,0.0024202990212650044,0.0013780420274357415,0.968118
19,79,6,1,0,0,Average,0.9538,23.2,11.6,0.047,0.011547290428591345,0.009090423158107812,0.968994
19,79,6,1,0,0,Average,0.9538,23.2,11.6,0.047,0.011547290428591345,0.009090423158107812,0.97227
19,100,8,1,1,1,Average,0.9293,38.36,19.18,0.0697,0.017674351371218477,0.008629549289538154,0.885546
19,100,8,1,1,1,Average,0.9293,38.36,19.18,0.0697,0.017674351371218477,0.008629549289538154,0.910427
21,112,8,1,0,0,Good,0.9764,13.7,6.85,0.0211,0.005890112667884889,0.004226612346698378,0.920423
21,112,8,1,0,0,Good,0.9764,13.7,6.85,0.0211,0.005890112667884889,0.004226612346698378,0.902149
19,130,8,1,0,0,Excellent,0.9936,5.32,2.66,0.0022,0.0016043262698092753,0.001075510676570158,0.927159
19,130,8,1,0,0,Excellent,0.9936,5.32,2.66,0.0022,0.0016043262698092753,0.001075510676570158,0.931182
15,86,8,1,0,0,Excellent,0.9932,9.73,4.86,0.0082,0.0016998435497452002,0.0018779440970824717,0.928066
15,86,8,1,0,0,Excellent,0.9932,9.73,4.86,0.0082,0.0016998435497452002,0.0018779440970824717,0.933403
13,73,8,1,1,1,Good,0.9844,16.74,8.37,0.0172,0.003911152192917211,0.006902583603782796,0.923875
13,73,8,1,1,1,Good,0.9844,16.74,8.37,0.0172,0.003911152192917211,0.006902583603782796,0.907088
14,31,4,3,1,1,Poor,0.8992,67.66,33.83,0.1016,0.02518766192799987,0.022766140514839422,0.981078
14,31,4,3,1,1,Poor,0.8992,67.66,33.83,0.1016,0.02518766192799987,0.022766140514839422,0.991388
17,74,8,3,3,3,Average,0.96,48.9,24.45,0.0411,0.009999169966990601,0.008556201544687688,0.887852
17,74,8,3,3,3,Average,0.96,48.9,24.45,0.0411,0.009999169966990601,0.008556201544687688,0.886524
8,49,8,1,0,0,Average,0.9655,30.2,15.1,0.0347,0.008636873257440697,0.009061547093159738,0.944175
8,49,8,1,0,0,Average,0.9655,30.2,15.1,0.0347,0.008636873257440697,0.009061547093159738,0.944623
14,66,8,2,1,1,Poor,0.8876,98.3,49.15,0.1151,0.028088454094264026,0.026362099275700088,0.743729
14,66,8,2,1,1,Poor,0.8876,98.3,49.15,0.1151,0.028088454094264026,0.026362099275700088,0.760981
20,86,7,2,1,1,Excellent,0.9962,7.41,3.7,0.0026,0.001,0.0025773120372622913,0.957638
20,86,7,2,1,1,Excellent,0.9962,7.41,3.7,0.0026,0.001,0.0025773120372622913,0.959876
19,75,6,2,1,1,Average,0.9729,35.5,17.75,0.0304,0.006766789304836179,0.008986060874896621,0.975369
19,75,6,2,1,1,Average,0.9729,35.5,17.75,0.0304,0.006766789304836179,0.008986060874896621,0.977316
18,41,4,4,3,3,Average,0.9325,22.28,11.14,0.0673,0.01687257376313342,0.009828303409729369,0.994035
18,41,4,4,3,3,Average,0.9325,22.28,11.14,0.0673,0.01687257376313342,0.009828303409729369,0.983723
14,73,8,2,1,1,Good,0.9804,19.47,9.74,0.0237,0.00489071789514911,0.004995997361454733,0.910842
14,73,8,2,1,1,Good,0.9804,19.47,9.74,0.0237,0.00489071789514911,0.004995997361454733,0.922311
14,52,5,1,1,1,Good,0.9767,12.29,6.15,0.0267,0.005833865625426038,0.0044241094933746925,0.993289
14,52,5,1,1,1,Good,0.9767,12.29,6.15,0.0267,0.005833865625426038,0.0044241094933746925,0.992079
6,35,8,3,2,2,Excellent,0.9944,9.24,4.62,0.0037,0.001389449073529364,0.002796242400785704,0.967999
6,35,8,3,2,2,Excellent,0.9944,9.24,4.62,0.0037,0.001389449073529364,0.002796242400785704,0.973678
14,70,8,1,1,1,Poor,0.869,59.14,29.57,0.1311,0.03275741241961322,0.02096819246807241,0.915332
14,70,8,1,1,1,Poor,0.869,59.14,29.57,0.1311,0.03275741241961322,0.02096819246807241,0.919797
10,54,8,1,1,1,Excellent,1.0002,7.63,3.81,0.0042,0.001,0.001065125294066596,0.961034
10,54,8,1,1,1,Excellent,1.0002,7.63,3.81,0.0042,0.001,0.001065125294066596,0.971482
18,67,6,1,1,1,Good,0.9878,14.57,7.29,0.0124,0.0030563280533332238,0.0042626050618055624,0.981415
18,67,6,1,1,1,Good,0.9878,14.57,7.29,0.0124,0.0030563280533332238,0.0042626050618055624,0.971358
18,46,5,3,3,3,Excellent,0.9915,6.63,3.31,0.0061,0.0021326933181786967,0.0020971268007583775,0.991428
18,46,5,3,3,3,Excellent,0.9915,6.63,3.31,0.0061,0.0021326933181786967,0.0020971268007583775,0.989021
14,46,5,1,0,0,Poor,0.8994,97.93,48.96,0.0974,0.025152145017471594,0.021359143206164145,0.970009
14,46,5,1,0,0,Poor,0.8994,97.93,48.96,0.0974,0.025152145017471594,0.021359143206164145,0.97924
17,77,7,2,1,1,Average,0.9556,45.63,22.81,0.0412,0.011096572246989372,0.008049113331989792,0.952497
17,77,7,2,1,1,Average,0.9556,45.63,22.81,0.0412,0.011096572246989372,0.008049113331989792,0.964467
13,56,8,3,2,2,Excellent,0.9925,8.6,4.3,0.008,0.0018718688339662837,0.00271261747748976,0.93079
13,56,8,3,2,2,Excellent,0.9925,8.6,4.3,0.008,0.0018718688339662837,0.00271261747748976,0.938203
11,25,4,2,1,1,Poor,0.8538,74.98,37.49,0.1496,0.03653776061750039,0.022755104623807507,0.992851
11,25,4,2,1,1,Poor,0.8538,74.98,37.49,0.1496,0.03653776061750039,0.022755104623807507,0.989665
21,70,6,3,3,3,Average,0.9311,27.53,13.76,0.0643,0.017215746564286483,0.007791798394354771,0.971136
21,70,6,3,3,3,Average,0.9311,27.53,13.76,0.0643,0.017215746564286483,0.007791798394354771,0.969173
14,37,5,1,0,0,Poor,0.9247,91.95,45.97,0.0777,0.018814554685059603,0.01889653683017515,0.990006
14,37,5,1,0,0,Poor,0.9247,91.95,45.97,0.0777,0.018814554685059603,0.01889653683017515,0.988745
9,39,7,1,1,1,Average,0.9285,46.02,23.01,0.0685,0.01788377033258698,0.011607155659786789,0.949439
9,39,7,1,1,1,Average,0.9285,46.02,23.01,0.0685,0.01788377033258698,0.011607155659786789,0.958298
11,76,8,1,1,1,Average,0.9429,30.65,15.33,0.0569,0.014263194040712607,0.012892209318097241,0.94656
11,76,8,1,1,1,Average,0.9429,30.65,15.33,0.0569,0.014263194040712607,0.012892209318097241,0.947015
15,86,8,3,0,0,Poor,0.9151,81.59,40.79,0.0816,0.021228027926860016,0.027115757159356026,0.906427
15,86,8,3,0,0,Poor,0.9151,81.59,40.79,0.0816,0.021228027926860016,0.027115757159356026,0.913249
18,140,8,1,1,1,Excellent,0.9947,5.4,2.7,0.0034,0.0013253585605200457,0.002306026194860881,0.957494
18,140,8,1,1,1,Excellent,0.9947,5.4,2.7,0.0034,0.0013253585605200457,0.002306026194860881,0.952466
18,69,6,1,1,1,Average,0.9431,46.63,23.32,0.0612,0.014212815781832894,0.012983163987810598,0.965975
18,69,6,1,1,1,Average,0.9431,46.63,23.32,0.0612,0.014212815781832894,0.012983163987810598,0.963287
20,122,8,2,2,2,Poor,0.8579,58.37,29.18,0.1383,0.0355216371166899,0.018519407882767455,0.881133
20,122,8,2,2,2,Poor,0.8579,58.37,29.18,0.1383,0.0355216371166899,0.018519407882767455,0.880054
11,29,5,2,1,1,Poor,0.9287,55.15,27.58,0.0751,0.01782912055069885,0.023226506157274406,0.984145
11,29,5,2,1,1,Poor,0.9287,55.15,27.58,0.0751,0.01782912055069885,0.023226506157274406,0.98344
14,32,4,1,1,1,Good,0.9703,10.84,5.42,0.0286,0.007433332381054231,0.003917423821908132,0.992268
14,32,4,1,1,1,Good,0.9703,10.84,5.42,0.0286,0.007433332381054231,0.003917423821908132,0.991217
20,103,6,1,0,0,Good,0.9685,11.31,5.66,0.0268,0.007871160661914567,0.005654196541215219,0.982306
20,103,6,1,0,0,Good,0.9685,11.31,5.66,0.0268,0.007871160661914567,0.005654196541215219,0.976621
21,77,6,1,1,1,Poor,0.8845,98.75,49.37,0.1132,0.028880647158814887,0.021672673985561157,0.927745
21,77,6,1,1,1,Poor,0.8845,98.75,49.37,0.1132,0.028880647158814887,0.021672673985561157,0.900649
11,48,8,2,1,1,Poor,0.8798,81.55,40.78,0.1209,0.0300570615117135,0.02285189706531761,0.835313
11,48,8,2,1,1,Poor,0.8798,81.55,40.78,0.1209,0.0300570615117135,0.02285189706531761,0.848667
15,69,8,1,0,0,Average,0.9568,34.45,17.22,0.0391,0.010797399390059914,0.009462945483075578,0.906681
15,69,8,1,0,0,Average,0.9568,34.45,17.22,0.0391,0.010797399390059914,0.009462945483075578,0.908255
10,56,8,2,1,1,Average,0.9505,28.6,14.3,0.0514,0.012381563971027354,0.01093545323294148,0.925925
10,56,8,2,1,1,Average,0.9505,28.6,14.3,0.0514,0.012381563971027354,0.01093545323294148,0.927765
19,44,4,1,1,1,Average,0.9386,37.91,18.96,0.0619,0.015347143349335124,0.008508567834599964,0.994395
19,44,4,1,1,1,Average,0.9386,37.91,18.96,0.0619,0.015347143349335124,0.008508567834599964,0.996351
19,126,8,3,2,2,Poor,0.8743,62.49,31.25,0.1272,0.03143378266146815,0.027426402834619362,0.934463
19,126,8,3,2,2,Poor,0.8743,62.49,31.25,0.1272,0.03143378266146815,0.027426402834619362,0.934365
14,38,5,1,0,0,Average,0.9464,39.45,19.73,0.0513,0.013397387598125837,0.00850400500616324,0.986262
14,38,5,1,0,0,Average,0.9464,39.45,19.73,0.0513,0.013397387598125837,0.00850400500616324,0.986803
20,56,4,2,1,1,Poor,0.8771,63.61,31.8,0.1198,0.03073560199915107,0.015290930958704945,0.994398
20,56,4,2,1,1,Poor,0.8771,63.61,31.8,0.1198,0.03073560199915107,0.015290930958704945,0.994408
14,46,6,2,1,1,Good,0.9728,17.15,8.58,0.0245,0.006803509107347783,0.003602734774789954,0.986318
14,46,6,2,1,1,Good,0.9728,17.15,8.58,0.0245,0.006803509107347783,0.003602734774789954,0.979339
12,57,7,1,1,1,Average,0.9386,32.61,16.3,0.0614,0.015361263997850677,0.009971176651935844,0.948833
12,57,7,1,1,1,Average,0.9386,32.61,16.3,0.0614,0.015361263997850677,0.009971176651935844,0.955442
8,36,7,1,1,1,Poor,0.8558,59.08,29.54,0.1417,0.036038780899998984,0.02072366112786368,0.944965
8,36,7,1,1,1,Poor,0.8558,59.08,29.54,0.1417,0.036038780899998984,0.02072366112786368,0.939184
9,31,4,1,1,1,Good,0.968,13.85,6.92,0.0295,0.008006955592861437,0.006978141636655041,0.996148
9,31,4,1,1,1,Good,0.968,13.85,6.92,0.0295,0.008006955592861437,0.006978141636655041,0.996023
20,71,5,1,1,1,Excellent,0.9899,7.61,3.8,0.0098,0.002523225766035253,0.0023628846401157065,0.986101
20,71,5,1,1,1,Excellent,0.9899,7.61,3.8,0.0098,0.002523225766035253,0.0023628846401157065,0.986345
16,54,6,5,4,4,Good,0.9935,16.29,8.15,0.0108,0.0016173772688930499,0.005083705011670039,0.983461
16,54,6,5,4,4,Good,0.9935,16.29,8.15,0.0108,0.0016173772688930499,0.005083705011670039,0.983678
12,46,6,1,0,0,Average,0.9326,46.63,23.31,0.0645,0.01684210603485825,0.0079034276745299,0.972851
12,46,6,1,0,0,Average,0.9326,46.63,23.31,0.0645,0.01684210603485825,0.0079034276745299,0.981913
16,63,7,1,0,0,Excellent,0.9934,5.84,2.92,0.0028,0.0016411261295692647,0.002578287560389777,0.961007
16,63,7,1,0,0,Excellent,0.9934,5.84,2.92,0.0028,0.0016411261295692647,0.002578287560389777,0.966903
10,70,8,1,0,0,Average,0.9601,43.12,21.56,0.0399,0.009987424547586443,0.01248755715004473,0.924539
10,70,8,1,0,0,Average,0.9601,43.12,21.56,0.0399,0.009987424547586443,0.01248755715004473,0.932537
17,89,8,1,1,1,Poor,0.9271,86.66,43.33,0.0717,0.018232634312581902,0.02586598736808436,0.877489
17,89,8,1,1,1,Poor,0.9271,86.66,43.33,0.0717,0.018232634312581902,0.02586598736808436,0.859982
20,73,7,2,1,1,Average,0.9511,36.28,18.14,0.0496,0.012234165623271398,0.01134896435425667,0.959235
20,73,7,2,1,1,Average,0.9511,36.28,18.14,0.0496,0.012234165623271398,0.01134896435425667,0.961744
20,86,6,3,2,2,Average,0.9497,46.03,23.01,0.0539,0.012585397290128753,0.008282747272782122,0.97594
20,86,6,3,2,2,Average,0.9497,46.03,23.01,0.0539,0.012585397290128753,0.008282747272782122,0.978956
15,69,7,1,0,0,Average,0.9546,36.25,18.12,0.0482,0.011350995029599492,0.011047661863508437,0.954719
15,69,7,1,0,0,Average,0.9546,36.25,18.12,0.0482,0.011350995029599492,0.011047661863508437,0.95752
18,86,8,1,1,1,Good,0.9806,15.24,7.62,0.02,0.004859076279724706,0.005452156969402107,0.913208
18,86,8,1,1,1,Good,0.9806,15.24,7.62,0.02,0.004859076279724706,0.005452156969402107,0.910179
19,74,6,2,2,2,Average,0.9447,23.31,11.66,0.0509,0.013815305784191712,0.01368154686318633,0.968119
19,74,6,2,2,2,Average,0.9447,23.31,11.66,0.0509,0.013815305784191712,0.01368154686318633,0.955234
14,104,8,1,1,1,Excellent,0.9874,8.67,4.34,0.0083,0.0031413028083611405,0.0014318001264421157,0.959437
14,104,8,1,1,1,Excellent,0.9874,8.67,4.34,0.0083,0.0031413028083611405,0.0014318001264421157,0.951873
18,119,8,2,1,1,Good,0.9776,11.93,5.97,0.0231,0.005609313396219173,0.006790013378229674,0.914537
18,119,8,2,1,1,Good,0.9776,11.93,5.97,0.0231,0.005609313396219173,0.006790013378229674,0.919911
19,112,7,3,3,3,Excellent,0.9972,5.83,2.92,0.0018,0.001,0.001675025741123138,0.966893
19,112,7,3,3,3,Excellent,0.9972,5.83,2.92,0.0018,0.001,0.001675025741123138,0.959379
20,47,5,4,2,2,Average,0.953,47.07,23.54,0.052,0.011758687638513732,0.013758832119209738,0.969888
20,47,5,4,2,2,Average,0.953,47.07,23.54,0.052,0.011758687638513732,0.013758832119209738,0.973223
13,44,6,1,0,0,Good,0.9814,13.75,6.88,0.021,0.004639747656848381,0.004440034179736727,0.988104
13,44,6,1,0,0,Good,0.9814,13.75,6.88,0.021,0.004639747656848381,0.004440034179736727,0.985387
20,98,7,2,2,2,Poor,0.9251,50.01,25.0,0.0728,0.018732052618039563,0.015244536718458983,0.951272
20,98,7,2,2,2,Poor,0.9251,50.01,25.0,0.0728,0.018732052618039563,0.015244536718458983,0.957257
15,47,4,2,2,2,Good,0.9864,12.15,6.07,0.0163,0.003395715695274304,0.006773391624978756,0.996047
15,47,4,2,2,2,Good,0.9864,12.15,6.07,0.0163,0.003395715695274304,0.006773391624978756,0.99376
17,80,7,3,2,2,Good,0.9835,11.38,5.69,0.0173,0.004130025199230641,0.003931976594216938,0.963428
17,80,7,3,2,2,Good,0.9835,11.38,5.69,0.0173,0.004130025199230641,0.003931976594216938,0.958924
18,82,8,2,2,2,Good,0.9785,17.34,8.67,0.0245,0.005385642147936881,0.0036916099634252903,0.927607
18,82,8,2,2,2,Good,0.9785,17.34,8.67,0.0245,0.005385642147936881,0.0036916099634252903,0.932862
9,40,8,2,0,0,Average,0.9365,21.12,10.56,0.0623,0.015879546445359605,0.013240975264067811,0.90151
9,40,8,2,0,0,Average,0.9365,21.12,10.56,0.0623,0.015879546445359605,0.013240975264067811,0.916301
19,78,7,4,2,2,Excellent,0.9993,9.35,4.67,0.0023,0.001,0.002204603268633085,0.972925
19,78,7,4,2,2,Excellent,0.9993,9.35,4.67,0.0023,0.001,0.002204603268633085,0.963391
15,33,4,1,1,1,Excellent,0.9926,6.6,3.3,0.0056,0.0018452031658436618,0.0023955373051881366,0.992984
15,33,4,1,1,1,Excellent,0.9926,6.6,3.3,0.0056,0.0018452031658436618,0.0023955373051881366,0.996235
7,19,5,2,1,1,Poor,0.8705,98.55,49.28,0.1302,0.032368666925585404,0.016351244288170967,0.979977
7,19,5,2,1,1,Poor,0.8705,98.55,49.28,0.1302,0.032368666925585404,0.016351244288170967,0.982646
18,87,8,3,2,2,Average,0.9527,22.55,11.28,0.0501,0.011833668314667284,0.008043001399161392,0.909112
18,87,8,3,2,2,Average,0.9527,22.55,11.28,0.0501,0.011833668314667284,0.008043001399161392,0.921249
12,70,8,1,0,0,Poor,0.8849,69.77,34.88,0.1157,0.028773694633558333,0.02995618150409323,0.845341
12,70,8,1,0,0,Poor,0.8849,69.77,34.88,0.1157,0.028773694633558333,0.02995618150409323,0.872919
13,56,8,1,0,0,Good,0.9727,10.72,5.36,0.0255,0.006825330391067891,0.0066965523235803315,0.936313
13,56,8,1,0,0,Good,0.9727,10.72,5.36,0.0255,0.006825330391067891,0.0066965523235803315,0.937392
19,63,7,2,0,0,Average,0.9581,30.45,15.22,0.0428,0.010472690755924025,0.007193654642682152,0.95596
19,63,7,2,0,0,Average,0.9581,30.45,15.22,0.0428,0.010472690755924025,0.007193654642682152,0.952585
20,80,6,2,0,0,Good,0.9689,14.4,7.2,0.0285,0.007787342042413714,0.005741436909849071,0.978567
20,80,6,2,0,0,Good,0.9689,14.4,7.2,0.0285,0.007787342042413714,0.005741436909849071,0.98398
7,17,4,2,0,0,Good,0.9752,19.49,9.74,0.0285,0.006211767596433132,0.006280535825719985,0.995325
7,17,4,2,0,0,Good,0.9752,19.49,9.74,0.0285,0.006211767596433132,0.006280535825719985,0.995756
16,45,4,1,1,1,Excellent,0.9936,6.53,3.26,0.0047,0.001598283961671193,0.002480025970012031,0.995337
16,45,4,1,1,1,Excellent,0.9936,6.53,3.26,0.0047,0.001598283961671193,0.002480025970012031,0.995174
14,88,8,1,0,0,Poor,0.8526,81.15,40.58,0.1494,0.03685836470559284,0.02502390872892609,0.908756
14,88,8,1,0,0,Poor,0.8526,81.15,40.58,0.1494,0.03685836470559284,0.02502390872892609,0.915395
11,37,6,2,2,2,Excellent,0.9933,6.42,3.21,0.0079,0.001678059295290052,0.001106170497312558,0.984025
11,37,6,2,2,2,Excellent,0.9933,6.42,3.21,0.0079,0.001678059295290052,0.001106170497312558,0.982283
9,36,6,2,0,0,Excellent,0.99,6.46,3.23,0.0088,0.0024921977225363656,0.0029595857021317063,0.992207
9,36,6,2,0,0,Excellent,0.99,6.46,3.23,0.0088,0.0024921977225363656,0.0029595857021317063,0.989192
9,44,8,1,0,0,Average,0.942,34.54,17.27,0.0539,0.014501012413572989,0.008591001600065876,0.933552
9,44,8,1,0,0,Average,0.942,34.54,17.27,0.0539,0.014501012413572989,0.008591001600065876,0.922138
13,31,4,1,1,1,Average,0.9508,30.01,15.0,0.0457,0.01229148505179567,0.009774239223260364,0.993866
13,31,4,1,1,1,Average,0.9508,30.01,15.0,0.0457,0.01229148505179567,0.009774239223260364,0.990773
17,60,6,1,0,0,Average,0.9309,27.09,13.54,0.0691,0.017279314019502584,0.013495142880797964,0.949394
17,60,6,1,0,0,Average,0.9309,27.09,13.54,0.0691,0.017279314019502584,0.013495142880797964,0.954388
18,63,6,1,1,1,Excellent,0.9878,9.72,4.86,0.0095,0.00305883430183837,0.001683572305696835,0.974712
18,63,6,1,1,1,Excellent,0.9878,9.72,4.86,0.0095,0.00305883430183837,0.001683572305696835,0.98525
18,39,4,1,1,1,Good,0.9778,14.17,7.09,0.0215,0.005548330272267782,0.004249531057767134,0.996108
18,39,4,1,1,1,Good,0.9778,14.17,7.09,0.0215,0.005548330272267782,0.004249531057767134,0.9959
16,80,8,2,1,1,Poor,0.9098,77.11,38.56,0.0865,0.022538704176223834,0.023120307402765224,0.873783
16,80,8,2,1,1,Poor,0.9098,77.11,38.56,0.0865,0.022538704176223834,0.023120307402765224,0.884562
10,25,5,1,1,1,Average,0.9381,40.66,20.33,0.0659,0.015462524908780473,0.010440514385443078,0.971109
10,25,5,1,1,1,Average,0.9381,40.66,20.33,0.0659,0.015462524908780473,0.010440514385443078,0.975135
11,46,5,1,1,1,Average,0.9509,22.03,11.02,0.0513,0.012281014205441226,0.008473081726884699,0.9862
11,46,5,1,1,1,Average,0.9509,22.03,11.02,0.0513,0.012281014205441226,0.008473081726884699,0.99134
19,81,6,1,1,1,Poor,0.8736,65.17,32.58,0.1296,0.031607948310226536,0.024552710980167612,0.915442
19,81,6,1,1,1,Poor,0.8736,65.17,32.58,0.1296,0.031607948310226536,0.024552710980167612,0.934133
10,44,6,1,0,0,Good,0.9889,11.07,5.53,0.0137,0.0027676137735404283,0.005447926390676096,0.983336
10,44,6,1,0,0,Good,0.9889,11.07,5.53,0.0137,0.0027676137735404283,0.005447926390676096,0.976355
13,54,6,1,1,1,Good,0.9853,12.31,6.15,0.0105,0.003681733888208527,0.006119304999011821,0.982605
13,54,6,1,1,1,Good,0.9853,12.31,6.15,0.0105,0.003681733888208527,0.006119304999011821,0.982977
21,51,5,5,2,2,Average,0.9542,25.52,12.76,0.0455,0.01143998557381834,0.008310291003779162,0.988193
21,51,5,5,2,2,Average,0.9542,25.52,12.76,0.0455,0.01143998557381834,0.008310291003779162,0.986182
7,23,5,1,1,1,Poor,0.9265,88.23,44.11,0.0712,0.018375638452419685,0.021195660332875794,0.967514
7,23,5,1,1,1,Poor,0.9265,88.23,44.11,0.0712,0.018375638452419685,0.021195660332875794,0.979182
21,93,7,2,0,0,Average,0.9338,46.0,23.0,0.0655,0.016556979950187123,0.013209717753042357,0.959292
21,93,7,2,0,0,Average,0.9338,46.0,23.0,0.0655,0.016556979950187123,0.013209717753042357,0.95092
18,113,8,1,1,1,Average,0.9332,31.82,15.91,0.0676,0.016711555204839745,0.011289275081469447,0.911563
18,113,8,1,1,1,Average,0.9332,31.82,15.91,0.0676,0.016711555204839745,0.011289275081469447,0.921765
20,101,7,2,0,0,Excellent,0.9979,9.39,4.69,0.0025,0.001,0.002967661287414582,0.965233
20,101,7,2,0,0,Excellent,0.9979,9.39,4.69,0.0025,0.001,0.002967661287414582,0.963851
7,37,8,1,1,1,Good,0.9801,12.91,6.46,0.018,0.0049788140877172204,0.0063104840304230025,0.931039
7,37,8,1,1,1,Good,0.9801,12.91,6.46,0.018,0.0049788140877172204,0.0063104840304230025,0.936677
15,50,7,5,3,3,Excellent,0.9906,8.45,4.22,0.009,0.0023502417339449078,0.0022922030158593967,0.967734
15,50,7,5,3,3,Excellent,0.9906,8.45,4.22,0.009,0.0023502417339449078,0.0022922030158593967,0.962917
19,82,7,2,1,1,Average,0.9637,33.53,16.76,0.0372,0.009062997101212,0.01270107513045042,0.960911
19,82,7,2,1,1,Average,0.9637,33.53,16.76,0.0372,0.009062997101212,0.01270107513045042,0.95632
14,30,4,1,1,1,Average,0.9367,40.75,20.38,0.0663,0.015830409073864765,0.012746997757748506,0.991844
14,30,4,1,1,1,Average,0.9367,40.75,20.38,0.0663,0.015830409073864765,0.012746997757748506,0.996463
8,24,4,1,0,0,Excellent,0.9895,8.53,4.27,0.0063,0.00262191468550127,0.002414558237553945,0.994946
8,24,4,1,0,0,Excellent,0.9895,8.53,4.27,0.0063,0.00262191468550127,0.002414558237553945,0.995117
10,41,6,2,2,2,Good,0.9885,18.69,9.34,0.0136,0.0028642151036673003,0.004678326764943069,0.983927
10,41,6,2,2,2,Good,0.9885,18.69,9.34,0.0136,0.0028642151036673003,0.004678326764943069,0.982457
20,63,6,1,0,0,Average,0.9616,38.79,19.4,0.0347,0.009596612204494592,0.00862281364223557,0.978805
20,63,6,1,0,0,Average,0.9616,38.79,19.4,0.0347,0.009596612204494592,0.00862281364223557,0.974404
21,99,7,5,2,2,Excellent,0.9922,8.04,4.02,0.0049,0.0019414823809455195,0.0023189412426309584,0.96134
21,99,7,5,2,2,Excellent,0.9922,8.04,4.02,0.0049,0.0019414823809455195,0.0023189412426309584,0.954301
19,69,7,1,0,0,Poor,0.8794,53.97,26.99,0.118,0.03014025915731519,0.023210124143747193,0.935969
19,69,7,1,0,0,Poor,0.8794,53.97,26.99,0.118,0.03014025915731519,0.023210124143747193,0.94275
7,22,5,1,1,1,Average,0.9626,29.93,14.97,0.0335,0.009354807730376141,0.014949881445065046,0.986308
7,22,5,1,1,1,Average,0.9626,29.93,14.97,0.0335,0.009354807730376141,0.014949881445065046,0.986094
15,50,5,1,1,1,Good,0.9736,19.66,9.83,0.025,0.006596202426151415,0.003143360170517155,0.994646
15,50,5,1,1,1,Good,0.9736,19.66,9.83,0.025,0.006596202426151415,0.003143360170517155,0.991578
18,66,6,3,1,1,Excellent,0.9872,8.79,4.4,0.0084,0.003195959408909793,0.0019416336884281902,0.981682
18,66,6,3,1,1,Excellent,0.9872,8.79,4.4,0.0084,0.003195959408909793,0.0019416336884281902,0.981073
12,81,8,1,0,0,Good,0.9901,16.12,8.06,0.0122,0.0024721898727749214,0.005515914396314222,0.934746
12,81,8,1,0,0,Good,0.9901,16.12,8.06,0.0122,0.0024721898727749214,0.005515914396314222,0.92448
21,79,4,1,1,1,Average,0.9337,32.81,16.41,0.0639,0.016578829600299966,0.011601141512097377,0.998317
21,79,4,1,1,1,Average,0.9337,32.81,16.41,0.0639,0.016578829600299966,0.011601141512097377,0.996567
21,58,5,2,1,1,Poor,0.9167,74.63,37.31,0.0844,0.02082463023879727,0.025628806012550895,0.983134
21,58,5,2,1,1,Poor,0.9167,74.63,37.31,0.0844,0.02082463023879727,0.025628806012550895,0.984143
9,47,7,1,1,1,Good,0.9692,18.0,9.0,0.03,0.00770983218743973,0.004335169027735294,0.955016
9,47,7,1,1,1,Good,0.9692,18.0,9.0,0.03,0.00770983218743973,0.004335169027735294,0.961015
12,52,8,1,1,1,Excellent,0.9906,8.2,4.1,0.0069,0.0023389988484127655,0.001135672126826235,0.955842
12,52,8,1,1,1,Excellent,0.9906,8.2,4.1,0.0069,0.0023389988484127655,0.001135672126826235,0.947904
16,53,6,2,2,2,Excellent,0.9956,5.57,2.78,0.0033,0.001093083910960052,0.0021378430815934143,0.978662
16,53,6,2,2,2,Excellent,0.9956,5.57,2.78,0.0033,0.001093083910960052,0.0021378430815934143,0.978425
16,44,5,1,0,0,Average,0.9506,47.67,23.83,0.0492,0.012354831599954486,0.007284466007092727,0.972061
16,44,5,1,0,0,Average,0.9506,47.67,23.83,0.0492,0.012354831599954486,0.007284466007092727,0.978504
21,68,5,1,1,1,Good,0.9725,16.27,8.14,0.0278,0.006867872771518679,0.004340438618137541,0.991043
21,68,5,1,1,1,Good,0.9725,16.27,8.14,0.0278,0.006867872771518679,0.004340438618137541,0.986303
15,65,8,3,2,2,Average,0.97,36.66,18.33,0.0307,0.007493690199173175,0.009653754341574628,0.937137
15,65,8,3,2,2,Average,0.97,36.66,18.33,0.0307,0.007493690199173175,0.009653754341574628,0.941982
14,35,5,2,1,1,Excellent,0.9966,6.7,3.35,0.0038,0.001,0.001331938975617016,0.992535
14,35,5,2,1,1,Excellent,0.9966,6.7,3.35,0.0038,0.001,0.001331938975617016,0.99603
18,91,8,2,1,1,Good,0.9752,15.95,7.98,0.0273,0.006194117930837101,0.005821064736182078,0.910138
18,91,8,2,1,1,Good,0.9752,15.95,7.98,0.0273,0.006194117930837101,0.005821064736182078,0.908647
7,29,6,1,1,1,Average,0.9475,32.42,16.21,0.0499,0.013126438728284284,0.010615250636902896,0.970254
7,29,6,1,1,1,Average,0.9475,32.42,16.21,0.0499,0.013126438728284284,0.010615250636902896,0.968554
12,45,6,2,1,1,Average,0.9504,25.25,12.63,0.045,0.012398669316656619,0.008616787309250465,0.980905
12,45,6,2,1,1,Average,0.9504,25.25,12.63,0.045,0.012398669316656619,0.008616787309250465,0.978903
20,47,4,2,1,1,Excellent,0.9875,9.0,4.5,0.009,0.0031271950585738395,0.001680231808478188,0.993483
20,47,4,2,1,1,Excellent,0.9875,9.0,4.5,0.009,0.0031271950585738395,0.001680231808478188,0.996479
15,68,7,3,1,1,Average,0.9383,24.3,12.15,0.0649,0.015412643559476968,0.014504190773734249,0.943531
15,68,7,3,1,1,Average,0.9383,24.3,12.15,0.0649,0.015412643559476968,0.014504190773734249,0.943923
8,19,4,1,1,1,Average,0.9684,34.01,17.0,0.0318,0.007909953419980242,0.01227187429342,0.992379
8,19,4,1,1,1,Average,0.9684,34.01,17.0,0.0318,0.007909953419980242,0.01227187429342,0.988219
16,61,5,1,0,0,Good,0.9827,11.93,5.96,0.0155,0.004335373217086602,0.004764462491009356,0.990493
16,61,5,1,0,0,Good,0.9827,11.93,5.96,0.0155,0.004335373217086602,0.004764462491009356,0.98956
11,34,5,2,1,1,Average,0.9323,23.43,11.72,0.0683,0.016933916136207428,0.007819002342616163,0.973354
11,34,5,2,1,1,Average,0.9323,23.43,11.72,0.0683,0.016933916136207428,0.007819002342616163,0.969739
16,91,8,1,0,0,Average,0.9397,24.25,12.12,0.0582,0.01508536772135513,0.008958600590901075,0.881532
16,91,8,1,0,0,Average,0.9397,24.25,12.12,0.0582,0.01508536772135513,0.008958600590901075,0.902026
16,73,8,1,1,1,Poor,0.9317,52.54,26.27,0.0723,0.017071622704908057,0.01575684015891629,0.915789
16,73,8,1,1,1,Poor,0.9317,52.54,26.27,0.0723,0.017071622704908057,0.01575684015891629,0.908433
11,66,7,2,2,2,Poor,0.9082,80.82,40.41,0.095,0.022955208075428557,0.025693480270922466,0.959433
11,66,7,2,2,2,Poor,0.9082,80.82,40.41,0.095,0.022955208075428557,0.025693480270922466,0.958224
20,44,4,2,2,2,Average,0.9412,40.53,20.27,0.0584,0.014688667610202516,0.008853553709235684,0.9913
20,44,4,2,2,2,Average,0.9412,40.53,20.27,0.0584,0.014688667610202516,0.008853553709235684,0.99141
10,47,5,1,1,1,Average,0.9563,47.39,23.69,0.0457,0.01092173263088142,0.012321444948335168,0.993377
10,47,5,1,1,1,Average,0.9563,47.39,23.69,0.0457,0.01092173263088142,0.012321444948335168,0.992072
20,65,6,1,0,0,Poor,0.8905,51.51,25.76,0.108,0.02737808518902296,0.021918625255573494,0.904567
20,65,6,1,0,0,Poor,0.8905,51.51,25.76,0.108,0.02737808518902296,0.021918625255573494,0.933479
15,45,5,2,1,1,Average,0.9609,38.13,19.07,0.0351,0.009766609494129413,0.013540423137800281,0.985091
15,45,5,2,1,1,Average,0.9609,38.13,19.07,0.0351,0.009766609494129413,0.013540423137800281,0.979508
8,41,8,1,1,1,Average,0.9531,35.98,17.99,0.046,0.01172455998367758,0.011966998710852328,0.937658
8,41,8,1,1,1,Average,0.9531,35.98,17.99,0.046,0.01172455998367758,0.011966998710852328,0.932567
11,71,8,1,1,1,Poor,0.9059,69.19,34.6,0.0973,0.02352949390135417,0.02386455298563262,0.921041
11,71,8,1,1,1,Poor,0.9059,69.19,34.6,0.0973,0.02352949390135417,0.02386455298563262,0.921701
21,129,8,1,0,0,Excellent,0.9959,7.96,3.98,0.0046,0.0010195518327452968,0.0026440461046280898,0.94273
21,129,8,1,0,0,Excellent,0.9959,7.96,3.98,0.0046,0.0010195518327452968,0.0026440461046280898,0.939119
8,31,7,3,3,3,Excellent,0.9972,8.43,4.21,0.006,0.001,0.001654816485856401,0.9738
8,31,7,3,3,3,Excellent,0.9972,8.43,4.21,0.006,0.001,0.001654816485856401,0.981452
6,29,8,1,1,1,Good,0.9789,16.61,8.3,0.0191,0.0052861139676073365,0.00546228866511379,0.976777
6,29,8,1,1,1,Good,0.9789,16.61,8.3,0.0191,0.0052861139676073365,0.00546228866511379,0.972573
12,63,7,1,1,1,Good,0.9844,16.82,8.41,0.0163,0.003907297566628526,0.006652817060934273,0.956863
12,63,7,1,1,1,Good,0.9844,16.82,8.41,0.0163,0.003907297566628526,0.006652817060934273,0.959305
19,82,6,3,3,3,Average,0.9478,49.71,24.85,0.0533,0.013048542887830278,0.011083391034853304,0.963009
19,82,6,3,3,3,Average,0.9478,49.71,24.85,0.0533,0.013048542887830278,0.011083391034853304,0.964962
15,42,5,1,1,1,Excellent,0.99,6.85,3.42,0.0055,0.002489394563567948,0.0024067082488541344,0.989223
15,42,5,1,1,1,Excellent,0.99,6.85,3.42,0.0055,0.002489394563567948,0.0024067082488541344,0.990803
6,28,6,2,2,2,Good,0.9794,14.32,7.16,0.0218,0.005137783614367425,0.005847094606840301,0.986532
6,28,6,2,2,2,Good,0.9794,14.32,7.16,0.0218,0.005137783614367425,0.005847094606840301,0.986898
21,71,5,1,1,1,Good,0.9866,11.88,5.94,0.0177,0.003361770181476459,0.006359850746906861,0.989622
21,71,5,1,1,1,Good,0.9866,11.88,5.94,0.0177,0.003361770181476459,0.006359850746906861,0.990754
15,55,5,1,1,1,Good,0.9837,11.34,5.67,0.0114,0.004069460484251053,0.00588535692944791,0.993845
15,55,5,1,1,1,Good,0.9837,11.34,5.67,0.0114,0.004069460484251053,0.00588535692944791,0.990587
8,25,5,2,1,1,Good,0.9812,16.42,8.21,0.0183,0.004689205695441401,0.006155713698130563,0.985188
8,25,5,2,1,1,Good,0.9812,16.42,8.21,0.0183,0.004689205695441401,0.006155713698130563,0.986789
11,66,8,1,0,0,Poor,0.8853,75.47,37.74,0.1142,0.02866588618933885,0.0203296084581771,0.902031
11,66,8,1,0,0,Poor,0.8853,75.47,37.74,0.1142,0.02866588618933885,0.0203296084581771,0.9074
6,36,8,1,0,0,Poor,0.9111,92.34,46.17,0.0889,0.022230677333246712,0.021162567204970617,0.948587
6,36,8,1,0,0,Poor,0.9111,92.34,46.17,0.0889,0.022230677333246712,0.021162567204970617,0.940605
17,81,8,2,1,1,Excellent,0.9964,9.89,4.95,0.0057,0.001,0.0012263287392298694,0.908844
17,81,8,2,1,1,Excellent,0.9964,9.89,4.95,0.0057,0.001,0.0012263287392298694,0.931299
8,42,7,1,1,1,Excellent,0.9953,6.23,3.11,0.0063,0.0011673147749393376,0.0023374342781019497,0.974159
8,42,7,1,1,1,Excellent,0.9953,6.23,3.11,0.0063,0.0011673147749393376,0.0023374342781019497,0.974909
15,109,8,2,0,0,Excellent,0.9898,9.52,4.76,0.0054,0.0025606246536533928,0.0019080695437291727,0.942407
15,109,8,2,0,0,Excellent,0.9898,9.52,4.76,0.0054,0.0025606246536533928,0.0019080695437291727,0.910747
16,90,7,2,2,2,Poor,0.8497,67.65,33.82,0.1482,0.03756866542802337,0.017512622442319194,0.943748
16,90,7,2,2,2,Poor,0.8497,67.65,33.82,0.1482,0.03756866542802337,0.017512622442319194,0.947122
15,66,8,2,1,1,Average,0.9478,21.84,10.92,0.0489,0.013058907217154359,0.007412959078330986,0.916201
15,66,8,2,1,1,Average,0.9478,21.84,10.92,0.0489,0.013058907217154359,0.007412959078330986,0.911455
21,72,6,3,3,3,Excellent,1.0021,5.63,2.82,0.0008,0.001,0.0015041019489249402,0.989179
21,72,6,3,3,3,Excellent,1.0021,5.63,2.82,0.0008,0.001,0.0015041019489249402,0.978604
14,87,8,2,0,0,Average,0.9655,45.74,22.87,0.0306,0.008613156589901,0.008396910781272143,0.91388
14,87,8,2,0,0,Average,0.9655,45.74,22.87,0.0306,0.008613156589901,0.008396910781272143,0.917448
10,61,8,2,2,2,Poor,0.9188,68.49,34.24,0.084,0.020301668036528775,0.018542938212109936,0.931529
10,61,8,2,2,2,Poor,0.9188,68.49,34.24,0.084,0.020301668036528775,0.018542938212109936,0.919705
7,22,5,1,0,0,Average,0.9323,49.52,24.76,0.0687,0.01693459610727316,0.013573790142187493,0.984177
7,22,5,1,0,0,Average,0.9323,49.52,24.76,0.0687,0.01693459610727316,0.013573790142187493,0.990713
19,107,7,1,0,0,Poor,0.8962,61.9,30.95,0.1052,0.025959763501597732,0.01816285121192307,0.937218
19,107,7,1,0,0,Poor,0.8962,61.9,30.95,0.1052,0.025959763501597732,0.01816285121192307,0.954317
18,60,7,3,2,2,Poor,0.8728,65.07,32.53,0.1297,0.03179194127514129,0.02298781248558253,0.935817
18,60,7,3,2,2,Poor,0.8728,65.07,32.53,0.1297,0.03179194127514129,0.02298781248558253,0.941278
14,71,7,2,1,1,Good,0.9792,15.3,7.65,0.0187,0.005201691092858146,0.006189236177468914,0.969769
14,71,7,2,1,1,Good,0.9792,15.3,7.65,0.0187,0.005201691092858146,0.006189236177468914,0.967166
7,34,8,2,2,2,Excellent,0.9982,9.59,4.79,0.0064,0.001,0.0018635717572344176,0.966974
7,34,8,2,2,2,Excellent,0.9982,9.59,4.79,0.0064,0.001,0.0018635717572344176,0.965626
16,54,6,4,3,3,Average,0.9676,28.01,14.01,0.0339,0.008096909680165326,0.010129230109519279,0.971156
16,54,6,4,3,3,Average,0.9676,28.01,14.01,0.0339,0.008096909680165326,0.010129230109519279,0.974804
12,40,5,4,3,3,Average,0.9284,40.33,20.17,0.0697,0.017898973900304233,0.00708462391333591,0.989522
12,40,5,4,3,3,Average,0.9284,40.33,20.17,0.0697,0.017898973900304233,0.00708462391333591,0.991975
9,21,4,2,2,2,Poor,0.8695,67.58,33.79,0.128,0.03262527285280259,0.015510626437928578,0.829973
9,21,4,2,2,2,Poor,0.8695,67.58,33.79,0.128,0.03262527285280259,0.015510626437928578,0.813182
11,46,7,3,1,1,Excellent,0.9971,8.48,4.24,0.0025,0.001,0.0028723641198234885,0.964512
11,46,7,3,1,1,Excellent,0.9971,8.48,4.24,0.0025,0.001,0.0028723641198234885,0.967684
14,58,7,1,0,0,Poor,0.8793,84.61,42.31,0.1234,0.030176285017945614,0.018860048930566687,0.906084
14,58,7,1,0,0,Poor,0.8793,84.61,42.31,0.1234,0.030176285017945614,0.018860048930566687,0.913602
14,33,4,1,1,1,Excellent,0.9923,6.91,3.46,0.0033,0.0019314902226947317,0.002911211398434652,0.993907
14,33,4,1,1,1,Excellent,0.9923,6.91,3.46,0.0033,0.0019314902226947317,0.002911211398434652,0.994497
8,33,7,1,0,0,Poor,0.9129,98.97,49.49,0.0861,0.021781796174197898,0.024682247656441177,0.926489
8,33,7,1,0,0,Poor,0.9129,98.97,49.49,0.0861,0.021781796174197898,0.024682247656441177,0.931246
14,66,7,1,0,0,Excellent,1.0016,5.17,2.59,0.0007,0.001,0.0025544743306321212,0.957499
14,66,7,1,0,0,Excellent,1.0016,5.17,2.59,0.0007,0.001,0.0025544743306321212,0.966671
18,40,4,1,1,1,Average,0.9557,24.55,12.27,0.0432,0.011069982779097348,0.00702963003607887,0.997628
18,40,4,1,1,1,Average,0.9557,24.55,12.27,0.0432,0.011069982779097348,0.00702963003607887,0.992761
21,72,7,4,2,2,Poor,0.8749,70.2,35.1,0.1282,0.031274659288341444,0.01605149528460153,0.942925
21,72,7,4,2,2,Poor,0.8749,70.2,35.1,0.1282,0.031274659288341444,0.01605149528460153,0.940084
17,53,4,2,2,2,Average,0.9553,40.46,20.23,0.046,0.011175466668303352,0.014670591094915534,0.990324
17,53,4,2,2,2,Average,0.9553,40.46,20.23,0.046,0.011175466668303352,0.014670591094915534,0.992251
17,41,4,1,1,1,Average,0.9543,22.41,11.21,0.0484,0.011430123313364654,0.012182340574450522,0.991443
17,41,4,1,1,1,Average,0.9543,22.41,11.21,0.0484,0.011430123313364654,0.012182340574450522,0.986092
12,42,7,1,1,1,Average,0.9354,40.88,20.44,0.0659,0.016138064334881103,0.009874088972002478,0.947292
12,42,7,1,1,1,Average,0.9354,40.88,20.44,0.0659,0.016138064334881103,0.009874088972002478,0.953939
20,48,4,2,2,2,Good,0.9883,11.4,5.7,0.0139,0.002916116007684655,0.005371781713917409,0.990814
20,48,4,2,2,2,Good,0.9883,11.4,5.7,0.0139,0.002916116007684655,0.005371781713917409,0.992081
18,108,7,2,1,1,Excellent,0.9936,8.96,4.48,0.0064,0.0016093087154215313,0.0029299076919890987,0.961199
18,108,7,2,1,1,Excellent,0.9936,8.96,4.48,0.0064,0.0016093087154215313,0.0029299076919890987,0.970306
16,52,4,1,1,1,Excellent,0.9994,7.03,3.51,0.0021,0.001,0.0020462392785902377,0.995251
16,52,4,1,1,1,Excellent,0.9994,7.03,3.51,0.0021,0.001,0.0020462392785902377,0.994304
13,66,8,2,1,1,Excellent,1.0001,5.18,2.59,0.0014,0.001,0.001942439271616621,0.963936
13,66,8,2,1,1,Excellent,1.0001,5.18,2.59,0.0014,0.001,0.001942439271616621,0.962248
10,28,5,1,0,0,Excellent,0.9976,5.86,2.93,0.0005,0.001,0.0025873942091657557,0.994039
10,28,5,1,0,0,Excellent,0.9976,5.86,2.93,0.0005,0.001,0.0025873942091657557,0.989299
11,52,7,1,1,1,Excellent,0.9989,9.09,4.54,0.0011,0.001,0.0025983504446689563,0.970803
11,52,7,1,1,1,Excellent,0.9989,9.09,4.54,0.0011,0.001,0.0025983504446689563,0.960797
19,58,5,2,1,1,Average,0.9325,44.35,22.17,0.0693,0.016875932934688503,0.009593879528093483,0.952565
19,58,5,2,1,1,Average,0.9325,44.35,22.17,0.0693,0.016875932934688503,0.009593879528093483,0.966566
10,50,8,3,2,2,Average,0.9409,45.09,22.55,0.0617,0.01477044699354732,0.01174468202432678,0.918404
10,50,8,3,2,2,Average,0.9409,45.09,22.55,0.0617,0.01477044699354732,0.01174468202432678,0.911535
14,31,4,1,0,0,Good,0.9853,17.58,8.79,0.0134,0.0036654359072294806,0.0036600245070058466,0.997448
14,31,4,1,0,0,Good,0.9853,17.58,8.79,0.0134,0.0036654359072294806,0.0036600245070058466,0.996821
18,85,8,4,4,4,Good,0.9753,10.16,5.08,0.0197,0.006168963427734014,0.0037176514245908544,0.91937
18,85,8,4,4,4,Good,0.9753,10.16,5.08,0.0197,0.006168963427734014,0.0037176514245908544,0.915588
14,51,5,2,2,2,Poor,0.8561,70.6,35.3,0.145,0.035985447237355944,0.015564318179667587,0.973569
14,51,5,2,2,2,Poor,0.8561,70.6,35.3,0.145,0.035985447237355944,0.015564318179667587,0.970015
21,49,5,3,1,1,Excellent,0.9907,8.14,4.07,0.0078,0.002336823658690118,0.0010091400825636147,0.989481
21,49,5,3,1,1,Excellent,0.9907,8.14,4.07,0.0078,0.002336823658690118,0.0010091400825636147,0.991089
17,106,8,2,2,2,Good,0.9746,14.64,7.32,0.0225,0.006362049468648212,0.003212276077083319,0.916236
17,106,8,2,2,2,Good,0.9746,14.64,7.32,0.0225,0.006362049468648212,0.003212276077083319,0.910415
10,36,4,1,1,1,Poor,0.9214,74.88,37.44,0.0828,0.01963850927200217,0.01581041421497548,0.994737
10,36,4,1,1,1,Poor,0.9214,74.88,37.44,0.0828,0.01963850927200217,0.01581041421497548,0.988327
19,42,5,2,0,0,Average,0.9404,30.03,15.01,0.0622,0.014905516693502124,0.0073465398612273395,0.961833
19,42,5,2,0,0,Average,0.9404,30.03,15.01,0.0622,0.014905516693502124,0.0073465398612273395,0.955452
11,24,4,1,1,1,Good,0.9765,17.85,8.93,0.0197,0.00588514426646658,0.006580316699603195,0.984159
11,24,4,1,1,1,Good,0.9765,17.85,8.93,0.0197,0.00588514426646658,0.006580316699603195,0.98503
16,71,7,2,1,1,Poor,0.8741,59.94,29.97,0.1241,0.031472838520201274,0.02668462918439502,0.857882
16,71,7,2,1,1,Poor,0.8741,59.94,29.97,0.1241,0.031472838520201274,0.02668462918439502,0.852478
13,68,7,1,1,1,Excellent,0.9991,7.35,3.68,0.0048,0.001,0.0012898825439239317,0.959204
13,68,7,1,1,1,Excellent,0.9991,7.35,3.68,0.0048,0.001,0.0012898825439239317,0.95591
20,112,8,2,2,2,Good,0.9895,13.87,6.94,0.0127,0.0026324700325974226,0.005528084467607443,0.930819
20,112,8,2,2,2,Good,0.9895,13.87,6.94,0.0127,0.0026324700325974226,0.005528084467607443,0.924572
12,39,6,2,2,2,Average,0.9379,23.82,11.91,0.0577,0.015522975996026006,0.008092011994785622,0.965816
12,39,6,2,2,2,Average,0.9379,23.82,11.91,0.0577,0.015522975996026006,0.008092011994785622,0.972481
20,89,7,2,2,2,Poor,0.9064,58.56,29.28,0.0975,0.023405497734689473,0.024054539742706875,0.917002
20,89,7,2,2,2,Poor,0.9064,58.56,29.28,0.0975,0.023405497734689473,0.024054539742706875,0.917906
11,65,8,2,2,2,Good,0.9728,10.86,5.43,0.0271,0.006811835322181492,0.006982657349599677,0.942949
11,65,8,2,2,2,Good,0.9728,10.86,5.43,0.0271,0.006811835322181492,0.006982657349599677,0.915181
21,93,8,3,3,3,Poor,0.874,63.96,31.98,0.1284,0.03150990794510178,0.018699812656026122,0.830194
21,93,8,3,3,3,Poor,0.874,63.96,31.98,0.1284,0.03150990794510178,0.018699812656026122,0.83693
6,31,8,3,1,1,Poor,0.9265,99.01,49.5,0.0732,0.018374542020200058,0.026529095862531996,0.867037
6,31,8,3,1,1,Poor,0.9265,99.01,49.5,0.0732,0.018374542020200058,0.026529095862531996,0.869265
19,50,4,1,1,1,Poor,0.8694,73.96,36.98,0.1338,0.032657121987551996,0.021786620523253645,0.997972
19,50,4,1,1,1,Poor,0.8694,73.96,36.98,0.1338,0.032657121987551996,0.021786620523253645,0.995584
8,20,5,2,1,1,Excellent,0.9931,8.47,4.23,0.0041,0.0017215289886523266,0.001716811363336301,0.992258
8,20,5,2,1,1,Excellent,0.9931,8.47,4.23,0.0041,0.0017215289886523266,0.001716811363336301,0.995773
8,23,5,2,2,2,Excellent,0.999,7.4,3.7,0.003,0.001,0.002715844222461891,0.990123
8,23,5,2,2,2,Excellent,0.999,7.4,3.7,0.003,0.001,0.002715844222461891,0.989361
6,33,8,1,1,1,Poor,0.9209,73.19,36.59,0.0811,0.01976464106865658,0.017774186073600356,0.945052
6,33,8,1,1,1,Poor,0.9209,73.19,36.59,0.0811,0.01976464106865658,0.017774186073600356,0.934343
16,66,7,5,3,3,Excellent,0.9945,6.48,3.24,0.0075,0.0013870825678798104,0.0022250024757152066,0.980298
16,66,7,5,3,3,Excellent,0.9945,6.48,3.24,0.0075,0.0013870825678798104,0.0022250024757152066,0.972246
12,72,8,2,0,0,Excellent,1.001,8.1,4.05,0.0034,0.001,0.0020294729612070654,0.932922
12,72,8,2,0,0,Excellent,1.001,8.1,4.05,0.0034,0.001,0.0020294729612070654,0.937182
20,66,6,3,1,1,Excellent,0.9988,6.83,3.41,0.0018,0.001,0.0011340118283146353,0.973315
20,66,6,3,1,1,Excellent,0.9988,6.83,3.41,0.0018,0.001,0.0011340118283146353,0.985419
10,31,5,2,1,1,Average,0.9652,27.16,13.58,0.0345,0.00868934312572281,0.014513183459775278,0.987702
10,31,5,2,1,1,Average,0.9652,27.16,13.58,0.0345,0.00868934312572281,0.014513183459775278,0.993334
16,45,5,3,1,1,Average,0.9491,46.94,23.47,0.0501,0.012728336908738341,0.0074356799759488805,0.983794
16,45,5,3,1,1,Average,0.9491,46.94,23.47,0.0501,0.012728336908738341,0.0074356799759488805,0.989921
17,65,6,2,1,1,Poor,0.8841,74.31,37.16,0.1121,0.028976878396539313,0.025647379331131034,0.944139
17,65,6,2,1,1,Poor,0.8841,74.31,37.16,0.1121,0.028976878396539313,0.025647379331131034,0.949915
15,68,8,3,2,2,Poor,0.8705,81.05,40.52,0.134,0.032384664038070055,0.02713193814956595,0.875257
15,68,8,3,2,2,Poor,0.8705,81.05,40.52,0.134,0.032384664038070055,0.02713193814956595,0.874502
14,38,5,3,1,1,Excellent,0.9988,8.49,4.24,0.005,0.001,0.00204137527871288,0.988877
14,38,5,3,1,1,Excellent,0.9988,8.49,4.24,0.005,0.001,0.00204137527871288,0.994528
15,32,4,1,1,1,Poor,0.883,98.48,49.24,0.1133,0.02924863073937345,0.020200503701731185,0.975705
15,32,4,1,1,1,Poor,0.883,98.48,49.24,0.1133,0.02924863073937345,0.020200503701731185,0.986224
6,26,7,2,0,0,Average,0.9721,25.67,12.84,0.0309,0.006965393428780997,0.013679580148902458,0.971539
6,26,7,2,0,0,Average,0.9721,25.67,12.84,0.0309,0.006965393428780997,0.013679580148902458,0.976625
16,93,7,1,0,0,Average,0.9437,34.58,17.29,0.0566,0.014083137883721786,0.011387749698475377,0.965782
16,93,7,1,0,0,Average,0.9437,34.58,17.29,0.0566,0.014083137883721786,0.011387749698475377,0.947121
10,50,8,1,1,1,Average,0.9594,25.15,12.58,0.0404,0.0101394667948638,0.014765792387017387,0.944581
10,50,8,1,1,1,Average,0.9594,25.15,12.58,0.0404,0.0101394667948638,0.014765792387017387,0.950289
10,23,4,1,0,0,Average,0.9329,28.53,14.27,0.0682,0.016765562980274124,0.00828631905983759,0.954204
10,23,4,1,0,0,Average,0.9329,28.53,14.27,0.0682,0.016765562980274124,0.00828631905983759,0.955738
15,68,8,4,3,3,Good,0.9751,19.73,9.87,0.0268,0.006214510211935476,0.005665423863961019,0.918646
15,68,8,4,3,3,Good,0.9751,19.73,9.87,0.0268,0.006214510211935476,0.005665423863961019,0.915098
11,42,5,1,0,0,Good,0.9709,11.17,5.58,0.0299,0.007282552262894398,0.004763554551017499,0.980362
11,42,5,1,0,0,Good,0.9709,11.17,5.58,0.0299,0.007282552262894398,0.004763554551017499,0.97829
11,45,6,1,0,0,Good,0.9875,15.62,7.81,0.0107,0.00313108603196377,0.004375388060448892,0.981746
11,45,6,1,0,0,Good,0.9875,15.62,7.81,0.0107,0.00313108603196377,0.004375388060448892,0.97607
20,70,6,1,1,1,Good,0.9828,15.34,7.67,0.0124,0.004295137104323221,0.006724275663477686,0.97488
20,70,6,1,1,1,Good,0.9828,15.34,7.67,0.0124,0.004295137104323221,0.006724275663477686,0.975948
20,48,5,3,3,3,Average,0.9317,24.68,12.34,0.0688,0.017086137663170298,0.011059272249417343,0.980704
20,48,5,3,3,3,Average,0.9317,24.68,12.34,0.0688,0.017086137663170298,0.011059272249417343,0.982352
21,107,6,1,0,0,Average,0.9448,49.09,24.54,0.0602,0.013806452217493798,0.012335101851647106,0.970729
21,107,6,1,0,0,Average,0.9448,49.09,24.54,0.0602,0.013806452217493798,0.012335101851647106,0.969239
20,84,8,3,2,2,Average,0.9447,40.67,20.34,0.0593,0.013815969040167408,0.008115386347651979,0.895777
20,84,8,3,2,2,Average,0.9447,40.67,20.34,0.0593,0.013815969040167408,0.008115386347651979,0.895463
9,45,8,3,1,1,Average,0.9425,20.74,10.37,0.0547,0.014374307932658759,0.009859148388652868,0.912999
9,45,8,3,1,1,Average,0.9425,20.74,10.37,0.0547,0.014374307932658759,0.009859148388652868,0.919905
13,95,8,1,1,1,Average,0.9702,25.87,12.94,0.0333,0.007462267032045722,0.012416507105324135,0.933235
13,95,8,1,1,1,Average,0.9702,25.87,12.94,0.0333,0.007462267032045722,0.012416507105324135,0.926392
21,51,5,1,0,0,Average,0.9451,38.1,19.05,0.0505,0.013725439382068078,0.012334131083551934,0.989806
21,51,5,1,0,0,Average,0.9451,38.1,19.05,0.0505,0.013725439382068078,0.012334131083551934,0.98008
10,36,7,2,0,0,Poor,0.898,68.48,34.24,0.0998,0.025494997105609735,0.020270325501421688,0.898675
10,36,7,2,0,0,Poor,0.898,68.48,34.24,0.0998,0.025494997105609735,0.020270325501421688,0.895329
8,36,7,1,1,1,Good,0.986,17.28,8.64,0.0189,0.003489608896289881,0.006214742018059026,0.987441
8,36,7,1,1,1,Good,0.986,17.28,8.64,0.0189,0.003489608896289881,0.006214742018059026,0.979356
11,49,6,2,1,1,Poor,0.9002,86.43,43.22,0.1031,0.024945096923585236,0.023969035605275406,0.969859
11,49,6,2,1,1,Poor,0.9002,86.43,43.22,0.1031,0.024945096923585236,0.023969035605275406,0.973958
16,124,8,1,0,0,Excellent,0.9929,9.67,4.83,0.0059,0.0017872662035313402,0.0010132377357700562,0.945894
16,124,8,1,0,0,Excellent,0.9929,9.67,4.83,0.0059,0.0017872662035313402,0.0010132377357700562,0.956132
19,104,6,1,0,0,Good,0.9783,15.56,7.78,0.0242,0.005413125664386148,0.003547708159663008,0.984954
19,104,6,1,0,0,Good,0.9783,15.56,7.78,0.0242,0.005413125664386148,0.003547708159663008,0.981037
15,34,4,2,1,1,Average,0.9377,34.82,17.41,0.0596,0.015587259676809767,0.013329756379273337,0.991738
15,34,4,2,1,1,Average,0.9377,34.82,17.41,0.0596,0.015587259676809767,0.013329756379273337,0.993593
14,61,5,1,0,0,Average,0.9364,48.68,24.34,0.0634,0.015911077790373318,0.012230503777618019,0.990721
14,61,5,1,0,0,Average,0.9364,48.68,24.34,0.0634,0.015911077790373318,0.012230503777618019,0.991143
19,64,6,1,0,0,Good,0.9737,14.92,7.46,0.0238,0.0065773402761878375,0.003477418654105614,0.977216
19,64,6,1,0,0,Good,0.9737,14.92,7.46,0.0238,0.0065773402761878375,0.003477418654105614,0.979806
21,75,6,2,2,2,Excellent,0.9962,7.99,4.0,0.0036,0.001,0.001872137023036866,0.974016
21,75,6,2,2,2,Excellent,0.9962,7.99,4.0,0.0036,0.001,0.001872137023036866,0.979925
21,66,6,2,0,0,Excellent,0.9878,6.87,3.43,0.0073,0.0030385304750871756,0.001519074367923248,0.978448
21,66,6,2,0,0,Excellent,0.9878,6.87,3.43,0.0073,0.0030385304750871756,0.001519074367923248,0.981707
16,54,5,2,2,2,Poor,0.9158,93.92,46.96,0.0808,0.021051675748195414,0.019090055304895725,0.983182
16,54,5,2,2,2,Poor,0.9158,93.92,46.96,0.0808,0.021051675748195414,0.019090055304895725,0.980048
12,57,8,2,1,1,Good,0.9747,17.65,8.82,0.022,0.006325972638307975,0.004290427442563865,0.937714
12,57,8,2,1,1,Good,0.9747,17.65,8.82,0.022,0.006325972638307975,0.004290427442563865,0.938176
17,44,4,1,0,0,Good,0.9784,10.13,5.06,0.0204,0.0054083182436232835,0.004939596099018887,0.990959
17,44,4,1,0,0,Good,0.9784,10.13,5.06,0.0204,0.0054083182436232835,0.004939596099018887,0.991615
11,41,6,1,1,1,Excellent,0.9983,6.09,3.04,0.005,0.001,0.0025902134760775676,0.980193
11,41,6,1,1,1,Excellent,0.9983,6.09,3.04,0.005,0.001,0.0025902134760775676,0.990192
20,76,7,2,1,1,Excellent,0.9939,5.58,2.79,0.0013,0.001534631893856303,0.0016964198248322826,0.971749
20,76,7,2,1,1,Excellent,0.9939,5.58,2.79,0.0013,0.001534631893856303,0.0016964198248322826,0.954681
15,35,5,1,1,1,Excellent,0.9951,8.72,4.36,0.0012,0.0012247060307402635,0.0023884884736293456,0.991178
15,35,5,1,1,1,Excellent,0.9951,8.72,4.36,0.0012,0.0012247060307402635,0.0023884884736293456,0.9952
12,41,5,1,0,0,Good,0.9841,19.81,9.91,0.0185,0.0039664661436827064,0.0034468887769500997,0.989199
12,41,5,1,0,0,Good,0.9841,19.81,9.91,0.0185,0.0039664661436827064,0.0034468887769500997,0.98846
21,58,4,1,0,0,Poor,0.9243,52.13,26.06,0.0786,0.018923709683167783,0.022702187887561637,0.994275
21,58,4,1,0,0,Poor,0.9243,52.13,26.06,0.0786,0.018923709683167783,0.022702187887561637,0.995526
21,44,4,4,2,2,Excellent,0.9976,9.54,4.77,0.0004,0.001,0.0010205447935245971,0.997003
21,44,4,4,2,2,Excellent,0.9976,9.54,4.77,0.0004,0.001,0.0010205447935245971,0.996124
12,75,8,1,0,0,Good,0.9859,16.71,8.35,0.0106,0.0035324031363371255,0.005984792051966338,0.931534
12,75,8,1,0,0,Good,0.9859,16.71,8.35,0.0106,0.0035324031363371255,0.005984792051966338,0.936506
17,64,6,3,3,3,Average,0.9523,24.82,12.41,0.05,0.01193495892938698,0.008934580177361323,0.97461
17,64,6,3,3,3,Average,0.9523,24.82,12.41,0.05,0.01193495892938698,0.008934580177361323,0.969731
12,70,8,1,1,1,Good,0.9891,19.64,9.82,0.0134,0.002723822635900125,0.003017315714763996,0.929112
12,70,8,1,1,1,Good,0.9891,19.64,9.82,0.0134,0.002723822635900125,0.003017315714763996,0.911914
21,128,8,1,0,0,Average,0.9643,40.94,20.47,0.0374,0.008917443543689618,0.007858596037676843,0.884617
21,128,8,1,0,0,Average,0.9643,40.94,20.47,0.0374,0.008917443543689618,0.007858596037676843,0.891644
18,58,6,4,3,3,Poor,0.9079,60.71,30.36,0.0882,0.023018970554679885,0.029769191255526274,0.919821
18,58,6,4,3,3,Poor,0.9079,60.71,30.36,0.0882,0.023018970554679885,0.029769191255526274,0.933155
17,57,7,2,1,1,Average,0.9667,36.71,18.36,0.0316,0.008335797113092208,0.007925780855702228,0.955046
17,57,7,2,1,1,Average,0.9667,36.71,18.36,0.0316,0.008335797113092208,0.007925780855702228,0.955752
20,76,6,1,1,1,Average,0.9336,40.61,20.31,0.0636,0.016596218184044748,0.010258257764016945,0.965674
20,76,6,1,1,1,Average,0.9336,40.61,20.31,0.0636,0.016596218184044748,0.010258257764016945,0.980388
11,39,6,1,0,0,Excellent,0.9911,9.99,5.0,0.0049,0.0022161912224390734,0.0018761167008081432,0.982458
11,39,6,1,0,0,Excellent,0.9911,9.99,5.0,0.0049,0.0022161912224390734,0.0018761167008081432,0.982357
18,74,5,2,1,1,Poor,0.8542,84.75,42.38,0.1482,0.03644783669874979,0.028386414458362756,0.976012
18,74,5,2,1,1,Poor,0.8542,84.75,42.38,0.1482,0.03644783669874979,0.028386414458362756,0.974704
12,55,6,2,1,1,Average,0.9353,26.01,13.0,0.0638,0.016179572433976136,0.008862957110292263,0.982198
12,55,6,2,1,1,Average,0.9353,26.01,13.0,0.0638,0.016179572433976136,0.008862957110292263,0.974347
21,98,7,1,1,1,Average,0.9403,42.94,21.47,0.0606,0.01492559671503868,0.013050423549979491,0.936594
21,98,7,1,1,1,Average,0.9403,42.94,21.47,0.0606,0.01492559671503868,0.013050423549979491,0.939239
17,64,7,2,2,2,Poor,0.8589,83.33,41.67,0.146,0.03528396835086897,0.022671217726047035,0.930228
17,64,7,2,2,2,Poor,0.8589,83.33,41.67,0.146,0.03528396835086897,0.022671217726047035,0.936822
20,65,5,2,1,1,Excellent,0.9924,5.61,2.81,0.0049,0.001896298972310556,0.0028848060091526562,0.99061
20,65,5,2,1,1,Excellent,0.9924,5.61,2.81,0.0049,0.001896298972310556,0.0028848060091526562,0.990868
9,30,4,1,0,0,Excellent,0.9903,9.15,4.58,0.005,0.0024284650516889217,0.0013581913766657259,0.996983
9,30,4,1,0,0,Excellent,0.9903,9.15,4.58,0.005,0.0024284650516889217,0.0013581913766657259,0.99896
16,82,8,4,3,3,Good,0.9801,13.03,6.51,0.0225,0.004965734483974971,0.005644322417724423,0.922736
16,82,8,4,3,3,Good,0.9801,13.03,6.51,0.0225,0.004965734483974971,0.005644322417724423,0.918407
21,99,8,5,4,4,Poor,0.8769,60.1,30.05,0.123,0.030766238765388698,0.01892497910660931,0.86388
21,99,8,5,4,4,Poor,0.8769,60.1,30.05,0.123,0.030766238765388698,0.01892497910660931,0.863284
6,22,6,1,0,0,Excellent,0.9874,9.95,4.98,0.0088,0.0031524789059778624,0.0019002310382509112,0.989755
6,22,6,1,0,0,Excellent,0.9874,9.95,4.98,0.0088,0.0031524789059778624,0.0019002310382509112,0.992302
20,70,7,1,1,1,Poor,0.9174,51.8,25.9,0.0841,0.020638855893033964,0.02669073704291633,0.917206
20,70,7,1,1,1,Poor,0.9174,51.8,25.9,0.0841,0.020638855893033964,0.02669073704291633,0.910217
10,46,7,1,0,0,Average,0.9466,41.47,20.74,0.0495,0.013351094284787562,0.012400196641120536,0.957031
10,46,7,1,0,0,Average,0.9466,41.47,20.74,0.0495,0.013351094284787562,0.012400196641120536,0.954946
21,126,8,1,1,1,Poor,0.9131,78.11,39.06,0.0825,0.021736876324975785,0.01895086476519977,0.885928
21,126,8,1,1,1,Poor,0.9131,78.11,39.06,0.0825,0.021736876324975785,0.01895086476519977,0.877047
18,87,8,2,1,1,Average,0.9542,42.99,21.5,0.0414,0.011440815464663967,0.011723707320995239,0.878661
18,87,8,2,1,1,Average,0.9542,42.99,21.5,0.0414,0.011440815464663967,0.011723707320995239,0.873593
18,66,6,1,1,1,Excellent,0.9892,7.14,3.57,0.0099,0.002700039800370063,0.0011128984937256573,0.986265
18,66,6,1,1,1,Excellent,0.9892,7.14,3.57,0.0099,0.002700039800370063,0.0011128984937256573,0.985306
15,37,5,1,0,0,Excellent,0.9974,9.55,4.78,0.0007,0.001,0.0016751885141399392,0.994295
15,37,5,1,0,0,Excellent,0.9974,9.55,4.78,0.0007,0.001,0.0016751885141399392,0.988342
16,35,4,3,3,3,Excellent,0.992,7.3,3.65,0.0086,0.001988297792295257,0.002802819690423796,0.996637
16,35,4,3,3,3,Excellent,0.992,7.3,3.65,0.0086,0.001988297792295257,0.002802819690423796,0.997096
6,24,6,1,0,0,Poor,0.8499,79.4,39.7,0.1489,0.03752095164659919,0.020854511855813267,0.954993
6,24,6,1,0,0,Poor,0.8499,79.4,39.7,0.1489,0.03752095164659919,0.020854511855813267,0.951648
9,38,7,1,0,0,Good,0.9826,13.36,6.68,0.0201,0.0043515828616083885,0.00435815769930563,0.972885
9,38,7,1,0,0,Good,0.9826,13.36,6.68,0.0201,0.0043515828616083885,0.00435815769930563,0.98504
15,69,8,1,1,1,Average,0.9633,49.08,24.54,0.0381,0.009178975767278524,0.014792858111092426,0.909268
15,69,8,1,1,1,Average,0.9633,49.08,24.54,0.0381,0.009178975767278524,0.014792858111092426,0.905264
8,27,5,1,1,1,Excellent,0.9979,7.96,3.98,0.0027,0.001,0.002062127314139431,0.991419
8,27,5,1,1,1,Excellent,0.9979,7.96,3.98,0.0027,0.001,0.002062127314139431,0.988546
8,45,6,1,0,0,Average,0.9596,35.14,17.57,0.042,0.010090448468768859,0.009506823730473339,0.983473
8,45,6,1,0,0,Average,0.9596,35.14,17.57,0.042,0.010090448468768859,0.009506823730473339,0.978676
18,67,7,1,1,1,Average,0.9545,38.75,19.37,0.0481,0.011373680515935236,0.008444806807094607,0.958686
18,67,7,1,1,1,Average,0.9545,38.75,19.37,0.0481,0.011373680515935236,0.008444806807094607,0.970809
11,32,4,1,1,1,Poor,0.8555,60.65,30.32,0.147,0.036136821464694324,0.02200942970081448,0.993767
11,32,4,1,1,1,Poor,0.8555,60.65,30.32,0.147,0.036136821464694324,0.02200942970081448,0.990311
12,58,8,2,2,2,Average,0.9628,33.87,16.94,0.0396,0.009287655687268526,0.013124240654723385,0.872853
12,58,8,2,2,2,Average,0.9628,33.87,16.94,0.0396,0.009287655687268526,0.013124240654723385,0.871364
19,71,7,3,2,2,Average,0.9349,45.81,22.9,0.0664,0.01627655925330057,0.013767735863473319,0.945662
19,71,7,3,2,2,Average,0.9349,45.81,22.9,0.0664,0.01627655925330057,0.013767735863473319,0.946916
15,48,6,1,1,1,Good,0.977,12.56,6.28,0.022,0.00574149650025696,0.0034542343065131383,0.980878
15,48,6,1,1,1,Good,0.977,12.56,6.28,0.022,0.00574149650025696,0.0034542343065131383,0.978877
15,38,5,1,1,1,Poor,0.8499,74.27,37.13,0.1493,0.03752081429291779,0.028584834341369984,0.982516
15,38,5,1,1,1,Poor,0.8499,74.27,37.13,0.1493,0.03752081429291779,0.028584834341369984,0.982654
10,38,6,3,3,3,Excellent,0.9936,6.29,3.15,0.008,0.0016121686757926967,0.0013519704437895688,0.979577
10,38,6,3,3,3,Excellent,0.9936,6.29,3.15,0.008,0.0016121686757926967,0.0013519704437895688,0.982771
21,50,4,1,0,0,Excellent,0.9892,5.28,2.64,0.009,0.002706501753671653,0.0015959583501096335,0.996843
21,50,4,1,0,0,Excellent,0.9892,5.28,2.64,0.009,0.002706501753671653,0.0015959583501096335,0.996967
8,30,6,1,1,1,Poor,0.8685,97.16,48.58,0.1279,0.03288328868348078,0.016678985458348696,0.933892
8,30,6,1,1,1,Poor,0.8685,97.16,48.58,0.1279,0.03288328868348078,0.016678985458348696,0.943798
9,55,8,1,1,1,Average,0.9674,34.89,17.45,0.0336,0.00815293458905128,0.013185527074735595,0.94474
9,55,8,1,1,1,Average,0.9674,34.89,17.45,0.0336,0.00815293458905128,0.013185527074735595,0.920822
16,65,6,1,1,1,Poor,0.8748,90.29,45.15,0.1295,0.031290429243159196,0.01827012577775246,0.877573
16,65,6,1,1,1,Poor,0.8748,90.29,45.15,0.1295,0.031290429243159196,0.01827012577775246,0.855054
11,42,4,1,1,1,Good,0.9788,19.7,9.85,0.0188,0.005311612262462295,0.005357923777578038,0.996558
11,42,4,1,1,1,Good,0.9788,19.7,9.85,0.0188,0.005311612262462295,0.005357923777578038,0.995391
17,62,7,3,2,2,Excellent,0.9976,6.58,3.29,0.0042,0.001,0.0029266306799312497,0.961136
17,62,7,3,2,2,Excellent,0.9976,6.58,3.29,0.0042,0.001,0.0029266306799312497,0.97611
17,61,5,2,2,2,Poor,0.8595,85.78,42.89,0.1357,0.035124621797725075,0.029502077390092918,0.948274
17,61,5,2,2,2,Poor,0.8595,85.78,42.89,0.1357,0.035124621797725075,0.029502077390092918,0.954768
7,42,8,1,1,1,Excellent,0.9895,8.45,4.23,0.0079,0.002622817203749267,0.0021054558066232534,0.94008
7,42,8,1,1,1,Excellent,0.9895,8.45,4.23,0.0079,0.002622817203749267,0.0021054558066232534,0.943464
17,58,6,3,2,2,Excellent,0.9971,7.67,3.84,0.0024,0.001,0.0010157322125105425,0.989454
17,58,6,3,2,2,Excellent,0.9971,7.67,3.84,0.0024,0.001,0.0010157322125105425,0.985798
15,53,5,1,0,0,Good,0.9862,18.59,9.3,0.0132,0.0034540215358217774,0.004268737431748725,0.992995
15,53,5,1,0,0,Good,0.9862,18.59,9.3,0.0132,0.0034540215358217774,0.004268737431748725,0.99159
7,40,7,1,1,1,Average,0.9415,45.99,23.0,0.0629,0.01463073925350114,0.010768730267104027,0.870313
7,40,7,1,1,1,Average,0.9415,45.99,23.0,0.0629,0.01463073925350114,0.010768730267104027,0.889562
16,71,7,1,1,1,Poor,0.8676,93.84,46.92,0.1356,0.03309382404466757,0.025477232813198497,0.920865
16,71,7,1,1,1,Poor,0.8676,93.84,46.92,0.1356,0.03309382404466757,0.025477232813198497,0.912519
19,91,6,1,1,1,Average,0.9644,33.6,16.8,0.0311,0.008893261876078862,0.012132740091308332,0.971746
19,91,6,1,1,1,Average,0.9644,33.6,16.8,0.0311,0.008893261876078862,0.012132740091308332,0.969239
10,50,7,1,1,1,Excellent,0.9919,7.0,3.5,0.0063,0.002036436176481443,0.0011644641028468042,0.982581
10,50,7,1,1,1,Excellent,0.9919,7.0,3.5,0.0063,0.002036436176481443,0.0011644641028468042,0.968773
19,113,8,1,1,1,Average,0.9314,33.54,16.77,0.0649,0.01715128393247739,0.008387832205740622,0.908173
19,113,8,1,1,1,Average,0.9314,33.54,16.77,0.0649,0.01715128393247739,0.008387832205740622,0.906977
12,43,6,2,2,2,Excellent,1.0019,7.07,3.54,0.0018,0.001,0.00288951430968462,0.957781
12,43,6,2,2,2,Excellent,1.0019,7.07,3.54,0.0018,0.001,0.00288951430968462,0.954229
6,16,4,2,2,2,Good,0.9675,19.07,9.53,0.0295,0.008124972352070103,0.005805044616813387,0.991198
6,16,4,2,2,2,Good,0.9675,19.07,9.53,0.0295,0.008124972352070103,0.005805044616813387,0.990911
19,99,7,3,2,2,Average,0.9284,24.48,12.24,0.0683,0.017905021431379703,0.011537943191370399,0.943018
19,99,7,3,2,2,Average,0.9284,24.48,12.24,0.0683,0.017905021431379703,0.011537943191370399,0.948087
15,78,6,1,1,1,Poor,0.8926,69.1,34.55,0.1045,0.02685965689365971,0.018233498967648382,0.986716
15,78,6,1,1,1,Poor,0.8926,69.1,34.55,0.1045,0.02685965689365971,0.018233498967648382,0.976337
12,61,6,1,1,1,Poor,0.8619,59.02,29.51,0.1334,0.03452733790273499,0.029641922443561196,0.972723
12,61,6,1,1,1,Poor,0.8619,59.02,29.51,0.1334,0.03452733790273499,0.029641922443561196,0.972999
20,81,5,2,1,1,Good,0.9759,13.7,6.85,0.0237,0.006025925152166406,0.0030412809690499787,0.990591
20,81,5,2,1,1,Good,0.9759,13.7,6.85,0.0237,0.006025925152166406,0.0030412809690499787,0.992498
19,84,7,1,1,1,Average,0.9432,22.19,11.1,0.0523,0.014189718214835001,0.014448516859700767,0.964966
19,84,7,1,1,1,Average,0.9432,22.19,11.1,0.0523,0.014189718214835001,0.014448516859700767,0.947585
18,63,6,1,1,1,Average,0.9297,23.97,11.98,0.0657,0.017569447004380734,0.008434977785366275,0.955207
18,63,6,1,1,1,Average,0.9297,23.97,11.98,0.0657,0.017569447004380734,0.008434977785366275,0.965975
21,79,5,1,1,1,Average,0.9629,46.34,23.17,0.0353,0.009275901869839731,0.01124339040714083,0.983568
21,79,5,1,1,1,Average,0.9629,46.34,23.17,0.0353,0.009275901869839731,0.01124339040714083,0.980125
14,37,5,1,1,1,Excellent,0.9902,6.57,3.28,0.0098,0.002448264961246255,0.0029467429792106752,0.994469
14,37,5,1,1,1,Excellent,0.9902,6.57,3.28,0.0098,0.002448264961246255,0.0029467429792106752,0.992631
17,63,6,2,2,2,Poor,0.861,64.15,32.07,0.1402,0.03475639878355233,0.0264234587840792,0.911663
17,63,6,2,2,2,Poor,0.861,64.15,32.07,0.1402,0.03475639878355233,0.0264234587840792,0.916016
21,76,6,1,1,1,Good,0.9729,15.56,7.78,0.0285,0.006772633539822298,0.004759958388007348,0.985474
21,76,6,1,1,1,Good,0.9729,15.56,7.78,0.0285,0.006772633539822298,0.004759958388007348,0.980812
10,31,5,1,1,1,Excellent,0.9972,6.15,3.07,0.0004,0.001,0.0024119257251491075,0.99449
10,31,5,1,1,1,Excellent,0.9972,6.15,3.07,0.0004,0.001,0.0024119257251491075,0.992107
17,84,7,1,1,1,Poor,0.9232,72.89,36.44,0.079,0.019200407767665156,0.017220805599203807,0.929588
17,84,7,1,1,1,Poor,0.9232,72.89,36.44,0.079,0.019200407767665156,0.017220805599203807,0.925952
15,55,5,1,0,0,Good,0.9782,18.35,9.17,0.025,0.00544325386629782,0.00525298955711408,0.981637
15,55,5,1,0,0,Good,0.9782,18.35,9.17,0.025,0.00544325386629782,0.00525298955711408,0.984624
21,51,5,1,0,0,Excellent,1.0016,9.44,4.72,0.0003,0.001,0.002361278818875416,0.98986
21,51,5,1,0,0,Excellent,1.0016,9.44,4.72,0.0003,0.001,0.002361278818875416,0.9945
9,63,8,1,0,0,Average,0.9701,24.61,12.31,0.0332,0.0074838843035181235,0.012276314585200256,0.950614
9,63,8,1,0,0,Average,0.9701,24.61,12.31,0.0332,0.0074838843035181235,0.012276314585200256,0.954073
14,50,7,1,0,0,Excellent,1.0008,6.65,3.32,0.0004,0.001,0.001906203990055851,0.971331
14,50,7,1,0,0,Excellent,1.0008,6.65,3.32,0.0004,0.001,0.001906203990055851,0.962875
16,85,6,1,1,1,Excellent,0.9956,8.72,4.36,0.0055,0.0011121617363860636,0.0011851020216771735,0.980855
16,85,6,1,1,1,Excellent,0.9956,8.72,4.36,0.0055,0.0011121617363860636,0.0011851020216771735,0.985069
11,47,6,1,0,0,Good,0.9686,19.65,9.83,0.0273,0.007854606784457763,0.006409383332974396,0.984484
11,47,6,1,0,0,Good,0.9686,19.65,9.83,0.0273,0.007854606784457763,0.006409383332974396,0.986041
18,73,5,3,2,2,Poor,0.8713,64.25,32.12,0.1302,0.03216601057874646,0.016809029761539397,0.98162
18,73,5,3,2,2,Poor,0.8713,64.25,32.12,0.1302,0.03216601057874646,0.016809029761539397,0.973767
19,83,7,3,2,2,Average,0.9444,47.11,23.56,0.0541,0.013887525421746566,0.007768891980174355,0.926294
19,83,7,3,2,2,Average,0.9444,47.11,23.56,0.0541,0.013887525421746566,0.007768891980174355,0.935293
21,122,7,2,1,1,Average,0.9556,36.89,18.45,0.0469,0.011089479195668411,0.013487954876913788,0.929597
21,122,7,2,1,1,Average,0.9556,36.89,18.45,0.0469,0.011089479195668411,0.013487954876913788,0.939458
19,99,7,2,2,2,Excellent,0.9962,5.2,2.6,0.0034,0.001,0.0014484604246558339,0.963652
19,99,7,2,2,2,Excellent,0.9962,5.2,2.6,0.0034,0.001,0.0014484604246558339,0.962355
20,73,6,2,2,2,Poor,0.8639,53.96,26.98,0.1341,0.03402991070733005,0.02976279349563156,0.970457
20,73,6,2,2,2,Poor,0.8639,53.96,26.98,0.1341,0.03402991070733005,0.02976279349563156,0.967405
19,86,8,2,2,2,Average,0.9521,37.06,18.53,0.052,0.011966688265298203,0.011107316142775546,0.897313
19,86,8,2,2,2,Average,0.9521,37.06,18.53,0.052,0.011966688265298203,0.011107316142775546,0.906377
14,61,7,2,0,0,Average,0.9668,27.65,13.82,0.0333,0.008309084196729932,0.00791148392799593,0.947696
14,61,7,2,0,0,Average,0.9668,27.65,13.82,0.0333,0.008309084196729932,0.00791148392799593,0.934621
18,58,5,2,1,1,Excellent,0.9892,5.42,2.71,0.0088,0.0026977695783680644,0.002174416776360492,0.988812
18,58,5,2,1,1,Excellent,0.9892,5.42,2.71,0.0088,0.0026977695783680644,0.002174416776360492,0.992031
20,118,7,1,0,0,Average,0.9364,30.24,15.12,0.0667,0.015906104246120656,0.008688546966617548,0.95355
20,118,7,1,0,0,Average,0.9364,30.24,15.12,0.0667,0.015906104246120656,0.008688546966617548,0.96366
14,33,4,1,1,1,Excellent,0.9988,7.17,3.58,0.0002,0.001,0.0010266091998180054,0.997964
14,33,4,1,1,1,Excellent,0.9988,7.17,3.58,0.0002,0.001,0.0010266091998180054,0.996953
20,120,7,1,1,1,Poor,0.8538,93.44,46.72,0.1473,0.03656135755084572,0.02230083740906417,0.919334
20,120,7,1,1,1,Poor,0.8538,93.44,46.72,0.1473,0.03656135755084572,0.02230083740906417,0.90691
17,123,8,2,2,2,Poor,0.9193,90.23,45.12,0.077,0.020164917744451005,0.017862031248798125,0.933358
17,123,8,2,2,2,Poor,0.9193,90.23,45.12,0.077,0.020164917744451005,0.017862031248798125,0.943609
12,27,4,2,2,2,Excellent,0.995,6.05,3.02,0.0065,0.0012472084891679558,0.0018715769476009862,0.996935
12,27,4,2,2,2,Excellent,0.995,6.05,3.02,0.0065,0.0012472084891679558,0.0018715769476009862,0.996213
12,63,8,2,2,2,Excellent,0.9951,6.5,3.25,0.0046,0.0012235911698320057,0.0010436336564490023,0.919166
12,63,8,2,2,2,Excellent,0.9951,6.5,3.25,0.0046,0.0012235911698320057,0.0010436336564490023,0.929186
10,45,5,1,0,0,Poor,0.8959,98.19,49.1,0.1077,0.02603029285944078,0.023778394040759238,0.990238
10,45,5,1,0,0,Poor,0.8959,98.19,49.1,0.1077,0.02603029285944078,0.023778394040759238,0.980241
15,62,5,1,1,1,Poor,0.9307,52.55,26.27,0.0706,0.01733146091874091,0.025696392219340943,0.990369
15,62,5,1,1,1,Poor,0.9307,52.55,26.27,0.0706,0.01733146091874091,0.025696392219340943,0.983785
21,75,7,1,0,0,Average,0.9541,21.11,10.56,0.046,0.011463414418573764,0.01279691348144384,0.947349
21,75,7,1,0,0,Average,0.9541,21.11,10.56,0.046,0.011463414418573764,0.01279691348144384,0.94709
13,82,7,1,1,1,Excellent,0.9939,7.64,3.82,0.0042,0.0015153859932561797,0.0011270211378909478,0.968523
13,82,7,1,1,1,Excellent,0.9939,7.64,3.82,0.0042,0.0015153859932561797,0.0011270211378909478,0.973271
17,83,8,2,0,0,Poor,0.9262,84.88,42.44,0.0717,0.018446111540579402,0.01788301946251546,0.900271
17,83,8,2,0,0,Poor,0.9262,84.88,42.44,0.0717,0.018446111540579402,0.01788301946251546,0.902665
20,67,6,2,1,1,Good,0.9801,15.08,7.54,0.0218,0.004975858339648476,0.006686942386689786,0.975534
20,67,6,2,1,1,Good,0.9801,15.08,7.54,0.0218,0.004975858339648476,0.006686942386689786,0.982591
10,44,7,1,1,1,Average,0.9536,41.69,20.84,0.0456,0.011611559633279811,0.014529575924462515,0.955503
10,44,7,1,1,1,Average,0.9536,41.69,20.84,0.0456,0.011611559633279811,0.014529575924462515,0.958602
15,66,7,1,1,1,Good,0.9842,12.09,6.05,0.0109,0.0039399201914618875,0.0065236244279387005,0.949146
15,66,7,1,1,1,Good,0.9842,12.09,6.05,0.0109,0.0039399201914618875,0.0065236244279387005,0.94344
11,38,6,1,1,1,Good,0.9674,18.28,9.14,0.0279,0.008142362333836833,0.0032546623449842558,0.972973
11,38,6,1,1,1,Good,0.9674,18.28,9.14,0.0279,0.008142362333836833,0.0032546623449842558,0.957453
9,53,7,1,1,1,Good,0.9831,11.21,5.6,0.0145,0.004225922841188806,0.0043612968559529125,0.968197
9,53,7,1,1,1,Good,0.9831,11.21,5.6,0.0145,0.004225922841188806,0.0043612968559529125,0.966778
7,30,6,2,2,2,Average,0.9396,46.89,23.44,0.0641,0.015099842292166432,0.011834315876334064,0.971258
7,30,6,2,2,2,Average,0.9396,46.89,23.44,0.0641,0.015099842292166432,0.011834315876334064,0.970272
20,87,7,1,1,1,Excellent,0.9933,9.87,4.94,0.0078,0.0016799913687336465,0.002716774820497386,0.965931
20,87,7,1,1,1,Excellent,0.9933,9.87,4.94,0.0078,0.0016799913687336465,0.002716774820497386,0.963433
9,52,8,1,1,1,Good,0.9767,16.3,8.15,0.0274,0.005826882944426209,0.0036281301894292017,0.926439
9,52,8,1,1,1,Good,0.9767,16.3,8.15,0.0274,0.005826882944426209,0.0036281301894292017,0.929945
20,78,6,3,3,3,Poor,0.9235,86.63,43.31,0.0779,0.01911815235150288,0.020019112879689126,0.946289
20,78,6,3,3,3,Poor,0.9235,86.63,43.31,0.0779,0.01911815235150288,0.020019112879689126,0.952057
9,22,5,1,0,0,Good,0.9844,14.39,7.2,0.0183,0.003906166284007029,0.0039812642584685495,0.990252
9,22,5,1,0,0,Good,0.9844,14.39,7.2,0.0183,0.003906166284007029,0.0039812642584685495,0.992386
16,71,7,2,1,1,Average,0.9653,35.15,17.58,0.0334,0.008671247723491149,0.01303876170009426,0.876625
16,71,7,2,1,1,Average,0.9653,35.15,17.58,0.0334,0.008671247723491149,0.01303876170009426,0.884514
19,44,5,3,2,2,Good,0.9856,11.38,5.69,0.0186,0.0035990640971345633,0.006592261030040772,0.988577
19,44,5,3,2,2,Good,0.9856,11.38,5.69,0.0186,0.0035990640971345633,0.006592261030040772,0.991639
6,22,5,1,1,1,Excellent,1.0017,5.42,2.71,0.0031,0.001,0.0013286493634294312,0.994668
6,22,5,1,1,1,Excellent,1.0017,5.42,2.71,0.0031,0.001,0.0013286493634294312,0.997368
18,43,4,1,1,1,Excellent,0.9976,8.3,4.15,0.0064,0.001,0.0011156196590920236,0.995116
18,43,4,1,1,1,Excellent,0.9976,8.3,4.15,0.0064,0.001,0.0011156196590920236,0.997382
15,64,8,2,0,0,Poor,0.8761,70.1,35.05,0.1245,0.030983387077837765,0.019564845344597587,0.907798
15,64,8,2,0,0,Poor,0.8761,70.1,35.05,0.1245,0.030983387077837765,0.019564845344597587,0.902174
14,42,4,1,1,1,Good,0.9781,17.0,8.5,0.0189,0.0054681113250587,0.005177701164017906,0.993184
14,42,4,1,1,1,Good,0.9781,17.0,8.5,0.0189,0.0054681113250587,0.005177701164017906,0.987637
20,155,8,1,0,0,Average,0.9378,46.63,23.32,0.0613,0.015554366667189234,0.00857836603408901,0.935901
20,155,8,1,0,0,Average,0.9378,46.63,23.32,0.0613,0.015554366667189234,0.00857836603408901,0.93747
16,36,4,1,1,1,Poor,0.8671,86.25,43.13,0.1292,0.03323603033122671,0.029878859543143607,0.963016
16,36,4,1,1,1,Poor,0.8671,86.25,43.13,0.1292,0.03323603033122671,0.029878859543143607,0.956106
15,32,4,3,2,2,Average,0.9589,42.71,21.36,0.0364,0.010280545339051012,0.013372789593930998,0.951642
15,32,4,3,2,2,Average,0.9589,42.71,21.36,0.0364,0.010280545339051012,0.013372789593930998,0.95798
9,48,7,1,1,1,Excellent,0.9975,9.21,4.6,0.0026,0.001,0.0012476260371168384,0.96999
9,48,7,1,1,1,Excellent,0.9975,9.21,4.6,0.0026,0.001,0.0012476260371168384,0.977607
13,47,5,1,0,0,Average,0.9465,28.98,14.49,0.0567,0.013381525658523713,0.011582125882651437,0.977802
13,47,5,1,0,0,Average,0.9465,28.98,14.49,0.0567,0.013381525658523713,0.011582125882651437,0.989716
13,99,8,1,1,1,Excellent,0.9974,6.64,3.32,0.0058,0.001,0.0017225350656257508,0.945563
13,99,8,1,1,1,Excellent,0.9974,6.64,3.32,0.0058,0.001,0.0017225350656257508,0.930563
10,25,4,1,0,0,Poor,0.9191,91.42,45.71,0.0766,0.02023345908733276,0.028327639452747626,0.959714
10,25,4,1,0,0,Poor,0.9191,91.42,45.71,0.0766,0.02023345908733276,0.028327639452747626,0.95789
8,38,7,1,0,0,Average,0.9545,40.3,20.15,0.0461,0.011380115949251007,0.013230597757982163,0.967092
8,38,7,1,0,0,Average,0.9545,40.3,20.15,0.0461,0.011380115949251007,0.013230597757982163,0.966965
21,88,6,2,2,2,Poor,0.8794,99.83,49.91,0.1251,0.030160807146853652,0.025975754407041425,0.917634
21,88,6,2,2,2,Poor,0.8794,99.83,49.91,0.1251,0.030160807146853652,0.025975754407041425,0.913669
11,58,7,1,0,0,Good,0.9799,15.06,7.53,0.0197,0.005029540011527306,0.00687212722612991,0.965474
11,58,7,1,0,0,Good,0.9799,15.06,7.53,0.0197,0.005029540011527306,0.00687212722612991,0.968431
9,46,8,2,1,1,Good,0.9859,14.55,7.28,0.0107,0.003520937702598481,0.005236106764356257,0.948432
9,46,8,2,1,1,Good,0.9859,14.55,7.28,0.0107,0.003520937702598481,0.005236106764356257,0.948161
19,41,4,4,3,3,Excellent,0.9897,5.6,2.8,0.0057,0.0025787065320986013,0.0013066090213916036,0.994955
19,41,4,4,3,3,Excellent,0.9897,5.6,2.8,0.0057,0.0025787065320986013,0.0013066090213916036,0.997188
15,53,6,1,1,1,Average,0.9535,29.1,14.55,0.0494,0.011631246152688596,0.008137118445860892,0.978793
15,53,6,1,1,1,Average,0.9535,29.1,14.55,0.0494,0.011631246152688596,0.008137118445860892,0.977143
21,58,5,4,4,4,Excellent,1.0002,5.61,2.81,0.0035,0.001,0.0018351503086265388,0.990737
21,58,5,4,4,4,Excellent,1.0002,5.61,2.81,0.0035,0.001,0.0018351503086265388,0.991632
15,87,8,1,1,1,Poor,0.8672,95.01,47.51,0.1325,0.033188918105959614,0.02580050243068674,0.873736
15,87,8,1,1,1,Poor,0.8672,95.01,47.51,0.1325,0.033188918105959614,0.02580050243068674,0.893728
10,57,8,1,1,1,Good,0.9803,15.05,7.52,0.0192,0.004929857344480926,0.0047962989553505956,0.931559
10,57,8,1,1,1,Good,0.9803,15.05,7.52,0.0192,0.004929857344480926,0.0047962989553505956,0.935267
19,82,8,2,1,1,Poor,0.8988,61.64,30.82,0.1016,0.025305456457029335,0.029371192381208073,0.894795
19,82,8,2,1,1,Poor,0.8988,61.64,30.82,0.1016,0.025305456457029335,0.029371192381208073,0.893567
14,81,7,2,2,2,Excellent,0.9936,9.33,4.66,0.0071,0.0015880345812941954,0.002592317562872099,0.97847
14,81,7,2,2,2,Excellent,0.9936,9.33,4.66,0.0071,0.0015880345812941954,0.002592317562872099,0.974164
9,30,6,1,1,1,Excellent,0.9946,5.96,2.98,0.0062,0.0013546211791079232,0.001105748771984768,0.986019
9,30,6,1,1,1,Excellent,0.9946,5.96,2.98,0.0062,0.0013546211791079232,0.001105748771984768,0.990696
12,60,8,1,0,0,Poor,0.9301,75.13,37.57,0.0715,0.017477645371595102,0.022977891547204185,0.916256
12,60,8,1,0,0,Poor,0.9301,75.13,37.57,0.0715,0.017477645371595102,0.022977891547204185,0.899371
14,38,4,1,1,1,Good,0.9798,12.45,6.23,0.0241,0.005058948939634156,0.004776917877335785,0.99683
14,38,4,1,1,1,Good,0.9798,12.45,6.23,0.0241,0.005058948939634156,0.004776917877335785,0.996648
16,98,8,1,0,0,Poor,0.895,79.44,39.72,0.1093,0.02624483885006107,0.02009934832569406,0.905016
16,98,8,1,0,0,Poor,0.895,79.44,39.72,0.1093,0.02624483885006107,0.02009934832569406,0.902278
19,79,5,1,0,0,Excellent,0.9944,9.3,4.65,0.0032,0.001400511605497201,0.0012292892482844906,0.988042
19,79,5,1,0,0,Excellent,0.9944,9.3,4.65,0.0032,0.001400511605497201,0.0012292892482844906,0.992217
11,27,4,1,1,1,Average,0.9557,24.32,12.16,0.0402,0.011081473844479606,0.00945435374690084,0.998242
11,27,4,1,1,1,Average,0.9557,24.32,12.16,0.0402,0.011081473844479606,0.00945435374690084,0.992226
11,42,7,2,2,2,Excellent,0.992,8.07,4.04,0.0033,0.0019952987594186733,0.0011170035645071317,0.95697
11,42,7,2,2,2,Excellent,0.992,8.07,4.04,0.0033,0.0019952987594186733,0.0011170035645071317,0.960838
9,50,7,3,3,3,Average,0.9319,24.27,12.14,0.0657,0.01703527448552397,0.014532620121702039,0.965729
9,50,7,3,3,3,Average,0.9319,24.27,12.14,0.0657,0.01703527448552397,0.014532620121702039,0.960428
18,82,7,2,0,0,Excellent,0.9973,6.35,3.17,0.0032,0.001,0.0011309164238597679,0.95135
18,82,7,2,0,0,Excellent,0.9973,6.35,3.17,0.0032,0.001,0.0011309164238597679,0.961979
9,38,6,2,1,1,Good,0.9732,17.63,8.81,0.023,0.0066938261923532305,0.005272982549868402,0.959827
9,38,6,2,1,1,Good,0.9732,17.63,8.81,0.023,0.0066938261923532305,0.005272982549868402,0.962571
8,31,7,2,2,2,Good,0.9876,17.83,8.91,0.0128,0.003110735765868844,0.003672753327549209,0.980263
8,31,7,2,2,2,Good,0.9876,17.83,8.91,0.0128,0.003110735765868844,0.003672753327549209,0.983957
15,55,7,2,2,2,Good,0.9712,10.01,5.0,0.0287,0.007212068430526519,0.005391471006002693,0.965545
15,55,7,2,2,2,Good,0.9712,10.01,5.0,0.0287,0.007212068430526519,0.005391471006002693,0.953535
17,61,7,2,1,1,Good,0.9752,15.85,7.93,0.0202,0.006187930282227805,0.005956731782379427,0.959642
17,61,7,2,1,1,Good,0.9752,15.85,7.93,0.0202,0.006187930282227805,0.005956731782379427,0.958517
8,60,8,1,0,0,Average,0.9454,22.69,11.35,0.0579,0.013658047827934061,0.012800590250282233,0.969588
8,60,8,1,0,0,Average,0.9454,22.69,11.35,0.0579,0.013658047827934061,0.012800590250282233,0.96888
19,65,6,2,2,2,Good,0.969,16.1,8.05,0.0291,0.007741326013955885,0.005728403983873381,0.97641
19,65,6,2,2,2,Good,0.969,16.1,8.05,0.0291,0.007741326013955885,0.005728403983873381,0.982209
12,66,6,2,1,1,Poor,0.9079,97.95,48.97,0.0963,0.023034099274038378,0.017005886172478266,0.966373
12,66,6,2,1,1,Poor,0.9079,97.95,48.97,0.0963,0.023034099274038378,0.017005886172478266,0.981295
21,88,8,2,0,0,Poor,0.8685,76.91,38.45,0.133,0.03287336150859474,0.016162846744654624,0.854955
21,88,8,2,0,0,Poor,0.8685,76.91,38.45,0.133,0.03287336150859474,0.016162846744654624,0.852865
20,67,4,1,0,0,Excellent,0.9951,6.76,3.38,0.0081,0.0012132860305731352,0.0017159314809255454,0.995745
20,67,4,1,0,0,Excellent,0.9951,6.76,3.38,0.0081,0.0012132860305731352,0.0017159314809255454,0.995909
6,20,5,1,0,0,Excellent,0.9901,7.31,3.66,0.0094,0.002479175481640311,0.001443041529404289,0.993875
6,20,5,1,0,0,Excellent,0.9901,7.31,3.66,0.0094,0.002479175481640311,0.001443041529404289,0.997951
13,46,5,2,1,1,Poor,0.927,98.36,49.18,0.0729,0.018253826170070903,0.025560715501044093,0.918336
13,46,5,2,1,1,Poor,0.927,98.36,49.18,0.0729,0.018253826170070903,0.025560715501044093,0.941811
12,34,4,2,1,1,Poor,0.9078,55.55,27.77,0.0922,0.023046136983834342,0.017557156445658043,0.979909
12,34,4,2,1,1,Poor,0.9078,55.55,27.77,0.0922,0.023046136983834342,0.017557156445658043,0.975107
11,43,5,2,1,1,Excellent,0.9888,7.94,3.97,0.0075,0.002796356320482196,0.002867126801161517,0.991154
11,43,5,2,1,1,Excellent,0.9888,7.94,3.97,0.0075,0.002796356320482196,0.002867126801161517,0.992136
6,21,5,1,0,0,Average,0.9297,40.42,20.21,0.0653,0.017576131948787987,0.010416915812549965,0.982631
6,21,5,1,0,0,Average,0.9297,40.42,20.21,0.0653,0.017576131948787987,0.010416915812549965,0.981696
16,35,4,1,0,0,Poor,0.8937,92.22,46.11,0.1026,0.026583223669084,0.022774429038158066,0.976147
16,35,4,1,0,0,Poor,0.8937,92.22,46.11,0.1026,0.026583223669084,0.022774429038158066,0.986321
17,88,7,1,0,0,Excellent,0.9955,9.42,4.71,0.0022,0.0011165379384266705,0.0018401241381825549,0.960614
17,88,7,1,0,0,Excellent,0.9955,9.42,4.71,0.0022,0.0011165379384266705,0.0018401241381825549,0.955673
16,61,7,4,1,1,Excellent,1.0005,6.96,3.48,0.0033,0.001,0.00261534582116264,0.958576
16,61,7,4,1,1,Excellent,1.0005,6.96,3.48,0.0033,0.001,0.00261534582116264,0.961537
19,59,5,3,2,2,Excellent,0.9963,9.58,4.79,0.002,0.001,0.001125688249260108,0.992433
19,59,5,3,2,2,Excellent,0.9963,9.58,4.79,0.002,0.001,0.001125688249260108,0.988495
21,64,4,2,1,1,Good,0.9766,19.59,9.79,0.0267,0.005858503072993404,0.005078700178686116,0.996691
21,64,4,2,1,1,Good,0.9766,19.59,9.79,0.0267,0.005858503072993404,0.005078700178686116,0.996293
8,27,5,1,1,1,Poor,0.8808,88.2,44.1,0.12,0.02980963897792291,0.01628302048607084,0.92782
8,27,5,1,1,1,Poor,0.8808,88.2,44.1,0.12,0.02980963897792291,0.01628302048607084,0.921835
16,69,7,1,0,0,Excellent,1.0024,8.91,4.46,0.0006,0.001,0.0011095776602845053,0.962043
16,69,7,1,0,0,Excellent,1.0024,8.91,4.46,0.0006,0.001,0.0011095776602845053,0.965191
19,85,8,2,1,1,Excellent,0.995,5.51,2.75,0.0006,0.001258967039442449,0.0026998586264469545,0.943228
19,85,8,2,1,1,Excellent,0.995,5.51,2.75,0.0006,0.001258967039442449,0.0026998586264469545,0.939261
9,46,7,1,1,1,Poor,0.8836,61.66,30.83,0.118,0.0290922069861701,0.01515909818411744,0.966081
9,46,7,1,1,1,Poor,0.8836,61.66,30.83,0.118,0.0290922069861701,0.01515909818411744,0.961749
20,72,7,1,0,0,Poor,0.8789,94.0,47.0,0.1195,0.030285569898026082,0.029063772783701432,0.935098
20,72,7,1,0,0,Poor,0.8789,94.0,47.0,0.1195,0.030285569898026082,0.029063772783701432,0.942031
12,52,8,5,4,4,Excellent,0.9897,5.51,2.76,0.006,0.002569076588757574,0.0025788328474876205,0.958237
12,52,8,5,4,4,Excellent,0.9897,5.51,2.76,0.006,0.002569076588757574,0.0025788328474876205,0.958892
19,80,6,2,1,1,Poor,0.8919,86.23,43.12,0.1056,0.027034605077462553,0.026955383760191957,0.963113
19,80,6,2,1,1,Poor,0.8919,86.23,43.12,0.1056,0.027034605077462553,0.026955383760191957,0.966599
19,63,6,1,1,1,Average,0.9373,29.34,14.67,0.0654,0.015663479939456104,0.008179272500844225,0.93878
19,63,6,1,1,1,Average,0.9373,29.34,14.67,0.0654,0.015663479939456104,0.008179272500844225,0.932241
16,54,6,2,2,2,Average,0.9705,31.06,15.53,0.0303,0.007364718642328794,0.012426402994668507,0.986028
16,54,6,2,2,2,Average,0.9705,31.06,15.53,0.0303,0.007364718642328794,0.012426402994668507,0.987887
13,32,4,2,1,1,Excellent,0.995,7.11,3.56,0.002,0.0012375880654147964,0.0028170004368016305,0.99647
13,32,4,2,1,1,Excellent,0.995,7.11,3.56,0.002,0.0012375880654147964,0.0028170004368016305,0.997936
16,34,4,1,1,1,Good,0.9809,16.68,8.34,0.0239,0.004769099744340005,0.005399049213302548,0.998218
16,34,4,1,1,1,Good,0.9809,16.68,8.34,0.0239,0.004769099744340005,0.005399049213302548,0.995227
16,59,6,1,1,1,Average,0.9631,32.56,16.28,0.0365,0.00923704463137845,0.013313531095417918,0.977409
16,59,6,1,1,1,Average,0.9631,32.56,16.28,0.0365,0.00923704463137845,0.013313531095417918,0.973939
13,39,5,2,1,1,Poor,0.9132,81.2,40.6,0.0891,0.0216939153536711,0.029288823434857947,0.96941
13,39,5,2,1,1,Poor,0.9132,81.2,40.6,0.0891,0.0216939153536711,0.029288823434857947,0.977541
6,18,5,1,1,1,Average,0.9562,20.3,10.15,0.0443,0.010942137632609927,0.008139215784703268,0.965614
6,18,5,1,1,1,Average,0.9562,20.3,10.15,0.0443,0.010942137632609927,0.008139215784703268,0.966165
12,48,7,3,1,1,Average,0.9658,21.32,10.66,0.0312,0.008552293246842757,0.00839317287319571,0.953038
12,48,7,3,1,1,Average,0.9658,21.32,10.66,0.0312,0.008552293246842757,0.00839317287319571,0.939723
13,47,6,3,2,2,Good,0.9841,11.96,5.98,0.0135,0.0039759156066014045,0.0034047608679829166,0.987414
13,47,6,3,2,2,Good,0.9841,11.96,5.98,0.0135,0.0039759156066014045,0.0034047608679829166,0.983439
16,40,4,2,2,2,Good,0.9883,13.05,6.53,0.0148,0.002927030238638273,0.005643634860854143,0.996326
16,40,4,2,2,2,Good,0.9883,13.05,6.53,0.0148,0.002927030238638273,0.005643634860854143,0.992907
10,38,5,1,0,0,Good,0.9812,11.92,5.96,0.0176,0.004705339392102437,0.005398196650431757,0.987145
10,38,5,1,0,0,Good,0.9812,11.92,5.96,0.0176,0.004705339392102437,0.005398196650431757,0.990899
7,20,5,1,1,1,Good,0.9806,18.54,9.27,0.0159,0.004849496432607903,0.003988686592974036,0.988791
7,20,5,1,1,1,Good,0.9806,18.54,9.27,0.0159,0.004849496432607903,0.003988686592974036,0.989481
10,42,6,2,0,0,Poor,0.9232,60.46,30.23,0.0765,0.019201485803096108,0.02495253297852946,0.971209
10,42,6,2,0,0,Poor,0.9232,60.46,30.23,0.0765,0.019201485803096108,0.02495253297852946,0.962085
20,111,7,1,0,0,Good,0.9845,13.22,6.61,0.0175,0.0038831194223399035,0.005862599490754362,0.958457
20,111,7,1,0,0,Good,0.9845,13.22,6.61,0.0175,0.0038831194223399035,0.005862599490754362,0.954678
18,58,6,2,0,0,Excellent,0.9906,6.04,3.02,0.0089,0.002357011387866592,0.0014687691836938258,0.98335
18,58,6,2,0,0,Excellent,0.9906,6.04,3.02,0.0089,0.002357011387866592,0.0014687691836938258,0.978196
15,72,5,1,1,1,Poor,0.8886,94.44,47.22,0.1157,0.027838660467699977,0.020611610329284807,0.990392
15,72,5,1,1,1,Poor,0.8886,94.44,47.22,0.1157,0.027838660467699977,0.020611610329284807,0.991903
8,41,8,1,1,1,Good,0.9843,17.52,8.76,0.0159,0.003928188281831085,0.003920710312842197,0.970658
8,41,8,1,1,1,Good,0.9843,17.52,8.76,0.0159,0.003928188281831085,0.003920710312842197,0.970375
20,71,4,1,1,1,Average,0.9504,32.78,16.39,0.0487,0.01240312794898657,0.01343603572234768,0.998023
20,71,4,1,1,1,Average,0.9504,32.78,16.39,0.0487,0.01240312794898657,0.01343603572234768,0.995326
14,45,6,4,4,4,Poor,0.8923,51.24,25.62,0.1053,0.026919707697349943,0.01613832664032574,0.972955
14,45,6,4,4,4,Poor,0.8923,51.24,25.62,0.1053,0.026919707697349943,0.01613832664032574,0.959601
15,51,4,1,1,1,Excellent,0.9867,8.93,4.46,0.0093,0.003320492023772631,0.0011426973545586598,0.996295
15,51,4,1,1,1,Excellent,0.9867,8.93,4.46,0.0093,0.003320492023772631,0.0011426973545586598,0.998839
12,39,4,1,0,0,Average,0.9549,25.9,12.95,0.0432,0.011285623968669833,0.013524518237619569,0.99599
12,39,4,1,0,0,Average,0.9549,25.9,12.95,0.0432,0.011285623968669833,0.013524518237619569,0.994745
10,47,8,1,0,0,Average,0.9612,20.26,10.13,0.042,0.009688969380794998,0.013265026032736441,0.909761
10,47,8,1,0,0,Average,0.9612,20.26,10.13,0.042,0.009688969380794998,0.013265026032736441,0.906917
10,44,7,2,1,1,Poor,0.8692,61.38,30.69,0.1279,0.032692030249511034,0.018505847846995147,0.944143
10,44,7,2,1,1,Poor,0.8692,61.38,30.69,0.1279,0.032692030249511034,0.018505847846995147,0.951292
16,55,7,2,1,1,Excellent,1.0008,6.57,3.28,0.0019,0.001,0.0023958825382245762,0.971056
16,55,7,2,1,1,Excellent,1.0008,6.57,3.28,0.0019,0.001,0.0023958825382245762,0.971803
20,75,5,1,0,0,Poor,0.924,92.65,46.32,0.0724,0.019004705910013853,0.028106253161468985,0.983644
20,75,5,1,0,0,Poor,0.924,92.65,46.32,0.0724,0.019004705910013853,0.028106253161468985,0.988603
17,63,7,2,1,1,Average,0.9555,26.76,13.38,0.047,0.011125628023216177,0.01310273264519235,0.948317
17,63,7,2,1,1,Average,0.9555,26.76,13.38,0.047,0.011125628023216177,0.01310273264519235,0.953712
15,64,8,2,1,1,Average,0.9426,37.61,18.8,0.0527,0.01434525179153845,0.008113077888112738,0.922024
15,64,8,2,1,1,Average,0.9426,37.61,18.8,0.0527,0.01434525179153845,0.008113077888112738,0.917041
18,125,8,2,2,2,Good,0.988,14.75,7.37,0.0166,0.0029893614479805097,0.005556013223372215,0.911772
18,125,8,2,2,2,Good,0.988,14.75,7.37,0.0166,0.0029893614479805097,0.005556013223372215,0.929852
8,30,6,1,1,1,Good,0.9743,11.04,5.52,0.0211,0.006434385991260366,0.005756098198990938,0.990908
8,30,6,1,1,1,Good,0.9743,11.04,5.52,0.0211,0.006434385991260366,0.005756098198990938,0.985647
12,36,5,1,0,0,Excellent,0.9932,9.56,4.78,0.0039,0.0017000045450549228,0.0015822110572393223,0.99322
12,36,5,1,0,0,Excellent,0.9932,9.56,4.78,0.0039,0.0017000045450549228,0.0015822110572393223,0.992503
8,43,8,1,1,1,Poor,0.8852,52.87,26.44,0.1115,0.028691069311678474,0.02789561021065106,0.891555
8,43,8,1,1,1,Poor,0.8852,52.87,26.44,0.1115,0.028691069311678474,0.02789561021065106,0.901869
18,96,7,2,1,1,Good,0.9866,19.9,9.95,0.0126,0.003349655337532148,0.005972571017407268,0.954864
18,96,7,2,1,1,Good,0.9866,19.9,9.95,0.0126,0.003349655337532148,0.005972571017407268,0.960944
19,60,6,2,2,2,Poor,0.8821,57.94,28.97,0.116,0.029476043338435537,0.018044592608042993,0.966812
19,60,6,2,2,2,Poor,0.8821,57.94,28.97,0.116,0.029476043338435537,0.018044592608042993,0.969432
14,50,7,1,1,1,Good,0.9828,10.07,5.04,0.0129,0.004303534833097478,0.004596947658206481,0.961874
14,50,7,1,1,1,Good,0.9828,10.07,5.04,0.0129,0.004303534833097478,0.004596947658206481,0.959871
16,43,5,3,1,1,Poor,0.8863,73.01,36.51,0.1161,0.028429428268625878,0.01931867677490776,0.988147
16,43,5,3,1,1,Poor,0.8863,73.01,36.51,0.1161,0.028429428268625878,0.01931867677490776,0.983128
17,67,7,1,0,0,Average,0.9406,31.73,15.87,0.0629,0.01485968632744275,0.010320422068186688,0.954559
17,67,7,1,0,0,Average,0.9406,31.73,15.87,0.0629,0.01485968632744275,0.010320422068186688,0.955818
18,71,7,1,1,1,Good,0.9901,16.99,8.49,0.0119,0.0024810589634145785,0.003174657858601071,0.95994
18,71,7,1,1,1,Good,0.9901,16.99,8.49,0.0119,0.0024810589634145785,0.003174657858601071,0.960175
15,68,8,2,2,2,Excellent,0.9899,8.49,4.25,0.0072,0.0025128863005619284,0.00198697515444872,0.910511
15,68,8,2,2,2,Excellent,0.9899,8.49,4.25,0.0072,0.0025128863005619284,0.00198697515444872,0.914719
20,113,7,1,0,0,Good,0.9795,12.53,6.26,0.0201,0.005124904141995179,0.003292781968082983,0.964173
20,113,7,1,0,0,Good,0.9795,12.53,6.26,0.0201,0.005124904141995179,0.003292781968082983,0.964425
18,72,7,2,1,1,Average,0.9347,42.38,21.19,0.0642,0.016316045629602677,0.0070858988911274515,0.919939
18,72,7,2,1,1,Average,0.9347,42.38,21.19,0.0642,0.016316045629602677,0.0070858988911274515,0.936143
20,111,7,2,0,0,Excellent,0.9956,5.41,2.71,0.0066,0.0011086026633582158,0.0018754473051466906,0.960729
20,111,7,2,0,0,Excellent,0.9956,5.41,2.71,0.0066,0.0011086026633582158,0.0018754473051466906,0.962975
14,52,7,2,1,1,Good,0.9856,11.71,5.85,0.0104,0.0035890428356218917,0.004176578614835482,0.958758
14,52,7,2,1,1,Good,0.9856,11.71,5.85,0.0104,0.0035890428356218917,0.004176578614835482,0.950553
18,77,8,2,1,1,Good,0.9765,10.78,5.39,0.0253,0.0058744873804816855,0.003613985909243166,0.917277
18,77,8,2,1,1,Good,0.9765,10.78,5.39,0.0253,0.0058744873804816855,0.003613985909243166,0.910941
12,60,8,4,0,0,Poor,0.8662,84.84,42.42,0.1369,0.033451243258182856,0.02461518283887281,0.866349
12,60,8,4,0,0,Poor,0.8662,84.84,42.42,0.1369,0.033451243258182856,0.02461518283887281,0.872084
18,38,4,3,2,2,Average,0.9416,33.32,16.66,0.0539,0.014610391766694458,0.010019164250321046,0.980649
18,38,4,3,2,2,Average,0.9416,33.32,16.66,0.0539,0.014610391766694458,0.010019164250321046,0.983431
13,50,6,1,1,1,Good,0.9865,10.91,5.46,0.0184,0.0033851870902129877,0.004348466569796996,0.984527
13,50,6,1,1,1,Good,0.9865,10.91,5.46,0.0184,0.0033851870902129877,0.004348466569796996,0.983465
11,32,5,1,1,1,Excellent,0.9972,7.08,3.54,0.0011,0.001,0.0021241082344470386,0.996294
11,32,5,1,1,1,Excellent,0.9972,7.08,3.54,0.0011,0.001,0.0021241082344470386,0.994987
12,53,5,1,1,1,Poor,0.9175,96.95,48.47,0.0797,0.020631629261251172,0.020348644888777412,0.995287
12,53,5,1,1,1,Poor,0.9175,96.95,48.47,0.0797,0.020631629261251172,0.020348644888777412,0.989455
6,21,5,1,1,1,Poor,0.9262,82.7,41.35,0.071,0.018457707719033906,0.018301442906187803,0.953944
6,21,5,1,1,1,Poor,0.9262,82.7,41.35,0.071,0.018457707719033906,0.018301442906187803,0.948374
17,81,6,1,1,1,Excellent,0.9958,5.34,2.67,0.0022,0.0010425665163165398,0.0021977381929692034,0.979393
17,81,6,1,1,1,Excellent,0.9958,5.34,2.67,0.0022,0.0010425665163165398,0.0021977381929692034,0.982272
10,48,7,1,1,1,Average,0.9414,25.26,12.63,0.0605,0.014648100085889931,0.014824172249529016,0.954856
10,48,7,1,1,1,Average,0.9414,25.26,12.63,0.0605,0.014648100085889931,0.014824172249529016,0.960747
20,84,8,1,1,1,Poor,0.8707,75.55,37.78,0.1293,0.03232772833242889,0.02556943695862377,0.867245
20,84,8,1,1,1,Poor,0.8707,75.55,37.78,0.1293,0.03232772833242889,0.02556943695862377,0.885126
13,45,4,1,0,0,Excellent,0.9891,8.08,4.04,0.009,0.0027198269942339537,0.002475826567836074,0.997556
13,45,4,1,0,0,Excellent,0.9891,8.08,4.04,0.009,0.0027198269942339537,0.002475826567836074,0.995626
12,43,6,3,3,3,Good,0.9745,13.76,6.88,0.0228,0.006365034564443012,0.0059012336909197325,0.983748
12,43,6,3,3,3,Good,0.9745,13.76,6.88,0.0228,0.006365034564443012,0.0059012336909197325,0.981795
16,56,7,2,0,0,Good,0.9797,12.78,6.39,0.0229,0.0050667756522881635,0.005083491438382261,0.968875
16,56,7,2,0,0,Good,0.9797,12.78,6.39,0.0229,0.0050667756522881635,0.005083491438382261,0.963541
12,40,5,2,1,1,Excellent,0.9908,9.53,4.77,0.0067,0.0022916699235686067,0.0023746996774714896,0.994496
12,40,5,2,1,1,Excellent,0.9908,9.53,4.77,0.0067,0.0022916699235686067,0.0023746996774714896,0.991238
16,95,8,1,1,1,Good,0.9936,14.42,7.21,0.0101,0.0016055464490799531,0.003279939679910576,0.917018
16,95,8,1,1,1,Good,0.9936,14.42,7.21,0.0101,0.0016055464490799531,0.003279939679910576,0.912232
7,23,5,1,1,1,Good,0.9842,19.38,9.69,0.0125,0.003943615436384246,0.005195388401485111,0.992673
7,23,5,1,1,1,Good,0.9842,19.38,9.69,0.0125,0.003943615436384246,0.005195388401485111,0.98865
8,36,8,1,1,1,Poor,0.9073,86.25,43.12,0.0949,0.023175074981818616,0.018673874373437847,0.92896
8,36,8,1,1,1,Poor,0.9073,86.25,43.12,0.0949,0.023175074981818616,0.018673874373437847,0.939531
15,54,6,3,2,2,Poor,0.9175,98.39,49.19,0.0861,0.02062195627751942,0.022217560605706566,0.975434
15,54,6,3,2,2,Poor,0.9175,98.39,49.19,0.0861,0.02062195627751942,0.022217560605706566,0.975722
18,63,6,2,1,1,Poor,0.8947,58.39,29.19,0.1053,0.026314290031272614,0.026023921567957527,0.937384
18,63,6,2,1,1,Poor,0.8947,58.39,29.19,0.1053,0.026314290031272614,0.026023921567957527,0.936336
8,33,7,1,0,0,Average,0.9662,37.86,18.93,0.0361,0.00846136650137061,0.009058333777216092,0.952375
8,33,7,1,0,0,Average,0.9662,37.86,18.93,0.0361,0.00846136650137061,0.009058333777216092,0.968138
15,50,7,2,1,1,Poor,0.8848,64.16,32.08,0.115,0.028790731183742396,0.019998512097074428,0.936263
15,50,7,2,1,1,Poor,0.8848,64.16,32.08,0.115,0.028790731183742396,0.019998512097074428,0.937211
12,41,5,1,1,1,Excellent,0.9972,5.06,2.53,0.005,0.001,0.0019829074353658444,0.992765
12,41,5,1,1,1,Excellent,0.9972,5.06,2.53,0.005,0.001,0.0019829074353658444,0.988379
15,97,7,1,1,1,Excellent,1.0038,7.04,3.52,0.0004,0.001,0.0017696520229001276,0.96933
15,97,7,1,1,1,Excellent,1.0038,7.04,3.52,0.0004,0.001,0.0017696520229001276,0.965639
11,55,8,1,0,0,Good,0.9736,17.63,8.81,0.0291,0.006607308436137271,0.006006309620208898,0.937258
11,55,8,1,0,0,Good,0.9736,17.63,8.81,0.0291,0.006607308436137271,0.006006309620208898,0.936026
19,101,7,1,1,1,Good,0.9924,12.42,6.21,0.0107,0.0018897218346879407,0.005523810854749648,0.949136
19,101,7,1,1,1,Good,0.9924,12.42,6.21,0.0107,0.0018897218346879407,0.005523810854749648,0.960012
10,23,4,3,1,1,Average,0.9287,38.16,19.08,0.0678,0.017824233741871615,0.008979318416246732,0.964175
10,23,4,3,1,1,Average,0.9287,38.16,19.08,0.0678,0.017824233741871615,0.008979318416246732,0.965623
11,48,8,1,1,1,Excellent,1.0012,5.58,2.79,0.0009,0.001,0.0017686954646954972,0.956477
11,48,8,1,1,1,Excellent,1.0012,5.58,2.79,0.0009,0.001,0.0017686954646954972,0.958833
12,54,8,1,1,1,Poor,0.8978,58.29,29.15,0.1041,0.025557837462439226,0.02250970232870617,0.897063
12,54,8,1,1,1,Poor,0.8978,58.29,29.15,0.1041,0.025557837462439226,0.02250970232870617,0.883434
18,98,8,1,0,0,Average,0.9441,42.02,21.01,0.0601,0.013963821041918345,0.013955343668989744,0.874142
18,98,8,1,0,0,Average,0.9441,42.02,21.01,0.0601,0.013963821041918345,0.013955343668989744,0.889388
17,36,4,1,0,0,Good,0.9883,12.69,6.35,0.0142,0.0029269021463033396,0.005796035984399925,0.989088
17,36,4,1,0,0,Good,0.9883,12.69,6.35,0.0142,0.0029269021463033396,0.005796035984399925,0.996592
11,37,4,3,2,2,Poor,0.9264,50.08,25.04,0.0756,0.018406038131045355,0.022874429831300933,0.995481
11,37,4,3,2,2,Poor,0.9264,50.08,25.04,0.0756,0.018406038131045355,0.022874429831300933,0.994148
11,38,6,2,2,2,Good,0.9908,11.98,5.99,0.0136,0.0022887133787383995,0.004802643137189511,0.98493
11,38,6,2,2,2,Good,0.9908,11.98,5.99,0.0136,0.0022887133787383995,0.004802643137189511,0.987965
12,42,5,1,0,0,Average,0.9345,49.49,24.74,0.0649,0.016364329345679524,0.014303771235014286,0.938722
12,42,5,1,0,0,Average,0.9345,49.49,24.74,0.0649,0.016364329345679524,0.014303771235014286,0.944052
15,32,4,1,1,1,Excellent,0.9957,6.89,3.44,0.0028,0.0010865257128066519,0.0021712928002294916,0.997489
15,32,4,1,1,1,Excellent,0.9957,6.89,3.44,0.0028,0.0010865257128066519,0.0021712928002294916,0.996493
6,18,4,1,1,1,Excellent,0.9921,6.33,3.17,0.0096,0.001974728636905204,0.002578414335662407,0.995423
6,18,4,1,1,1,Excellent,0.9921,6.33,3.17,0.0096,0.001974728636905204,0.002578414335662407,0.997992
21,139,7,1,0,0,Average,0.9584,38.13,19.07,0.0435,0.010410852014887867,0.009744619607892342,0.963265
21,139,7,1,0,0,Average,0.9584,38.13,19.07,0.0435,0.010410852014887867,0.009744619607892342,0.964459
13,71,6,1,1,1,Average,0.9504,39.95,19.98,0.0451,0.012391253122462531,0.009848233871047343,0.979987
13,71,6,1,1,1,Average,0.9504,39.95,19.98,0.0451,0.012391253122462531,0.009848233871047343,0.978124
20,46,4,1,1,1,Poor,0.8554,86.26,43.13,0.141,0.03616225345758006,0.024028637646462153,0.992306
20,46,4,1,1,1,Poor,0.8554,86.26,43.13,0.141,0.03616225345758006,0.024028637646462153,0.984849
14,63,8,3,1,1,Good,0.9792,13.68,6.84,0.0224,0.005194568214984929,0.0049007977102671265,0.922448
14,63,8,3,1,1,Good,0.9792,13.68,6.84,0.0224,0.005194568214984929,0.0049007977102671265,0.923295
12,46,7,1,1,1,Excellent,0.9936,9.93,4.97,0.0096,0.001612320237229653,0.0010332606082227422,0.960994
12,46,7,1,1,1,Excellent,0.9936,9.93,4.97,0.0096,0.001612320237229653,0.0010332606082227422,0.96071
20,84,6,1,1,1,Good,0.9831,16.07,8.03,0.018,0.004219345090621135,0.003325476925025402,0.98028
20,84,6,1,1,1,Good,0.9831,16.07,8.03,0.018,0.004219345090621135,0.003325476925025402,0.98134
21,96,7,1,0,0,Excellent,0.994,8.67,4.34,0.0029,0.0014969650450205596,0.0012863228897729323,0.957051
21,96,7,1,0,0,Excellent,0.994,8.67,4.34,0.0029,0.0014969650450205596,0.0012863228897729323,0.953207
20,101,8,2,0,0,Good,0.9707,18.96,9.48,0.0291,0.007319834745837667,0.005162671632793594,0.89152
20,101,8,2,0,0,Good,0.9707,18.96,9.48,0.0291,0.007319834745837667,0.005162671632793594,0.886357
12,46,5,1,1,1,Good,0.9727,17.53,8.77,0.0232,0.006825145972787355,0.004739573627512499,0.989544
12,46,5,1,1,1,Good,0.9727,17.53,8.77,0.0232,0.006825145972787355,0.004739573627512499,0.988232
18,80,6,4,3,3,Average,0.9595,26.61,13.31,0.0403,0.010135529631976559,0.01418008706990488,0.974025
18,80,6,4,3,3,Average,0.9595,26.61,13.31,0.0403,0.010135529631976559,0.01418008706990488,0.979441
10,24,4,1,1,1,Poor,0.8784,54.52,27.26,0.1253,0.0304058394476511,0.02897669932722733,0.989674
10,24,4,1,1,1,Poor,0.8784,54.52,27.26,0.1253,0.0304058394476511,0.02897669932722733,0.989095
9,40,6,1,1,1,Average,0.9688,22.63,11.32,0.0336,0.007789941220893548,0.014497685205230496,0.935478
9,40,6,1,1,1,Average,0.9688,22.63,11.32,0.0336,0.007789941220893548,0.014497685205230496,0.945196
12,81,8,2,2,2,Poor,0.9031,98.99,49.5,0.0956,0.024230300176380754,0.025189532555705885,0.877116
12,81,8,2,2,2,Poor,0.9031,98.99,49.5,0.0956,0.024230300176380754,0.025189532555705885,0.886999
18,53,4,1,1,1,Excellent,0.9918,7.69,3.85,0.0046,0.0020397549588191954,0.00288577981735503,0.99649
18,53,4,1,1,1,Excellent,0.9918,7.69,3.85,0.0046,0.0020397549588191954,0.00288577981735503,0.994862
15,64,8,3,2,2,Good,0.9763,17.47,8.74,0.027,0.005926259120919125,0.003137375462021837,0.93509
15,64,8,3,2,2,Good,0.9763,17.47,8.74,0.027,0.005926259120919125,0.003137375462021837,0.942709
15,82,6,1,1,1,Excellent,0.9923,6.37,3.18,0.0085,0.0019342432772412876,0.002262154144476165,0.992959
15,82,6,1,1,1,Excellent,0.9923,6.37,3.18,0.0085,0.0019342432772412876,0.002262154144476165,0.991082
21,84,5,1,1,1,Average,0.9597,41.12,20.56,0.0451,0.010064229283948234,0.00966515637354268,0.989441
21,84,5,1,1,1,Average,0.9597,41.12,20.56,0.0451,0.010064229283948234,0.00966515637354268,0.991842
11,32,4,1,1,1,Poor,0.9092,86.37,43.18,0.0939,0.02269450514048088,0.028685645593164662,0.982022
11,32,4,1,1,1,Poor,0.9092,86.37,43.18,0.0939,0.02269450514048088,0.028685645593164662,0.9814
18,93,8,4,2,2,Average,0.9495,32.67,16.34,0.0489,0.012613448280907102,0.010130901717606968,0.92088
18,93,8,4,2,2,Average,0.9495,32.67,16.34,0.0489,0.012613448280907102,0.010130901717606968,0.921815
18,82,8,1,0,0,Excellent,0.9933,5.65,2.83,0.0075,0.0016797070005055703,0.0026101435728985564,0.917308
18,82,8,1,0,0,Excellent,0.9933,5.65,2.83,0.0075,0.0016797070005055703,0.0026101435728985564,0.911678
20,96,6,1,0,0,Good,0.981,15.77,7.89,0.0188,0.0047533144075578015,0.006588872347617831,0.979006
20,96,6,1,0,0,Good,0.981,15.77,7.89,0.0188,0.0047533144075578015,0.006588872347617831,0.978701
11,45,7,2,1,1,Excellent,0.9871,5.48,2.74,0.0097,0.003236314701453108,0.0011049442308745808,0.972767
11,45,7,2,1,1,Excellent,0.9871,5.48,2.74,0.0097,0.003236314701453108,0.0011049442308745808,0.968855
19,81,8,2,1,1,Good,0.9773,16.27,8.13,0.0181,0.005684987909555406,0.003963421684403562,0.918155
19,81,8,2,1,1,Good,0.9773,16.27,8.13,0.0181,0.005684987909555406,0.003963421684403562,0.921034
15,52,7,1,0,0,Good,0.9844,16.53,8.26,0.0175,0.003897371079037648,0.006181300838909623,0.968978
15,52,7,1,0,0,Good,0.9844,16.53,8.26,0.0175,0.003897371079037648,0.006181300838909623,0.970244
17,58,7,1,1,1,Excellent,0.9991,5.6,2.8,0.0008,0.001,0.00233758441967485,0.957193
17,58,7,1,1,1,Excellent,0.9991,5.6,2.8,0.0008,0.001,0.00233758441967485,0.958822
21,53,4,1,0,0,Average,0.9671,40.81,20.41,0.0338,0.008213334865798755,0.01007167902494618,0.994722
21,53,4,1,0,0,Average,0.9671,40.81,20.41,0.0338,0.008213334865798755,0.01007167902494618,0.994502
10,75,8,1,1,1,Excellent,0.9965,6.63,3.31,0.0071,0.001,0.0020750221339596786,0.962357
10,75,8,1,1,1,Excellent,0.9965,6.63,3.31,0.0071,0.001,0.0020750221339596786,0.954249
6,27,7,1,1,1,Poor,0.8902,77.8,38.9,0.1129,0.027447845148625027,0.022328448936037533,0.945779
6,27,7,1,1,1,Poor,0.8902,77.8,38.9,0.1129,0.027447845148625027,0.022328448936037533,0.929738
9,50,8,1,1,1,Good,0.9689,19.66,9.83,0.028,0.00778635105812267,0.005396410426354882,0.958922
9,50,8,1,1,1,Good,0.9689,19.66,9.83,0.028,0.00778635105812267,0.005396410426354882,0.966755
20,124,8,2,1,1,Average,0.9619,23.69,11.85,0.0352,0.009522585154467883,0.008289682095516976,0.919407
20,124,8,2,1,1,Average,0.9619,23.69,11.85,0.0352,0.009522585154467883,0.008289682095516976,0.925791
14,84,8,2,2,2,Excellent,0.9967,5.42,2.71,0.0012,0.001,0.0029325523308579198,0.919401
14,84,8,2,2,2,Excellent,0.9967,5.42,2.71,0.0012,0.001,0.0029325523308579198,0.929161
19,44,5,1,1,1,Excellent,1.004,6.24,3.12,0.0005,0.001,0.002809239026647833,0.989349
19,44,5,1,1,1,Excellent,1.004,6.24,3.12,0.0005,0.001,0.002809239026647833,0.99008
21,82,5,1,1,1,Average,0.9291,35.68,17.84,0.0694,0.017729902404938186,0.01130567589465322,0.98911
21,82,5,1,1,1,Average,0.9291,35.68,17.84,0.0694,0.017729902404938186,0.01130567589465322,0.984209
12,37,4,1,1,1,Good,0.9779,13.0,6.5,0.0267,0.005519581703398696,0.005408577548029143,0.998901
12,37,4,1,1,1,Good,0.9779,13.0,6.5,0.0267,0.005519581703398696,0.005408577548029143,0.996592
19,80,8,4,3,3,Excellent,0.9989,7.75,3.87,0.0026,0.001,0.0013266387492427137,0.923294
19,80,8,4,3,3,Excellent,0.9989,7.75,3.87,0.0026,0.001,0.0013266387492427137,0.925547
8,43,7,2,1,1,Average,0.9288,40.3,20.15,0.0676,0.017793883406411054,0.008630103175077323,0.963885
8,43,7,2,1,1,Average,0.9288,40.3,20.15,0.0676,0.017793883406411054,0.008630103175077323,0.959217
12,39,6,1,0,0,Average,0.9442,36.91,18.45,0.0559,0.013949142502194062,0.008312344576101688,0.977266
12,39,6,1,0,0,Average,0.9442,36.91,18.45,0.0559,0.013949142502194062,0.008312344576101688,0.978767
16,70,5,1,0,0,Poor,0.8504,68.95,34.47,0.1471,0.037411609808939206,0.01905187850348143,0.959279
16,70,5,1,0,0,Poor,0.8504,68.95,34.47,0.1471,0.037411609808939206,0.01905187850348143,0.967812
19,146,8,1,0,0,Excellent,1.0032,6.65,3.32,0.0009,0.001,0.00255614190210779,0.923433
19,146,8,1,0,0,Excellent,1.0032,6.65,3.32,0.0009,0.001,0.00255614190210779,0.919537
18,49,4,1,1,1,Good,0.9922,13.79,6.89,0.0121,0.0019609239966043024,0.0037029254891418123,0.995415
18,49,4,1,1,1,Good,0.9922,13.79,6.89,0.0121,0.0019609239966043024,0.0037029254891418123,0.997209
21,87,6,1,0,0,Excellent,0.9966,7.64,3.82,0.007,0.001,0.0021030844639398747,0.981562
21,87,6,1,0,0,Excellent,0.9966,7.64,3.82,0.007,0.001,0.0021030844639398747,0.980814
9,54,8,2,2,2,Excellent,0.9894,5.85,2.93,0.0095,0.0026423674369454586,0.0016903457761717586,0.913955
9,54,8,2,2,2,Excellent,0.9894,5.85,2.93,0.0095,0.0026423674369454586,0.0016903457761717586,0.938073
18,105,8,2,1,1,Poor,0.9111,79.62,39.81,0.0907,0.022214574749812754,0.02569833991924203,0.894997
18,105,8,2,1,1,Poor,0.9111,79.62,39.81,0.0907,0.022214574749812754,0.02569833991924203,0.896269
14,59,7,1,1,1,Excellent,0.9923,9.59,4.8,0.0064,0.0019226069798133905,0.0025550563223527617,0.962944
14,59,7,1,1,1,Excellent,0.9923,9.59,4.8,0.0064,0.0019226069798133905,0.0025550563223527617,0.96253
19,88,8,3,2,2,Poor,0.8541,59.16,29.58,0.1489,0.03647875326431069,0.02253343868480842,0.828928
19,88,8,3,2,2,Poor,0.8541,59.16,29.58,0.1489,0.03647875326431069,0.02253343868480842,0.811719
19,85,6,2,1,1,Good,0.9773,13.05,6.53,0.0272,0.005670970750380755,0.00462605913789804,0.983613
19,85,6,2,1,1,Good,0.9773,13.05,6.53,0.0272,0.005670970750380755,0.00462605913789804,0.983924
8,32,6,1,1,1,Excellent,0.9935,5.38,2.69,0.0024,0.0016160078305705317,0.0021506333955736683,0.980339
8,32,6,1,1,1,Excellent,0.9935,5.38,2.69,0.0024,0.0016160078305705317,0.0021506333955736683,0.985069
21,141,8,3,1,1,Excellent,0.9958,9.81,4.91,0.0042,0.0010382531535735873,0.002461594732648557,0.938005
21,141,8,3,1,1,Excellent,0.9958,9.81,4.91,0.0042,0.0010382531535735873,0.002461594732648557,0.918434
21,100,7,1,0,0,Excellent,0.9979,7.03,3.51,0.0062,0.001,0.002491834521402273,0.962547
21,100,7,1,0,0,Excellent,0.9979,7.03,3.51,0.0062,0.001,0.002491834521402273,0.970387
17,68,7,3,2,2,Good,0.981,19.94,9.97,0.0232,0.004754723162918778,0.006996671673069355,0.955013
17,68,7,3,2,2,Good,0.981,19.94,9.97,0.0232,0.004754723162918778,0.006996671673069355,0.960174
20,90,8,4,2,2,Good,0.9726,16.75,8.37,0.0276,0.006850861788236018,0.00390027431174559,0.919601
20,90,8,4,2,2,Good,0.9726,16.75,8.37,0.0276,0.006850861788236018,0.00390027431174559,0.895744
19,40,4,3,2,2,Poor,0.8963,68.95,34.48,0.0999,0.025932590205592465,0.028710677625134195,0.984239
19,40,4,3,2,2,Poor,0.8963,68.95,34.48,0.0999,0.025932590205592465,0.028710677625134195,0.983231
15,51,6,3,0,0,Poor,0.9153,64.68,32.34,0.087,0.02116625458722371,0.02353262916881086,0.972594
15,51,6,3,0,0,Poor,0.9153,64.68,32.34,0.087,0.02116625458722371,0.02353262916881086,0.97807
21,72,7,3,1,1,Excellent,0.9921,6.78,3.39,0.0062,0.0019674461178854907,0.0017077854887718566,0.973175
21,72,7,3,1,1,Excellent,0.9921,6.78,3.39,0.0062,0.0019674461178854907,0.0017077854887718566,0.9669
17,41,4,1,1,1,Good,0.9891,14.02,7.01,0.0102,0.00271730912310314,0.0037901777352316313,0.998724
17,41,4,1,1,1,Good,0.9891,14.02,7.01,0.0102,0.00271730912310314,0.0037901777352316313,0.997164
10,53,8,1,0,0,Poor,0.8876,56.19,28.1,0.109,0.028109167093147258,0.024849501689911048,0.902566
10,53,8,1,0,0,Poor,0.8876,56.19,28.1,0.109,0.028109167093147258,0.024849501689911048,0.90105
21,104,5,1,1,1,Poor,0.9048,68.72,34.36,0.0992,0.023809430492009037,0.023046410770514295,0.989086
21,104,5,1,1,1,Poor,0.9048,68.72,34.36,0.0992,0.023809430492009037,0.023046410770514295,0.990301
19,77,6,1,0,0,Excellent,0.9883,6.8,3.4,0.0087,0.002930123630884185,0.0013791341377034747,0.981925
19,77,6,1,0,0,Excellent,0.9883,6.8,3.4,0.0087,0.002930123630884185,0.0013791341377034747,0.981078
19,79,7,4,1,1,Average,0.9606,47.03,23.51,0.0364,0.009855645200543911,0.010834359881859948,0.945058
19,79,7,4,1,1,Average,0.9606,47.03,23.51,0.0364,0.009855645200543911,0.010834359881859948,0.941219
9,34,6,1,1,1,Poor,0.8922,74.45,37.23,0.1096,0.02695701071404369,0.01691150981838491,0.965096
9,34,6,1,1,1,Poor,0.8922,74.45,37.23,0.1096,0.02695701071404369,0.01691150981838491,0.963204
18,83,7,2,2,2,Good,0.9831,11.1,5.55,0.0122,0.004236517408104656,0.0036221679551637336,0.944957
18,83,7,2,2,2,Good,0.9831,11.1,5.55,0.0122,0.004236517408104656,0.0036221679551637336,0.948403
6,42,8,1,1,1,Good,0.9727,10.52,5.26,0.0266,0.00682501617274886,0.005388347290081726,0.962527
6,42,8,1,1,1,Good,0.9727,10.52,5.26,0.0266,0.00682501617274886,0.005388347290081726,0.958144
19,59,4,1,1,1,Poor,0.8937,64.47,32.24,0.1089,0.026566335134803637,0.018716209488095322,0.995996
19,59,4,1,1,1,Poor,0.8937,64.47,32.24,0.1089,0.026566335134803637,0.018716209488095322,0.990492
11,37,5,2,0,0,Good,0.9853,12.81,6.41,0.0123,0.0036662731270133975,0.005803823061208557,0.991335
11,37,5,2,0,0,Good,0.9853,12.81,6.41,0.0123,0.0036662731270133975,0.005803823061208557,0.989062
12,60,7,1,0,0,Poor,0.8672,85.32,42.66,0.1348,0.03319618698384727,0.022535009154427844,0.91398
12,60,7,1,0,0,Poor,0.8672,85.32,42.66,0.1348,0.03319618698384727,0.022535009154427844,0.942195
12,55,5,1,1,1,Good,0.9827,12.29,6.15,0.0126,0.004315562984509469,0.006961595183377784,0.996415
12,55,5,1,1,1,Good,0.9827,12.29,6.15,0.0126,0.004315562984509469,0.006961595183377784,0.994391
19,70,5,1,0,0,Excellent,0.9946,8.08,4.04,0.0009,0.00134995016239578,0.0018145943809296365,0.989387
19,70,5,1,0,0,Excellent,0.9946,8.08,4.04,0.0009,0.00134995016239578,0.0018145943809296365,0.993169
16,70,5,2,1,1,Poor,0.8906,73.96,36.98,0.1108,0.027337590965720415,0.019564349849900783,0.987233
16,70,5,2,1,1,Poor,0.8906,73.96,36.98,0.1108,0.027337590965720415,0.019564349849900783,0.989493
17,61,6,2,1,1,Average,0.939,48.29,24.14,0.0585,0.015248434401162997,0.014160849872085834,0.951103
17,61,6,2,1,1,Average,0.939,48.29,24.14,0.0585,0.015248434401162997,0.014160849872085834,0.943123
7,19,4,1,1,1,Average,0.9552,26.36,13.18,0.0489,0.011199376704434216,0.0078060935992543415,0.978943
7,19,4,1,1,1,Average,0.9552,26.36,13.18,0.0489,0.011199376704434216,0.0078060935992543415,0.990173
17,61,6,4,1,1,Good,0.9846,16.5,8.25,0.0142,0.0038400431178775285,0.006548775199245379,0.974581
17,61,6,4,1,1,Good,0.9846,16.5,8.25,0.0142,0.0038400431178775285,0.006548775199245379,0.977834
9,29,5,1,1,1,Excellent,0.9924,7.93,3.97,0.0091,0.0018945541804029076,0.0013808672009844704,0.98988
9,29,5,1,1,1,Excellent,0.9924,7.93,3.97,0.0091,0.0018945541804029076,0.0013808672009844704,0.988663
21,67,6,3,1,1,Good,0.9832,15.34,7.67,0.0131,0.004198781901894405,0.004672850237801542,0.977802
21,67,6,3,1,1,Good,0.9832,15.34,7.67,0.0131,0.004198781901894405,0.004672850237801542,0.976312
17,61,6,3,2,2,Average,0.9454,33.45,16.73,0.0587,0.01364613579648713,0.007541667967010774,0.939492
17,61,6,3,2,2,Average,0.9454,33.45,16.73,0.0587,0.01364613579648713,0.007541667967010774,0.939139
6,33,7,1,0,0,Good,0.9724,15.99,8.0,0.0239,0.0069111955472327125,0.003181780903214303,0.970864
6,33,7,1,0,0,Good,0.9724,15.99,8.0,0.0239,0.0069111955472327125,0.003181780903214303,0.975936
7,40,8,1,1,1,Good,0.9839,17.41,8.7,0.0179,0.004025733442186957,0.00648102287988328,0.972276
7,40,8,1,1,1,Good,0.9839,17.41,8.7,0.0179,0.004025733442186957,0.00648102287988328,0.974279
18,108,8,1,1,1,Poor,0.9085,80.36,40.18,0.0866,0.02287949056015401,0.02357846966584858,0.846295
18,108,8,1,1,1,Poor,0.9085,80.36,40.18,0.0866,0.02287949056015401,0.02357846966584858,0.85448
6,36,8,2,1,1,Poor,0.8699,75.19,37.6,0.1276,0.03251449677901669,0.027787126178332004,0.954134
6,36,8,2,1,1,Poor,0.8699,75.19,37.6,0.1276,0.03251449677901669,0.027787126178332004,0.948121
14,53,6,1,1,1,Excellent,0.9969,5.86,2.93,0.0005,0.001,0.0010781813508214852,0.974102
14,53,6,1,1,1,Excellent,0.9969,5.86,2.93,0.0005,0.001,0.0010781813508214852,0.982161
14,37,5,1,0,0,Good,0.9756,12.7,6.35,0.0258,0.00609707378080146,0.003996032297299393,0.991901
14,37,5,1,0,0,Good,0.9756,12.7,6.35,0.0258,0.00609707378080146,0.003996032297299393,0.993287
17,75,8,6,2,2,Average,0.9423,22.5,11.25,0.0582,0.01443142949178644,0.012776636727667545,0.903522
17,75,8,6,2,2,Average,0.9423,22.5,11.25,0.0582,0.01443142949178644,0.012776636727667545,0.89394
7,24,6,1,0,0,Excellent,1.0025,9.12,4.56,0.0022,0.001,0.0013534704782960892,0.986666
7,24,6,1,0,0,Excellent,1.0025,9.12,4.56,0.0022,0.001,0.0013534704782960892,0.988677
12,52,8,2,0,0,Poor,0.9093,61.03,30.52,0.0915,0.022671710550813906,0.027115994415233432,0.881575
12,52,8,2,0,0,Poor,0.9093,61.03,30.52,0.0915,0.022671710550813906,0.027115994415233432,0.889305
21,65,5,1,0,0,Excellent,0.9986,7.48,3.74,0.0046,0.001,0.0013522211043366776,0.992803
21,65,5,1,0,0,Excellent,0.9986,7.48,3.74,0.0046,0.001,0.0013522211043366776,0.990155
21,89,8,5,5,5,Good,0.9862,16.48,8.24,0.0104,0.0034479398976092757,0.0037109370773285386,0.918663
21,89,8,5,5,5,Good,0.9862,16.48,8.24,0.0104,0.0034479398976092757,0.0037109370773285386,0.90877
12,59,7,1,0,0,Excellent,0.9953,5.72,2.86,0.0043,0.0011784271772228572,0.0022902375157234887,0.962481
12,59,7,1,0,0,Excellent,0.9953,5.72,2.86,0.0043,0.0011784271772228572,0.0022902375157234887,0.961393
9,45,7,1,1,1,Good,0.9749,17.27,8.63,0.0262,0.0062817298420490275,0.004511500519036965,0.96425
9,45,7,1,1,1,Good,0.9749,17.27,8.63,0.0262,0.0062817298420490275,0.004511500519036965,0.968935
13,33,5,1,1,1,Excellent,0.9916,6.34,3.17,0.0094,0.0020974030273759325,0.002584800868725192,0.986133
13,33,5,1,1,1,Excellent,0.9916,6.34,3.17,0.0094,0.0020974030273759325,0.002584800868725192,0.989991
21,91,5,1,1,1,Poor,0.9052,90.77,45.39,0.0946,0.023700428893781017,0.018657132877693567,0.987615
21,91,5,1,1,1,Poor,0.9052,90.77,45.39,0.0946,0.023700428893781017,0.018657132877693567,0.988445
9,47,8,1,0,0,Excellent,0.9969,9.12,4.56,0.001,0.001,0.0020230848325261007,0.966111
9,47,8,1,0,0,Excellent,0.9969,9.12,4.56,0.001,0.001,0.0020230848325261007,0.96984
13,35,4,1,0,0,Poor,0.8996,69.27,34.63,0.0983,0.025099082719851895,0.028825363764053966,0.992663
13,35,4,1,0,0,Poor,0.8996,69.27,34.63,0.0983,0.025099082719851895,0.028825363764053966,0.992675
9,32,7,2,2,2,Poor,0.9172,58.48,29.24,0.0788,0.02069837243928971,0.02933773602714549,0.84412
9,32,7,2,2,2,Poor,0.9172,58.48,29.24,0.0788,0.02069837243928971,0.02933773602714549,0.853676
16,80,8,3,2,2,Excellent,0.9866,6.8,3.4,0.0092,0.0033497447897547494,0.0010866936684326288,0.907596
16,80,8,3,2,2,Excellent,0.9866,6.8,3.4,0.0092,0.0033497447897547494,0.0010866936684326288,0.905771
11,29,5,1,1,1,Poor,0.8838,76.52,38.26,0.118,0.0290436464180365,0.017253300535654745,0.975263
11,29,5,1,1,1,Poor,0.8838,76.52,38.26,0.118,0.0290436464180365,0.017253300535654745,0.974558
15,55,6,2,0,0,Average,0.9591,46.26,23.13,0.0408,0.01021280583000192,0.009952899988465418,0.975173
15,55,6,2,0,0,Average,0.9591,46.26,23.13,0.0408,0.01021280583000192,0.009952899988465418,0.983283
10,22,4,3,2,2,Good,0.9844,13.2,6.6,0.0178,0.003899639213393258,0.006142184376011469,0.995127
10,22,4,3,2,2,Good,0.9844,13.2,6.6,0.0178,0.003899639213393258,0.006142184376011469,0.994424
11,39,5,1,1,1,Poor,0.8903,67.63,33.82,0.1095,0.027430908152782096,0.029592732982405758,0.991925
11,39,5,1,1,1,Poor,0.8903,67.63,33.82,0.1095,0.027430908152782096,0.029592732982405758,0.987495
16,68,8,1,1,1,Good,0.9744,18.02,9.01,0.0231,0.006405000806972844,0.004674638526121952,0.921569
16,68,8,1,1,1,Good,0.9744,18.02,9.01,0.0231,0.006405000806972844,0.004674638526121952,0.935319
21,101,7,1,0,0,Good,0.9776,13.85,6.92,0.0216,0.005600217783877537,0.005311505758064763,0.965825
21,101,7,1,0,0,Good,0.9776,13.85,6.92,0.0216,0.005600217783877537,0.005311505758064763,0.965973
8,21,5,1,0,0,Good,0.9894,13.62,6.81,0.0141,0.0026399105595547034,0.00444959376926346,0.993127
8,21,5,1,0,0,Good,0.9894,13.62,6.81,0.0141,0.0026399105595547034,0.00444959376926346,0.993956
10,48,7,1,1,1,Excellent,1.0,5.3,2.65,0.0035,0.001,0.0027335450169242454,0.986793
10,48,7,1,1,1,Excellent,1.0,5.3,2.65,0.0035,0.001,0.0027335450169242454,0.987886
10,44,7,2,0,0,Poor,0.8593,62.12,31.06,0.1362,0.03516677199024151,0.017067019691754406,0.932195
10,44,7,2,0,0,Poor,0.8593,62.12,31.06,0.1362,0.03516677199024151,0.017067019691754406,0.916364
18,63,5,1,0,0,Excellent,0.9913,8.48,4.24,0.0042,0.0021765634914912846,0.001212019662003924,0.991051
18,63,5,1,0,0,Excellent,0.9913,8.48,4.24,0.0042,0.0021765634914912846,0.001212019662003924,0.98888
10,43,6,1,1,1,Excellent,1.0032,6.23,3.11,0.0001,0.001,0.0018329897396224322,0.985787
10,43,6,1,1,1,Excellent,1.0032,6.23,3.11,0.0001,0.001,0.0018329897396224322,0.989306
19,103,7,2,2,2,Average,0.9393,33.32,16.66,0.0558,0.015165447974469864,0.007890133330576858,0.944155
19,103,7,2,2,2,Average,0.9393,33.32,16.66,0.0558,0.015165447974469864,0.007890133330576858,0.945857
7,19,4,1,0,0,Good,0.9931,15.03,7.52,0.0102,0.0017226376453258196,0.005719614176399766,0.996
7,19,4,1,0,0,Good,0.9931,15.03,7.52,0.0102,0.0017226376453258196,0.005719614176399766,0.996286
14,87,7,1,0,0,Average,0.9496,41.28,20.64,0.0469,0.012594701022915072,0.014784978633638413,0.96409
14,87,7,1,0,0,Average,0.9496,41.28,20.64,0.0469,0.012594701022915072,0.014784978633638413,0.965459
18,90,8,1,1,1,Good,0.9776,17.43,8.72,0.018,0.005612020064502593,0.004569163834562712,0.92611
18,90,8,1,1,1,Good,0.9776,17.43,8.72,0.018,0.005612020064502593,0.004569163834562712,0.918399
21,136,7,1,0,0,Average,0.9526,39.58,19.79,0.0462,0.01184982359677908,0.0074373732688033135,0.953833
21,136,7,1,0,0,Average,0.9526,39.58,19.79,0.0462,0.01184982359677908,0.0074373732688033135,0.961017
19,73,6,1,0,0,Good,0.9865,12.7,6.35,0.0121,0.003365246235438213,0.006115189041096248,0.983697
19,73,6,1,0,0,Good,0.9865,12.7,6.35,0.0121,0.003365246235438213,0.006115189041096248,0.983478
9,26,5,1,1,1,Excellent,1.004,6.06,3.03,0.0001,0.001,0.0013754876189185884,0.990669
9,26,5,1,1,1,Excellent,1.004,6.06,3.03,0.0001,0.001,0.0013754876189185884,0.994843
14,55,5,1,0,0,Excellent,0.995,9.88,4.94,0.0056,0.001252643727853553,0.0025804514062971917,0.990202
14,55,5,1,0,0,Excellent,0.995,9.88,4.94,0.0056,0.001252643727853553,0.0025804514062971917,0.98768
8,29,6,3,3,3,Average,0.9536,20.25,10.13,0.0443,0.01161048598676881,0.010185091108096605,0.976001
8,29,6,3,3,3,Average,0.9536,20.25,10.13,0.0443,0.01161048598676881,0.010185091108096605,0.976752
16,57,5,1,0,0,Poor,0.8541,86.28,43.14,0.1479,0.036470372832593495,0.016460697538925505,0.980686
16,57,5,1,0,0,Poor,0.8541,86.28,43.14,0.1479,0.036470372832593495,0.016460697538925505,0.986465
9,32,7,2,0,0,Good,0.9738,10.24,5.12,0.0259,0.006537963900302812,0.006475249405265662,0.965009
9,32,7,2,0,0,Good,0.9738,10.24,5.12,0.0259,0.006537963900302812,0.006475249405265662,0.963506
15,34,4,1,0,0,Good,0.9846,11.52,5.76,0.0193,0.0038525214331513735,0.0033731634602790564,0.992589
15,34,4,1,0,0,Good,0.9846,11.52,5.76,0.0193,0.0038525214331513735,0.0033731634602790564,0.990255
12,31,5,2,2,2,Good,0.9914,17.69,8.84,0.0132,0.0021460667342918516,0.005065203189619746,0.991254
12,31,5,2,2,2,Good,0.9914,17.69,8.84,0.0132,0.0021460667342918516,0.005065203189619746,0.990329
15,48,6,2,2,2,Average,0.9278,38.7,19.35,0.0676,0.018051379115002708,0.012702099846254289,0.968015
15,48,6,2,2,2,Average,0.9278,38.7,19.35,0.0676,0.018051379115002708,0.012702099846254289,0.957144
13,52,7,2,2,2,Good,0.9824,19.97,9.99,0.0221,0.004389346092894569,0.005267603445881296,0.949252
13,52,7,2,2,2,Good,0.9824,19.97,9.99,0.0221,0.004389346092894569,0.005267603445881296,0.962305
9,52,7,1,0,0,Poor,0.8519,65.69,32.84,0.1447,0.03702743821398735,0.019201759834942773,0.919139
9,52,7,1,0,0,Poor,0.8519,65.69,32.84,0.1447,0.03702743821398735,0.019201759834942773,0.912119
17,56,6,2,0,0,Excellent,0.9925,5.36,2.68,0.0071,0.0018747847064211065,0.002972286618847563,0.978097
17,56,6,2,0,0,Excellent,0.9925,5.36,2.68,0.0071,0.0018747847064211065,0.002972286618847563,0.983181
20,75,6,2,1,1,Good,0.9704,19.4,9.7,0.0294,0.007387755738531676,0.004453888441890575,0.983593
20,75,6,2,1,1,Good,0.9704,19.4,9.7,0.0294,0.007387755738531676,0.004453888441890575,0.985913
18,79,6,2,1,1,Poor,0.8529,92.85,46.43,0.1434,0.03677034173167962,0.020500983988398228,0.959321
18,79,6,2,1,1,Poor,0.8529,92.85,46.43,0.1434,0.03677034173167962,0.020500983988398228,0.969425
20,77,7,3,1,1,Average,0.9258,46.32,23.16,0.0696,0.018555792572155755,0.014819453099004433,0.946986
20,77,7,3,1,1,Average,0.9258,46.32,23.16,0.0696,0.018555792572155755,0.014819453099004433,0.939944
13,32,4,1,0,0,Excellent,0.9977,5.77,2.89,0.0011,0.001,0.0021402674525868954,0.997357
13,32,4,1,0,0,Excellent,0.9977,5.77,2.89,0.0011,0.001,0.0021402674525868954,0.997212
13,31,4,1,0,0,Poor,0.875,93.71,46.85,0.1235,0.031260666330943765,0.022027330470362805,0.983417
13,31,4,1,0,0,Poor,0.875,93.71,46.85,0.1235,0.031260666330943765,0.022027330470362805,0.979093
20,97,8,5,1,1,Excellent,0.9969,5.43,2.71,0.0073,0.001,0.002844981497480644,0.925076
20,97,8,5,1,1,Excellent,0.9969,5.43,2.71,0.0073,0.001,0.002844981497480644,0.931371
12,49,7,2,1,1,Poor,0.9096,66.44,33.22,0.0954,0.022604601665120932,0.02229442524306124,0.934608
12,49,7,2,1,1,Poor,0.9096,66.44,33.22,0.0954,0.022604601665120932,0.02229442524306124,0.94057
20,81,6,2,2,2,Excellent,0.987,7.73,3.86,0.0095,0.003257549699950041,0.0014269402819899711,0.979293
20,81,6,2,2,2,Excellent,0.987,7.73,3.86,0.0095,0.003257549699950041,0.0014269402819899711,0.979388
7,42,8,1,0,0,Poor,0.8682,53.12,26.56,0.1347,0.03294677381332653,0.029678412356236163,0.947106
7,42,8,1,0,0,Poor,0.8682,53.12,26.56,0.1347,0.03294677381332653,0.029678412356236163,0.943693
6,17,5,1,1,1,Poor,0.875,63.49,31.75,0.1209,0.03125476765012569,0.0160388857432349,0.964321
6,17,5,1,1,1,Poor,0.875,63.49,31.75,0.1209,0.03125476765012569,0.0160388857432349,0.95578
8,38,7,2,1,1,Average,0.9511,46.21,23.11,0.0481,0.01221490466893424,0.008712839226105475,0.959448
8,38,7,2,1,1,Average,0.9511,46.21,23.11,0.0481,0.01221490466893424,0.008712839226105475,0.959123
11,51,6,2,2,2,Excellent,0.9894,5.46,2.73,0.009,0.002649056473098127,0.0025063521012202647,0.983628
11,51,6,2,2,2,Excellent,0.9894,5.46,2.73,0.009,0.002649056473098127,0.0025063521012202647,0.979946
19,62,6,3,2,2,Poor,0.8715,73.77,36.89,0.1251,0.032124886965477245,0.025450351287065145,0.963385
19,62,6,3,2,2,Poor,0.8715,73.77,36.89,0.1251,0.032124886965477245,0.025450351287065145,0.968756
12,27,4,1,1,1,Excellent,0.9907,8.61,4.31,0.0058,0.0023346803019341222,0.002328125878965377,0.994923
12,27,4,1,1,1,Excellent,0.9907,8.61,4.31,0.0058,0.0023346803019341222,0.002328125878965377,0.994887
6,28,6,1,0,0,Good,0.9713,18.97,9.48,0.0287,0.0071704828260591436,0.004265631351280417,0.985765
6,28,6,1,0,0,Good,0.9713,18.97,9.48,0.0287,0.0071704828260591436,0.004265631351280417,0.990251
6,31,8,1,1,1,Poor,0.8628,97.17,48.58,0.1386,0.03430960872315633,0.024583745930655765,0.928427
6,31,8,1,1,1,Poor,0.8628,97.17,48.58,0.1386,0.03430960872315633,0.024583745930655765,0.942428
12,27,4,1,1,1,Good,0.9757,14.2,7.1,0.0209,0.006065178568434443,0.004510226285938539,0.992115
12,27,4,1,1,1,Good,0.9757,14.2,7.1,0.0209,0.006065178568434443,0.004510226285938539,0.996016
6,18,5,1,0,0,Average,0.9733,44.41,22.21,0.0306,0.006670275403201836,0.011016681600752563,0.986109
6,18,5,1,0,0,Average,0.9733,44.41,22.21,0.0306,0.006670275403201836,0.011016681600752563,0.988667
19,90,7,1,0,0,Poor,0.863,67.59,33.79,0.1363,0.034249094218324255,0.02961105239746136,0.916183
19,90,7,1,0,0,Poor,0.863,67.59,33.79,0.1363,0.034249094218324255,0.02961105239746136,0.91575
17,74,7,1,1,1,Good,0.9861,15.53,7.76,0.0133,0.003473595282136699,0.004140111739787209,0.958226
17,74,7,1,1,1,Good,0.9861,15.53,7.76,0.0133,0.003473595282136699,0.004140111739787209,0.96754
15,81,7,3,2,2,Excellent,0.988,9.98,4.99,0.0081,0.0030053193075134654,0.002299249172455467,0.963823
15,81,7,3,2,2,Excellent,0.988,9.98,4.99,0.0081,0.0030053193075134654,0.002299249172455467,0.96305
21,69,4,1,0,0,Excellent,0.998,8.17,4.08,0.005,0.001,0.002335420270113713,0.995087
21,69,4,1,0,0,Excellent,0.998,8.17,4.08,0.005,0.001,0.002335420270113713,0.997326
18,110,8,4,3,3,Excellent,0.9915,5.98,2.99,0.0047,0.0021128342039871684,0.002935232204105723,0.931311
18,110,8,4,3,3,Excellent,0.9915,5.98,2.99,0.0047,0.0021128342039871684,0.002935232204105723,0.93651
15,91,8,1,1,1,Average,0.9628,46.39,23.19,0.0406,0.009298780268559487,0.013361105675061803,0.918823
15,91,8,1,1,1,Average,0.9628,46.39,23.19,0.0406,0.009298780268559487,0.013361105675061803,0.911762
13,65,7,1,1,1,Excellent,0.991,9.5,4.75,0.0041,0.0022475664877598667,0.0013067506967560966,0.961519
13,65,7,1,1,1,Excellent,0.991,9.5,4.75,0.0041,0.0022475664877598667,0.0013067506967560966,0.959449
19,85,8,2,1,1,Good,0.9833,15.56,7.78,0.0178,0.004166142172010362,0.004573270971433815,0.923902
19,85,8,2,1,1,Good,0.9833,15.56,7.78,0.0178,0.004166142172010362,0.004573270971433815,0.919054
19,41,4,1,1,1,Good,0.9845,19.39,9.7,0.0178,0.0038817767199313957,0.004612476077800136,0.997023
19,41,4,1,1,1,Good,0.9845,19.39,9.7,0.0178,0.0038817767199313957,0.004612476077800136,0.997702
9,50,8,1,1,1,Poor,0.8774,92.15,46.08,0.1202,0.030645792325883825,0.023293582628561536,0.839108
9,50,8,1,1,1,Poor,0.8774,92.15,46.08,0.1202,0.030645792325883825,0.023293582628561536,0.835667
12,39,6,1,0,0,Excellent,0.9969,5.47,2.73,0.0044,0.001,0.0021865763836063238,0.981896
12,39,6,1,0,0,Excellent,0.9969,5.47,2.73,0.0044,0.001,0.0021865763836063238,0.979744
17,78,7,1,1,1,Good,0.97,12.4,6.2,0.028,0.0074972399370685505,0.005141668881191516,0.952861
17,78,7,1,1,1,Good,0.97,12.4,6.2,0.028,0.0074972399370685505,0.005141668881191516,0.952881
18,57,5,2,2,2,Average,0.9634,39.78,19.89,0.041,0.00916220851592875,0.012019504071661283,0.986605
18,57,5,2,2,2,Average,0.9634,39.78,19.89,0.041,0.00916220851592875,0.012019504071661283,0.988587
14,45,6,2,2,2,Good,0.9787,10.93,5.46,0.0199,0.005317731961170746,0.006353263533352985,0.981014
14,45,6,2,2,2,Good,0.9787,10.93,5.46,0.0199,0.005317731961170746,0.006353263533352985,0.980014
19,62,5,1,1,1,Poor,0.8788,94.49,47.24,0.1207,0.03029383963826804,0.01741655467224938,0.988387
19,62,5,1,1,1,Poor,0.8788,94.49,47.24,0.1207,0.03029383963826804,0.01741655467224938,0.992876
6,24,6,2,0,0,Good,0.9809,16.6,8.3,0.0226,0.00476904468949621,0.003468828558204051,0.990323
6,24,6,2,0,0,Good,0.9809,16.6,8.3,0.0226,0.00476904468949621,0.003468828558204051,0.98196
17,54,6,2,0,0,Poor,0.8771,99.75,49.87,0.118,0.03073732097099488,0.022826228336434454,0.965471
17,54,6,2,0,0,Poor,0.8771,99.75,49.87,0.118,0.03073732097099488,0.022826228336434454,0.966496
10,49,8,1,0,0,Good,0.9849,18.67,9.33,0.0123,0.003781547821455594,0.004310158912496717,0.934086
10,49,8,1,0,0,Good,0.9849,18.67,9.33,0.0123,0.003781547821455594,0.004310158912496717,0.938343
21,78,6,2,2,2,Good,0.9835,19.53,9.77,0.017,0.004114024113197667,0.004177283509583585,0.95494
21,78,6,2,2,2,Good,0.9835,19.53,9.77,0.017,0.004114024113197667,0.004177283509583585,0.968803
19,63,7,1,1,1,Poor,0.907,96.12,48.06,0.09,0.023257171859901754,0.027690536665243827,0.935825
19,63,7,1,1,1,Poor,0.907,96.12,48.06,0.09,0.023257171859901754,0.027690536665243827,0.940513
15,32,4,1,1,1,Good,0.9708,17.94,8.97,0.0291,0.0072992308998601485,0.006531429333870343,0.98841
15,32,4,1,1,1,Good,0.9708,17.94,8.97,0.0291,0.0072992308998601485,0.006531429333870343,0.986661
14,80,7,1,1,1,Average,0.945,38.69,19.34,0.0543,0.013749674061917933,0.011537136277730196,0.955768
14,80,7,1,1,1,Average,0.945,38.69,19.34,0.0543,0.013749674061917933,0.011537136277730196,0.958716
14,43,4,1,0,0,Poor,0.8653,64.67,32.34,0.1361,0.03367098344615921,0.029477178737204318,0.99588
14,43,4,1,0,0,Poor,0.8653,64.67,32.34,0.1361,0.03367098344615921,0.029477178737204318,0.994698
18,70,6,1,1,1,Excellent,0.9912,5.57,2.79,0.0081,0.002199134166013167,0.0013718297832868175,0.987147
18,70,6,1,1,1,Excellent,0.9912,5.57,2.79,0.0081,0.002199134166013167,0.0013718297832868175,0.975638
9,33,6,1,0,0,Excellent,0.9982,6.59,3.3,0.0001,0.001,0.0019307532544056958,0.98522
9,33,6,1,0,0,Excellent,0.9982,6.59,3.3,0.0001,0.001,0.0019307532544056958,0.979979
15,70,7,1,1,1,Good,0.9857,15.27,7.64,0.0121,0.003569479797140729,0.005431617496796579,0.947642
15,70,7,1,1,1,Good,0.9857,15.27,7.64,0.0121,0.003569479797140729,0.005431617496796579,0.95259
19,44,4,2,0,0,Poor,0.9014,65.89,32.94,0.0956,0.024659620049140296,0.027040877881713315,0.981577
19,44,4,2,0,0,Poor,0.9014,65.89,32.94,0.0956,0.024659620049140296,0.027040877881713315,0.970442
7,27,7,2,1,1,Average,0.9617,32.64,16.32,0.035,0.00956307746860588,0.009614998077820009,0.962315
7,27,7,2,1,1,Average,0.9617,32.64,16.32,0.035,0.00956307746860588,0.009614998077820009,0.959286
13,72,7,1,1,1,Excellent,0.9971,6.43,3.21,0.0064,0.001,0.0029759095311857314,0.959353
13,72,7,1,1,1,Excellent,0.9971,6.43,3.21,0.0064,0.001,0.0029759095311857314,0.955998
14,68,6,1,0,0,Average,0.9546,42.61,21.31,0.046,0.011362317922421844,0.009505397289622939,0.983283
14,68,6,1,0,0,Average,0.9546,42.61,21.31,0.046,0.011362317922421844,0.009505397289622939,0.99061
7,38,8,1,0,0,Poor,0.8512,64.92,32.46,0.1487,0.0371959952039268,0.024616457033956707,0.909709
7,38,8,1,0,0,Poor,0.8512,64.92,32.46,0.1487,0.0371959952039268,0.024616457033956707,0.922352
13,33,4,1,0,0,Excellent,1.0035,9.13,4.56,0.0014,0.001,0.002722777540796979,0.995944
13,33,4,1,0,0,Excellent,1.0035,9.13,4.56,0.0014,0.001,0.002722777540796979,0.997341
13,51,7,2,2,2,Good,0.9786,10.88,5.44,0.0245,0.005339834586450348,0.006264590469088572,0.971097
13,51,7,2,2,2,Good,0.9786,10.88,5.44,0.0245,0.005339834586450348,0.006264590469088572,0.963433
14,47,4,1,1,1,Excellent,0.9863,5.55,2.78,0.0095,0.003430256713937263,0.001658657948492789,0.99753
14,47,4,1,1,1,Excellent,0.9863,5.55,2.78,0.0095,0.003430256713937263,0.001658657948492789,0.994955
18,86,8,3,1,1,Average,0.9338,40.96,20.48,0.067,0.01653995106165035,0.007959211357014698,0.894319
18,86,8,3,1,1,Average,0.9338,40.96,20.48,0.067,0.01653995106165035,0.007959211357014698,0.88521
19,85,8,2,1,1,Poor,0.8857,83.41,41.71,0.1117,0.028583965406619533,0.02216890226989265,0.862794
19,85,8,2,1,1,Poor,0.8857,83.41,41.71,0.1117,0.028583965406619533,0.02216890226989265,0.878405
21,80,6,2,2,2,Good,0.9768,10.92,5.46,0.0253,0.005802556472079362,0.004412038789943314,0.980107
21,80,6,2,2,2,Good,0.9768,10.92,5.46,0.0253,0.005802556472079362,0.004412038789943314,0.978958
7,33,7,1,1,1,Good,0.9889,10.13,5.07,0.0143,0.0027843987299360495,0.0037516697194470636,0.988959
7,33,7,1,1,1,Good,0.9889,10.13,5.07,0.0143,0.0027843987299360495,0.0037516697194470636,0.98646
16,41,5,1,0,0,Average,0.9473,41.26,20.63,0.0562,0.013183375934352787,0.007845283801205472,0.993069
16,41,5,1,0,0,Average,0.9473,41.26,20.63,0.0562,0.013183375934352787,0.007845283801205472,0.994531
18,60,6,2,2,2,Poor,0.8917,93.39,46.7,0.1111,0.027069228202550866,0.017819302089732807,0.964783
18,60,6,2,2,2,Poor,0.8917,93.39,46.7,0.1111,0.027069228202550866,0.017819302089732807,0.963598
15,46,5,1,0,0,Excellent,0.9937,5.74,2.87,0.0088,0.0015779256075056924,0.0014811249228803506,0.990461
15,46,5,1,0,0,Excellent,0.9937,5.74,2.87,0.0088,0.0015779256075056924,0.0014811249228803506,0.988159
14,57,6,4,3,3,Excellent,0.9985,9.63,4.82,0.0008,0.001,0.001301240092470169,0.980075
14,57,6,4,3,3,Excellent,0.9985,9.63,4.82,0.0008,0.001,0.001301240092470169,0.984934
19,87,8,6,2,2,Average,0.9551,21.59,10.8,0.0409,0.011231356923095681,0.01218897398606077,0.903717
19,87,8,6,2,2,Average,0.9551,21.59,10.8,0.0409,0.011231356923095681,0.01218897398606077,0.907087
12,81,7,1,1,1,Average,0.9607,25.68,12.84,0.0371,0.009826636795823185,0.011859585076190008,0.976864
12,81,7,1,1,1,Average,0.9607,25.68,12.84,0.0371,0.009826636795823185,0.011859585076190008,0.969982
19,89,8,3,1,1,Excellent,0.9981,8.41,4.2,0.0065,0.001,0.001439159529137431,0.927409
19,89,8,3,1,1,Excellent,0.9981,8.41,4.2,0.0065,0.001,0.001439159529137431,0.917493
9,47,8,1,0,0,Average,0.9473,26.79,13.4,0.0548,0.01316264911356363,0.010135264718108501,0.962343
9,47,8,1,0,0,Average,0.9473,26.79,13.4,0.0548,0.01316264911356363,0.010135264718108501,0.960428
17,75,5,1,1,1,Average,0.9535,41.18,20.59,0.0415,0.011622019146406787,0.008480630606606015,0.989727
17,75,5,1,1,1,Average,0.9535,41.18,20.59,0.0415,0.011622019146406787,0.008480630606606015,0.995196
21,116,8,2,1,1,Average,0.9392,45.58,22.79,0.0575,0.015203777768451082,0.012451539878216662,0.913437
21,116,8,2,1,1,Average,0.9392,45.58,22.79,0.0575,0.015203777768451082,0.012451539878216662,0.906162
20,75,6,1,0,0,Good,0.976,19.62,9.81,0.0233,0.00601035052193602,0.0030833073907350016,0.981332
20,75,6,1,0,0,Good,0.976,19.62,9.81,0.0233,0.00601035052193602,0.0030833073907350016,0.978149
17,91,8,3,1,1,Poor,0.8884,79.16,39.58,0.1091,0.027897370746604727,0.016640789960903284,0.866102
17,91,8,3,1,1,Poor,0.8884,79.16,39.58,0.1091,0.027897370746604727,0.016640789960903284,0.891857
11,27,5,1,1,1,Good,0.991,17.75,8.88,0.012,0.0022402307740043426,0.004342709405798208,0.98591
11,27,5,1,1,1,Good,0.991,17.75,8.88,0.012,0.0022402307740043426,0.004342709405798208,0.988255
14,60,8,3,0,0,Poor,0.8966,62.68,31.34,0.1067,0.025855641546768365,0.019517010492476502,0.902567
14,60,8,3,0,0,Poor,0.8966,62.68,31.34,0.1067,0.025855641546768365,0.019517010492476502,0.901438
21,67,6,2,0,0,Excellent,0.9962,6.35,3.17,0.0052,0.001,0.0012958007749712085,0.978277
21,67,6,2,0,0,Excellent,0.9962,6.35,3.17,0.0052,0.001,0.0012958007749712085,0.983434
13,48,7,2,1,1,Good,0.9902,13.57,6.79,0.0106,0.0024605628614821073,0.005783224343457537,0.96775
13,48,7,2,1,1,Good,0.9902,13.57,6.79,0.0106,0.0024605628614821073,0.005783224343457537,0.959655
17,106,7,2,2,2,Good,0.9907,17.44,8.72,0.0139,0.0023321745444744024,0.005554935011504043,0.966693
17,106,7,2,2,2,Good,0.9907,17.44,8.72,0.0139,0.0023321745444744024,0.005554935011504043,0.966028
20,67,6,1,1,1,Good,0.9803,12.65,6.33,0.0236,0.004925344555945954,0.0045641049024208735,0.985731
20,67,6,1,1,1,Good,0.9803,12.65,6.33,0.0236,0.004925344555945954,0.0045641049024208735,0.981088
12,55,6,1,0,0,Excellent,0.9963,7.9,3.95,0.007,0.001,0.001245922527215773,0.982525
12,55,6,1,0,0,Excellent,0.9963,7.9,3.95,0.007,0.001,0.001245922527215773,0.978723
17,97,7,1,1,1,Average,0.9739,23.31,11.65,0.0303,0.0065152662118930504,0.00817704871096119,0.966184
17,97,7,1,1,1,Average,0.9739,23.31,11.65,0.0303,0.0065152662118930504,0.00817704871096119,0.960448
15,45,5,1,1,1,Good,0.9872,13.04,6.52,0.0158,0.0031918371065427775,0.0030623695985632594,0.991062
15,45,5,1,1,1,Good,0.9872,13.04,6.52,0.0158,0.0031918371065427775,0.0030623695985632594,0.99254
9,37,6,1,0,0,Excellent,0.9985,7.44,3.72,0.0001,0.001,0.00266822010279658,0.978594
9,37,6,1,0,0,Excellent,0.9985,7.44,3.72,0.0001,0.001,0.00266822010279658,0.982088
14,31,4,1,0,0,Good,0.9879,13.5,6.75,0.0157,0.0030188013253460155,0.005661303995803722,0.996489
14,31,4,1,0,0,Good,0.9879,13.5,6.75,0.0157,0.0030188013253460155,0.005661303995803722,0.997126
12,31,5,2,1,1,Poor,0.9207,79.26,39.63,0.0765,0.01981721435290351,0.02209766651685552,0.803824
12,31,5,2,1,1,Poor,0.9207,79.26,39.63,0.0765,0.01981721435290351,0.02209766651685552,0.833077
9,40,7,2,0,0,Average,0.9429,47.61,23.8,0.0539,0.014287133005988523,0.01048653016560812,0.964577
9,40,7,2,0,0,Average,0.9429,47.61,23.8,0.0539,0.014287133005988523,0.01048653016560812,0.959041
10,38,6,3,3,3,Good,0.9787,12.5,6.25,0.0183,0.005332753580203353,0.004219984384941993,0.973368
10,38,6,3,3,3,Good,0.9787,12.5,6.25,0.0183,0.005332753580203353,0.004219984384941993,0.976693
11,69,8,1,1,1,Poor,0.8593,89.12,44.56,0.1367,0.03518694118329385,0.02289857094458133,0.924735
11,69,8,1,1,1,Poor,0.8593,89.12,44.56,0.1367,0.03518694118329385,0.02289857094458133,0.925847
17,108,7,2,1,1,Poor,0.8527,73.33,36.66,0.1469,0.036825728477060726,0.028688374373194846,0.958597
17,108,7,2,1,1,Poor,0.8527,73.33,36.66,0.1469,0.036825728477060726,0.028688374373194846,0.955401
19,43,4,1,0,0,Excellent,0.9919,8.78,4.39,0.0062,0.0020320464134256644,0.00148529131085161,0.997496
19,43,4,1,0,0,Excellent,0.9919,8.78,4.39,0.0062,0.0020320464134256644,0.00148529131085161,0.996244
17,73,8,6,3,3,Good,0.9758,16.21,8.1,0.028,0.0060550489805230034,0.0032141441033880463,0.937064
17,73,8,6,3,3,Good,0.9758,16.21,8.1,0.028,0.0060550489805230034,0.0032141441033880463,0.939555
20,110,7,2,1,1,Excellent,1.0022,5.42,2.71,0.0027,0.001,0.001214097832642249,0.962662
20,110,7,2,1,1,Excellent,1.0022,5.42,2.71,0.0027,0.001,0.001214097832642249,0.95931
21,90,6,1,1,1,Average,0.966,45.93,22.96,0.0349,0.008502883096923652,0.011086566969118323,0.979049
21,90,6,1,1,1,Average,0.966,45.93,22.96,0.0349,0.008502883096923652,0.011086566969118323,0.966337
10,50,8,3,1,1,Poor,0.8598,56.82,28.41,0.1416,0.03505187650310232,0.01732163242633181,0.919128
10,50,8,3,1,1,Poor,0.8598,56.82,28.41,0.1416,0.03505187650310232,0.01732163242633181,0.921998
10,32,4,1,1,1,Excellent,0.9936,7.6,3.8,0.0025,0.0016089976528761984,0.0010493127678740987,0.995964
10,32,4,1,1,1,Excellent,0.9936,7.6,3.8,0.0025,0.0016089976528761984,0.0010493127678740987,0.996633
20,103,8,4,1,1,Poor,0.9193,52.78,26.39,0.0797,0.020174834950187626,0.029740443995301864,0.857242
20,103,8,4,1,1,Poor,0.9193,52.78,26.39,0.0797,0.020174834950187626,0.029740443995301864,0.880115
14,41,5,1,0,0,Poor,0.88,92.97,46.48,0.1194,0.030012286116170267,0.02454295747224143,0.980379
14,41,5,1,0,0,Poor,0.88,92.97,46.48,0.1194,0.030012286116170267,0.02454295747224143,0.969643
10,32,5,2,1,1,Good,0.9756,11.71,5.85,0.0248,0.006091621037552231,0.004904633595957352,0.967794
10,32,5,2,1,1,Good,0.9756,11.71,5.85,0.0248,0.006091621037552231,0.004904633595957352,0.974663
21,76,4,1,1,1,Average,0.9563,40.03,20.02,0.0456,0.010917760445613933,0.007858686713216524,0.995509
21,76,4,1,1,1,Average,0.9563,40.03,20.02,0.0456,0.010917760445613933,0.007858686713216524,0.996382
6,17,5,1,1,1,Average,0.9425,33.71,16.86,0.0526,0.01436454173134974,0.009422092558984968,0.981305
6,17,5,1,1,1,Average,0.9425,33.71,16.86,0.0526,0.01436454173134974,0.009422092558984968,0.980058
20,86,8,2,0,0,Excellent,0.9928,9.54,4.77,0.0035,0.0017885583731325483,0.00276484837715425,0.91969
20,86,8,2,0,0,Excellent,0.9928,9.54,4.77,0.0035,0.0017885583731325483,0.00276484837715425,0.916152
18,59,6,1,0,0,Excellent,1.0,5.87,2.94,0.0015,0.001,0.002126295526911185,0.983156
18,59,6,1,0,0,Excellent,1.0,5.87,2.94,0.0015,0.001,0.002126295526911185,0.982418
15,53,6,1,0,0,Poor,0.8627,53.41,26.71,0.1371,0.03432714819506835,0.02943832514491889,0.939381
15,53,6,1,0,0,Poor,0.8627,53.41,26.71,0.1371,0.03432714819506835,0.02943832514491889,0.948396
11,53,8,2,1,1,Average,0.9616,23.88,11.94,0.043,0.009602779630100033,0.009784761761694743,0.940822
11,53,8,2,1,1,Average,0.9616,23.88,11.94,0.043,0.009602779630100033,0.009784761761694743,0.940224
18,122,8,1,1,1,Excellent,0.9881,5.22,2.61,0.0085,0.0029821287747691105,0.001193080882210448,0.923608
18,122,8,1,1,1,Excellent,0.9881,5.22,2.61,0.0085,0.0029821287747691105,0.001193080882210448,0.92472
21,62,4,1,1,1,Poor,0.9142,66.18,33.09,0.0885,0.02145133311007305,0.028759024001581264,0.995384
21,62,4,1,1,1,Poor,0.9142,66.18,33.09,0.0885,0.02145133311007305,0.028759024001581264,0.986897
18,72,5,1,1,1,Poor,0.9226,96.12,48.06,0.075,0.019362323280065402,0.015561274123951998,0.991452
18,72,5,1,1,1,Poor,0.9226,96.12,48.06,0.075,0.019362323280065402,0.015561274123951998,0.988026
16,40,5,3,1,1,Excellent,1.0011,8.49,4.25,0.0038,0.001,0.0021475593232582243,0.992608
16,40,5,3,1,1,Excellent,1.0011,8.49,4.25,0.0038,0.001,0.0021475593232582243,0.992677
21,84,6,3,1,1,Poor,0.9144,83.94,41.97,0.088,0.021404546023299026,0.021510945127960784,0.948711
21,84,6,3,1,1,Poor,0.9144,83.94,41.97,0.088,0.021404546023299026,0.021510945127960784,0.930001
12,52,8,2,0,0,Excellent,0.9954,7.91,3.96,0.0063,0.0011511435334314868,0.0014070792203134178,0.958548
12,52,8,2,0,0,Excellent,0.9954,7.91,3.96,0.0063,0.0011511435334314868,0.0014070792203134178,0.965849
21,116,8,2,1,1,Good,0.9783,18.32,9.16,0.0214,0.005417518171561914,0.004408424209251558,0.906577
21,116,8,2,1,1,Good,0.9783,18.32,9.16,0.0214,0.005417518171561914,0.004408424209251558,0.916502
18,103,7,1,0,0,Excellent,0.9989,7.85,3.92,0.0013,0.001,0.0012018260079313442,0.963922
18,103,7,1,0,0,Excellent,0.9989,7.85,3.92,0.0013,0.001,0.0012018260079313442,0.961794
17,61,7,3,1,1,Excellent,0.9963,9.36,4.68,0.0016,0.001,0.002068847620119987,0.948335
17,61,7,3,1,1,Excellent,0.9963,9.36,4.68,0.0016,0.001,0.002068847620119987,0.971328
15,48,5,2,0,0,Poor,0.8902,80.93,40.47,0.1137,0.027439311434873714,0.02374158767658979,0.989035
15,48,5,2,0,0,Poor,0.8902,80.93,40.47,0.1137,0.027439311434873714,0.02374158767658979,0.974714
6,22,6,1,1,1,Excellent,0.9957,6.69,3.35,0.0026,0.0010658496490210945,0.0025294718304185865,0.990186
6,22,6,1,1,1,Excellent,0.9957,6.69,3.35,0.0026,0.0010658496490210945,0.0025294718304185865,0.990679
12,43,5,1,1,1,Average,0.9472,47.73,23.86,0.0565,0.013187685824687573,0.008884937613818355,0.986114
12,43,5,1,1,1,Average,0.9472,47.73,23.86,0.0565,0.013187685824687573,0.008884937613818355,0.992666
21,108,8,1,1,1,Good,0.9845,12.71,6.35,0.0108,0.003869704673281432,0.005030417061604411,0.896856
21,108,8,1,1,1,Good,0.9845,12.71,6.35,0.0108,0.003869704673281432,0.005030417061604411,0.906879
19,111,6,1,0,0,Poor,0.8667,65.17,32.59,0.138,0.03331800592660611,0.015321648932760194,0.97739
19,111,6,1,0,0,Poor,0.8667,65.17,32.59,0.138,0.03331800592660611,0.015321648932760194,0.982855
18,45,5,2,2,2,Excellent,1.0021,7.76,3.88,0.0005,0.001,0.0023908810634201377,0.992978
18,45,5,2,2,2,Excellent,1.0021,7.76,3.88,0.0005,0.001,0.0023908810634201377,0.98652
10,47,8,2,1,1,Excellent,0.9959,7.19,3.59,0.009,0.0010365304297227929,0.0017354173414675755,0.945317
10,47,8,2,1,1,Excellent,0.9959,7.19,3.59,0.009,0.0010365304297227929,0.0017354173414675755,0.947534
16,67,5,1,1,1,Poor,0.9069,95.9,47.95,0.0891,0.023283427139141583,0.015150744754127326,0.98961
16,67,5,1,1,1,Poor,0.9069,95.9,47.95,0.0891,0.023283427139141583,0.015150744754127326,0.990799
11,55,7,1,1,1,Average,0.9576,21.31,10.66,0.044,0.010608652262375479,0.008953954756146002,0.946767
11,55,7,1,1,1,Average,0.9576,21.31,10.66,0.044,0.010608652262375479,0.008953954756146002,0.954835
18,143,8,1,1,1,Poor,0.8732,82.88,41.44,0.1225,0.03169086099349394,0.029075552136858498,0.941298
18,143,8,1,1,1,Poor,0.8732,82.88,41.44,0.1225,0.03169086099349394,0.029075552136858498,0.951522
21,57,5,2,0,0,Average,0.9351,46.93,23.46,0.0644,0.016228746979832953,0.009421751316870867,0.980001
21,57,5,2,0,0,Average,0.9351,46.93,23.46,0.0644,0.016228746979832953,0.009421751316870867,0.983658
15,49,6,5,2,2,Good,0.9866,15.27,7.63,0.0154,0.0033432470279987914,0.005013781610261743,0.980184
15,49,6,5,2,2,Good,0.9866,15.27,7.63,0.0154,0.0033432470279987914,0.005013781610261743,0.983954
17,57,4,2,2,2,Poor,0.878,85.28,42.64,0.1197,0.030487975996196542,0.018053324026470915,0.976015
17,57,4,2,2,2,Poor,0.878,85.28,42.64,0.1197,0.030487975996196542,0.018053324026470915,0.976318
12,45,6,1,1,1,Excellent,0.9883,6.86,3.43,0.0082,0.0029360461933924387,0.00295581940166809,0.983555
12,45,6,1,1,1,Excellent,0.9883,6.86,3.43,0.0082,0.0029360461933924387,0.00295581940166809,0.986905
20,106,7,2,1,1,Excellent,0.9893,5.11,2.55,0.0084,0.002665066584121245,0.0021764803138997653,0.952614
20,106,7,2,1,1,Excellent,0.9893,5.11,2.55,0.0084,0.002665066584121245,0.0021764803138997653,0.961907
8,30,6,2,1,1,Excellent,0.9939,6.4,3.2,0.0061,0.0015359755673462205,0.0027255456206588175,0.9894
8,30,6,2,1,1,Excellent,0.9939,6.4,3.2,0.0061,0.0015359755673462205,0.0027255456206588175,0.990701
20,110,7,1,0,0,Excellent,0.9978,6.12,3.06,0.0038,0.001,0.002064983875338132,0.972026
20,110,7,1,0,0,Excellent,0.9978,6.12,3.06,0.0038,0.001,0.002064983875338132,0.975775
7,35,6,1,0,0,Average,0.9361,48.12,24.06,0.0664,0.0159643448431378,0.009689746375244777,0.975249
7,35,6,1,0,0,Average,0.9361,48.12,24.06,0.0664,0.0159643448431378,0.009689746375244777,0.976966
12,55,6,1,1,1,Excellent,0.991,6.7,3.35,0.0083,0.002237908612113204,0.0018550983783992034,0.977802
12,55,6,1,1,1,Excellent,0.991,6.7,3.35,0.0083,0.002237908612113204,0.0018550983783992034,0.98632
18,83,8,4,3,3,Average,0.9321,45.76,22.88,0.0675,0.01697100439509769,0.011580820424510252,0.897958
18,83,8,4,3,3,Average,0.9321,45.76,22.88,0.0675,0.01697100439509769,0.011580820424510252,0.905268
18,59,5,2,1,1,Poor,0.8523,87.28,43.64,0.144,0.03691354099657579,0.015227751204449696,0.98097
18,59,5,2,1,1,Poor,0.8523,87.28,43.64,0.144,0.03691354099657579,0.015227751204449696,0.985401
8,27,6,1,1,1,Good,0.9848,17.71,8.86,0.0159,0.0038014180079188886,0.0031544248347147477,0.984687
8,27,6,1,1,1,Good,0.9848,17.71,8.86,0.0159,0.0038014180079188886,0.0031544248347147477,0.986791
17,65,6,5,1,1,Average,0.9418,39.78,19.89,0.0613,0.014548614133904875,0.011863993407031245,0.968902
17,65,6,5,1,1,Average,0.9418,39.78,19.89,0.0613,0.014548614133904875,0.011863993407031245,0.971885
16,107,8,4,2,2,Average,0.9474,45.43,22.71,0.0478,0.013144920140709504,0.007070965615894765,0.86963
16,107,8,4,2,2,Average,0.9474,45.43,22.71,0.0478,0.013144920140709504,0.007070965615894765,0.868056
12,62,7,2,2,2,Poor,0.8527,52.93,26.46,0.1451,0.036835570982458626,0.024154927829442306,0.952726
12,62,7,2,2,2,Poor,0.8527,52.93,26.46,0.1451,0.036835570982458626,0.024154927829442306,0.945291
21,70,6,3,2,2,Good,0.9902,12.27,6.14,0.0135,0.0024443786344650054,0.00562391260414063,0.985369
21,70,6,3,2,2,Good,0.9902,12.27,6.14,0.0135,0.0024443786344650054,0.00562391260414063,0.985249
9,32,5,1,1,1,Excellent,0.9943,5.92,2.96,0.0051,0.0014160257630176643,0.0016346688723855552,0.990762
9,32,5,1,1,1,Excellent,0.9943,5.92,2.96,0.0051,0.0014160257630176643,0.0016346688723855552,0.99076
13,73,8,1,0,0,Excellent,0.9948,9.76,4.88,0.0099,0.0012917220220269587,0.0010322363477705092,0.952174
13,73,8,1,0,0,Excellent,0.9948,9.76,4.88,0.0099,0.0012917220220269587,0.0010322363477705092,0.965432
7,24,6,2,2,2,Good,0.9879,13.5,6.75,0.0115,0.003027864003566888,0.0050441420697406,0.976384
7,24,6,2,2,2,Good,0.9879,13.5,6.75,0.0115,0.003027864003566888,0.0050441420697406,0.981429
12,37,5,2,2,2,Average,0.9386,37.11,18.56,0.0632,0.015338837874583927,0.007571145393960895,0.980328
12,37,5,2,2,2,Average,0.9386,37.11,18.56,0.0632,0.015338837874583927,0.007571145393960895,0.976082
15,68,7,3,2,2,Good,0.9765,10.25,5.12,0.0221,0.0058841163337480795,0.006900395316128061,0.953905
15,68,7,3,2,2,Good,0.9765,10.25,5.12,0.0221,0.0058841163337480795,0.006900395316128061,0.966567
21,85,6,2,1,1,Average,0.959,38.66,19.33,0.0364,0.010241601749925583,0.01444246811569114,0.976511
21,85,6,2,1,1,Average,0.959,38.66,19.33,0.0364,0.010241601749925583,0.01444246811569114,0.975252
12,27,4,2,2,2,Average,0.9388,35.32,17.66,0.0612,0.015288281835330764,0.011651891989281193,0.994684
12,27,4,2,2,2,Average,0.9388,35.32,17.66,0.0612,0.015288281835330764,0.011651891989281193,0.992107
12,49,6,2,2,2,Poor,0.9297,91.54,45.77,0.0726,0.017586341166988012,0.02071634494840486,0.97546
12,49,6,2,2,2,Poor,0.9297,91.54,45.77,0.0726,0.017586341166988012,0.02071634494840486,0.980587
19,66,5,2,1,1,Excellent,0.9902,9.24,4.62,0.0053,0.0024408122373950625,0.0019446583190440795,0.99348
19,66,5,2,1,1,Excellent,0.9902,9.24,4.62,0.0053,0.0024408122373950625,0.0019446583190440795,0.992263
20,97,8,1,0,0,Average,0.9345,28.08,14.04,0.0634,0.016377426132371753,0.008952231963198453,0.904066
20,97,8,1,0,0,Average,0.9345,28.08,14.04,0.0634,0.016377426132371753,0.008952231963198453,0.909882
17,52,5,1,0,0,Good,0.9712,14.56,7.28,0.025,0.007202399098346385,0.003964185906797871,0.988264
17,52,5,1,0,0,Good,0.9712,14.56,7.28,0.025,0.007202399098346385,0.003964185906797871,0.986061
17,67,7,1,0,0,Excellent,0.9991,6.76,3.38,0.0051,0.001,0.0023066598547124046,0.952673
17,67,7,1,0,0,Excellent,0.9991,6.76,3.38,0.0051,0.001,0.0023066598547124046,0.967682
13,60,8,1,1,1,Poor,0.8778,83.71,41.85,0.1233,0.030554188896805834,0.026937839234644753,0.849255
13,60,8,1,1,1,Poor,0.8778,83.71,41.85,0.1233,0.030554188896805834,0.026937839234644753,0.853106
16,59,6,2,2,2,Excellent,1.0006,5.41,2.7,0.0042,0.001,0.002152023501607779,0.98566
16,59,6,2,2,2,Excellent,1.0006,5.41,2.7,0.0042,0.001,0.002152023501607779,0.982426
6,28,7,1,0,0,Good,0.9853,11.21,5.6,0.0153,0.0036804336648366964,0.006720500662024625,0.977718
6,28,7,1,0,0,Good,0.9853,11.21,5.6,0.0153,0.0036804336648366964,0.006720500662024625,0.973513
10,23,4,1,0,0,Excellent,0.9964,9.17,4.58,0.0002,0.001,0.0011460294147190115,0.997542
10,23,4,1,0,0,Excellent,0.9964,9.17,4.58,0.0002,0.001,0.0011460294147190115,0.994779
18,90,8,5,4,4,Poor,0.8984,67.72,33.86,0.1022,0.025403998183719717,0.025679752673215255,0.876465
18,90,8,5,4,4,Poor,0.8984,67.72,33.86,0.1022,0.025403998183719717,0.025679752673215255,0.880084
16,48,4,1,1,1,Average,0.9503,37.74,18.87,0.0547,0.012430960679592706,0.007361901585683378,0.994577
16,48,4,1,1,1,Average,0.9503,37.74,18.87,0.0547,0.012430960679592706,0.007361901585683378,0.995395
20,63,6,1,0,0,Poor,0.8701,81.54,40.77,0.1293,0.03247472422922304,0.02636490097013556,0.939324
20,63,6,1,0,0,Poor,0.8701,81.54,40.77,0.1293,0.03247472422922304,0.02636490097013556,0.948852
6,19,5,1,1,1,Average,0.9501,40.22,20.11,0.0481,0.01248417936412452,0.00841377809695406,0.988144
6,19,5,1,1,1,Average,0.9501,40.22,20.11,0.0481,0.01248417936412452,0.00841377809695406,0.981518
14,60,8,1,0,0,Excellent,0.9905,6.16,3.08,0.0049,0.0023625137987916545,0.002035355283279741,0.939492
14,60,8,1,0,0,Excellent,0.9905,6.16,3.08,0.0049,0.0023625137987916545,0.002035355283279741,0.94562
19,126,8,2,2,2,Average,0.954,29.68,14.84,0.0427,0.011489743480006004,0.008145572486039067,0.913727
19,126,8,2,2,2,Average,0.954,29.68,14.84,0.0427,0.011489743480006004,0.008145572486039067,0.905627
19,55,5,3,2,2,Average,0.9414,37.25,18.63,0.0546,0.01465610863473496,0.009278327653741392,0.990481
19,55,5,3,2,2,Average,0.9414,37.25,18.63,0.0546,0.01465610863473496,0.009278327653741392,0.97142
15,44,4,1,1,1,Average,0.9577,34.6,17.3,0.0389,0.010563031700494108,0.014513639027934854,0.993758
15,44,4,1,1,1,Average,0.9577,34.6,17.3,0.0389,0.010563031700494108,0.014513639027934854,0.995191
9,30,5,1,0,0,Good,0.9765,15.52,7.76,0.0202,0.005871359808042265,0.005393566158489623,0.987597
9,30,5,1,0,0,Good,0.9765,15.52,7.76,0.0202,0.005871359808042265,0.005393566158489623,0.992521
21,59,4,1,1,1,Excellent,1.0017,6.85,3.42,0.0028,0.001,0.0018530051221264813,0.997087
21,59,4,1,1,1,Excellent,1.0017,6.85,3.42,0.0028,0.001,0.0018530051221264813,0.996453
10,52,7,1,0,0,Poor,0.9233,64.75,32.37,0.0788,0.019176492035590548,0.027671161866181408,0.947221
10,52,7,1,0,0,Poor,0.9233,64.75,32.37,0.0788,0.019176492035590548,0.027671161866181408,0.960259
19,77,7,2,2,2,Poor,0.8658,63.15,31.58,0.1392,0.03355736190110614,0.02597450613998423,0.897881
19,77,7,2,2,2,Poor,0.8658,63.15,31.58,0.1392,0.03355736190110614,0.02597450613998423,0.891361
16,37,4,1,1,1,Good,0.9858,15.07,7.54,0.0155,0.003553980294082437,0.005051376452209993,0.996579
16,37,4,1,1,1,Good,0.9858,15.07,7.54,0.0155,0.003553980294082437,0.005051376452209993,0.997681
19,46,4,2,1,1,Excellent,0.9902,9.66,4.83,0.0079,0.0024416755015197744,0.0026828620815004447,0.995635
19,46,4,2,1,1,Excellent,0.9902,9.66,4.83,0.0079,0.0024416755015197744,0.0026828620815004447,0.994097
6,15,4,1,1,1,Good,0.9869,11.37,5.68,0.0175,0.0032731393636021566,0.005693390524258563,0.994067
6,15,4,1,1,1,Good,0.9869,11.37,5.68,0.0175,0.0032731393636021566,0.005693390524258563,0.992863
21,85,6,3,3,3,Good,0.9862,14.85,7.42,0.0137,0.003443708274225188,0.003527167713599591,0.978525
21,85,6,3,3,3,Good,0.9862,14.85,7.42,0.0137,0.003443708274225188,0.003527167713599591,0.983484
19,41,4,2,1,1,Excellent,0.996,7.45,3.73,0.0061,0.0010030666930681553,0.0010776254597031972,0.996893
19,41,4,2,1,1,Excellent,0.996,7.45,3.73,0.0061,0.0010030666930681553,0.0010776254597031972,0.996423
18,71,6,1,1,1,Good,0.9819,16.38,8.19,0.0197,0.004528812898445644,0.0037202573382225526,0.97728
18,71,6,1,1,1,Good,0.9819,16.38,8.19,0.0197,0.004528812898445644,0.0037202573382225526,0.98667
21,66,6,3,3,3,Poor,0.8972,89.84,44.92,0.1014,0.025701381438212906,0.022214385788375573,0.96406
21,66,6,3,3,3,Poor,0.8972,89.84,44.92,0.1014,0.025701381438212906,0.022214385788375573,0.964315
13,31,4,1,1,1,Excellent,0.9937,9.81,4.91,0.009,0.0015822044474573804,0.0018391880537474473,0.993071
13,31,4,1,1,1,Excellent,0.9937,9.81,4.91,0.009,0.0015822044474573804,0.0018391880537474473,0.997458
16,61,7,3,2,2,Good,0.9873,16.62,8.31,0.0123,0.0031672560683651263,0.004275623818058159,0.957249
16,61,7,3,2,2,Good,0.9873,16.62,8.31,0.0123,0.0031672560683651263,0.004275623818058159,0.951853
17,39,4,3,3,3,Poor,0.8679,85.24,42.62,0.1319,0.03301428879084531,0.02707081964582308,0.97546
17,39,4,3,3,3,Poor,0.8679,85.24,42.62,0.1319,0.03301428879084531,0.02707081964582308,0.963427
6,22,5,1,0,0,Average,0.9649,28.04,14.02,0.0386,0.008773590862311692,0.010272046569633677,0.990691
6,22,5,1,0,0,Average,0.9649,28.04,14.02,0.0386,0.008773590862311692,0.010272046569633677,0.98497
16,70,8,2,0,0,Average,0.9566,40.25,20.12,0.0464,0.010839714484728175,0.010401594245355101,0.911921
16,70,8,2,0,0,Average,0.9566,40.25,20.12,0.0464,0.010839714484728175,0.010401594245355101,0.934154
21,96,6,2,1,1,Good,0.9717,13.4,6.7,0.0264,0.007071346298672648,0.004639246172347964,0.978796
21,96,6,2,1,1,Good,0.9717,13.4,6.7,0.0264,0.007071346298672648,0.004639246172347964,0.984266
11,53,8,2,1,1,Good,0.9925,17.8,8.9,0.0122,0.0018809387512961628,0.00544300560145629,0.957583
11,53,8,2,1,1,Good,0.9925,17.8,8.9,0.0122,0.0018809387512961628,0.00544300560145629,0.949115
16,36,4,1,0,0,Average,0.9494,43.01,21.5,0.0521,0.012641612947073666,0.011149191988138163,0.989603
16,36,4,1,0,0,Average,0.9494,43.01,21.5,0.0521,0.012641612947073666,0.011149191988138163,0.995419
12,44,6,2,0,0,Good,0.9843,18.38,9.19,0.0179,0.003933080183157911,0.004160749936142128,0.978813
12,44,6,2,0,0,Good,0.9843,18.38,9.19,0.0179,0.003933080183157911,0.004160749936142128,0.975123
17,45,5,1,1,1,Average,0.9454,32.4,16.2,0.0521,0.013657752331221934,0.007109127106432615,0.980923
17,45,5,1,1,1,Average,0.9454,32.4,16.2,0.0521,0.013657752331221934,0.007109127106432615,0.985735
9,20,4,2,0,0,Poor,0.9244,89.57,44.78,0.0734,0.018887979052105874,0.015363665435091246,0.943143
9,20,4,2,0,0,Poor,0.9244,89.57,44.78,0.0734,0.018887979052105874,0.015363665435091246,0.953488
9,37,6,1,1,1,Poor,0.9219,82.76,41.38,0.0805,0.0195225494479713,0.019049979917181693,0.979407
9,37,6,1,1,1,Poor,0.9219,82.76,41.38,0.0805,0.0195225494479713,0.019049979917181693,0.974313
10,75,8,1,1,1,Excellent,0.989,8.68,4.34,0.0079,0.0027458398148352825,0.002211383161832438,0.926362
10,75,8,1,1,1,Excellent,0.989,8.68,4.34,0.0079,0.0027458398148352825,0.002211383161832438,0.923469
14,50,6,2,1,1,Poor,0.9104,60.13,30.07,0.0911,0.022395272332763283,0.022071005297070075,0.974656
14,50,6,2,1,1,Poor,0.9104,60.13,30.07,0.0911,0.022395272332763283,0.022071005297070075,0.973818
19,96,6,1,0,0,Excellent,0.9937,6.11,3.06,0.0041,0.0015694320402601103,0.0015688459710428975,0.982699
19,96,6,1,0,0,Excellent,0.9937,6.11,3.06,0.0041,0.0015694320402601103,0.0015688459710428975,0.983163
13,64,8,4,1,1,Poor,0.8892,50.86,25.43,0.1098,0.027706584853474103,0.020591065000299405,0.914554
13,64,8,4,1,1,Poor,0.8892,50.86,25.43,0.1098,0.027706584853474103,0.020591065000299405,0.913102
9,46,8,1,1,1,Poor,0.851,61.2,30.6,0.148,0.037260440353824364,0.018481733215647035,0.915016
9,46,8,1,1,1,Poor,0.851,61.2,30.6,0.148,0.037260440353824364,0.018481733215647035,0.931343
21,93,6,1,1,1,Excellent,0.9998,8.21,4.11,0.0033,0.001,0.0029516348553245446,0.978287
21,93,6,1,1,1,Excellent,0.9998,8.21,4.11,0.0033,0.001,0.0029516348553245446,0.979164
21,48,5,3,2,2,Good,0.9853,10.84,5.42,0.0181,0.0036707993738253064,0.005093622676224482,0.98993
21,48,5,3,2,2,Good,0.9853,10.84,5.42,0.0181,0.0036707993738253064,0.005093622676224482,0.988773
19,80,6,1,1,1,Average,0.932,42.22,21.11,0.0634,0.017001959947515355,0.012511980805713675,0.967512
19,80,6,1,1,1,Average,0.932,42.22,21.11,0.0634,0.017001959947515355,0.012511980805713675,0.965339
19,85,8,3,3,3,Excellent,0.9985,6.34,3.17,0.0021,0.001,0.001977453776383232,0.923946
19,85,8,3,3,3,Excellent,0.9985,6.34,3.17,0.0021,0.001,0.001977453776383232,0.927266
19,52,4,2,1,1,Excellent,0.9891,6.88,3.44,0.0076,0.002736983979003238,0.0024962975251894845,0.997617
19,52,4,2,1,1,Excellent,0.9891,6.88,3.44,0.0076,0.002736983979003238,0.0024962975251894845,0.996691
19,43,4,3,1,1,Poor,0.8656,58.54,29.27,0.1343,0.03359508916841536,0.026234901496121475,0.995331
19,43,4,3,1,1,Poor,0.8656,58.54,29.27,0.1343,0.03359508916841536,0.026234901496121475,0.997776
19,108,8,1,0,0,Poor,0.9256,50.46,25.23,0.0794,0.018612304780438765,0.025799144907515892,0.914802
19,108,8,1,0,0,Poor,0.9256,50.46,25.23,0.0794,0.018612304780438765,0.025799144907515892,0.900261
17,96,8,1,0,0,Good,0.9766,11.42,5.71,0.0205,0.00585510159967903,0.005455999283552032,0.921787
17,96,8,1,0,0,Good,0.9766,11.42,5.71,0.0205,0.00585510159967903,0.005455999283552032,0.913984
16,45,5,1,0,0,Good,0.9754,11.64,5.82,0.0243,0.0061407311009056,0.004270752114543406,0.995043
16,45,5,1,0,0,Good,0.9754,11.64,5.82,0.0243,0.0061407311009056,0.004270752114543406,0.98878
10,34,5,1,0,0,Poor,0.85,53.35,26.68,0.1482,0.03750992140440931,0.017815116405405212,0.984509
10,34,5,1,0,0,Poor,0.85,53.35,26.68,0.1482,0.03750992140440931,0.017815116405405212,0.982288
20,46,4,2,2,2,Average,0.9459,22.84,11.42,0.055,0.01351359148916459,0.007534176012900637,0.990816
20,46,4,2,2,2,Average,0.9459,22.84,11.42,0.055,0.01351359148916459,0.007534176012900637,0.994527
19,89,6,2,1,1,Average,0.9437,31.02,15.51,0.0607,0.01408411859270789,0.011488898369134484,0.97844
19,89,6,2,1,1,Average,0.9437,31.02,15.51,0.0607,0.01408411859270789,0.011488898369134484,0.988378
11,38,6,1,1,1,Average,0.9652,36.91,18.45,0.0351,0.008711246374998621,0.012158641026380916,0.977169
11,38,6,1,1,1,Average,0.9652,36.91,18.45,0.0351,0.008711246374998621,0.012158641026380916,0.974138
14,60,8,3,2,2,Poor,0.9271,60.47,30.23,0.0702,0.018223838122148672,0.01824665186084862,0.926705
14,60,8,3,2,2,Poor,0.9271,60.47,30.23,0.0702,0.018223838122148672,0.01824665186084862,0.925152
10,52,8,2,0,0,Good,0.9707,11.65,5.82,0.0275,0.007314725758930801,0.006583813368375362,0.921033
10,52,8,2,0,0,Good,0.9707,11.65,5.82,0.0275,0.007314725758930801,0.006583813368375362,0.933353
20,107,8,3,1,1,Poor,0.9038,83.24,41.62,0.0962,0.024040849519157026,0.01675944744506175,0.865095
20,107,8,3,1,1,Poor,0.9038,83.24,41.62,0.0962,0.024040849519157026,0.01675944744506175,0.833599
18,115,8,2,1,1,Poor,0.8721,88.7,44.35,0.1265,0.031987412748561456,0.02757974138729114,0.872976
18,115,8,2,1,1,Poor,0.8721,88.7,44.35,0.1265,0.031987412748561456,0.02757974138729114,0.88164
8,40,6,1,0,0,Good,0.9744,19.55,9.78,0.0289,0.006393437329489798,0.0058453907115126845,0.987117
8,40,6,1,0,0,Good,0.9744,19.55,9.78,0.0289,0.006393437329489798,0.0058453907115126845,0.987307
20,66,7,2,2,2,Poor,0.9062,84.75,42.38,0.09,0.02346018129820071,0.028496432017767432,0.929703
20,66,7,2,2,2,Poor,0.9062,84.75,42.38,0.09,0.02346018129820071,0.028496432017767432,0.936318
17,53,4,1,1,1,Poor,0.9016,88.54,44.27,0.0977,0.024609636321927447,0.024254612910724505,0.997811
17,53,4,1,1,1,Poor,0.9016,88.54,44.27,0.0977,0.024609636321927447,0.024254612910724505,0.990988
18,56,5,1,0,0,Average,0.9352,25.37,12.69,0.0599,0.016199603896325798,0.01053664453989216,0.984872
18,56,5,1,0,0,Average,0.9352,25.37,12.69,0.0599,0.016199603896325798,0.01053664453989216,0.978632
12,59,8,1,1,1,Excellent,1.0008,7.93,3.97,0.0033,0.001,0.00283161420008183,0.9315
12,59,8,1,1,1,Excellent,1.0008,7.93,3.97,0.0033,0.001,0.00283161420008183,0.935652
18,77,7,1,1,1,Excellent,0.9907,9.98,4.99,0.007,0.0023252266389833243,0.0011144540007582409,0.955597
18,77,7,1,1,1,Excellent,0.9907,9.98,4.99,0.007,0.0023252266389833243,0.0011144540007582409,0.95662
6,32,8,1,0,0,Poor,0.8793,99.86,49.93,0.1206,0.030169050441348433,0.022101726243265268,0.939828
6,32,8,1,0,0,Poor,0.8793,99.86,49.93,0.1206,0.030169050441348433,0.022101726243265268,0.95288
9,48,8,1,0,0,Excellent,0.996,6.85,3.42,0.0061,0.001,0.002411279152873101,0.957871
9,48,8,1,0,0,Excellent,0.996,6.85,3.42,0.0061,0.001,0.002411279152873101,0.952844
10,30,5,1,0,0,Excellent,0.9871,7.1,3.55,0.0085,0.003224387852028915,0.002274956311443312,0.994592
10,30,5,1,0,0,Excellent,0.9871,7.1,3.55,0.0085,0.003224387852028915,0.002274956311443312,0.987974
17,52,5,2,2,2,Excellent,0.9993,9.7,4.85,0.004,0.001,0.002339282349668196,0.993868
17,52,5,2,2,2,Excellent,0.9993,9.7,4.85,0.004,0.001,0.002339282349668196,0.991424
8,33,6,1,0,0,Good,0.9815,14.43,7.22,0.0155,0.004630918773419063,0.0050218633237258045,0.982341
8,33,6,1,0,0,Good,0.9815,14.43,7.22,0.0155,0.004630918773419063,0.0050218633237258045,0.982721
14,45,6,2,1,1,Average,0.9547,23.53,11.77,0.0487,0.011322258721597506,0.007688761864077406,0.972675
14,45,6,2,1,1,Average,0.9547,23.53,11.77,0.0487,0.011322258721597506,0.007688761864077406,0.969499
8,43,7,1,1,1,Excellent,0.994,9.59,4.8,0.0018,0.0014902082931975424,0.0016350025771729429,0.969079
8,43,7,1,1,1,Excellent,0.994,9.59,4.8,0.0018,0.0014902082931975424,0.0016350025771729429,0.958221
11,24,4,2,1,1,Excellent,0.9921,6.09,3.04,0.0037,0.0019831365641793386,0.0024485535315161545,0.994005
11,24,4,2,1,1,Excellent,0.9921,6.09,3.04,0.0037,0.0019831365641793386,0.0024485535315161545,0.994635
7,34,6,1,0,0,Poor,0.9122,85.3,42.65,0.0842,0.02195901553456983,0.019733114698601822,0.940767
7,34,6,1,0,0,Poor,0.9122,85.3,42.65,0.0842,0.02195901553456983,0.019733114698601822,0.948959
20,72,6,5,4,4,Average,0.9544,22.77,11.39,0.0442,0.011392498034349191,0.013178964355100745,0.966852
20,72,6,5,4,4,Average,0.9544,22.77,11.39,0.0442,0.011392498034349191,0.013178964355100745,0.954632
20,93,8,3,2,2,Good,0.9722,10.37,5.18,0.0267,0.006959419232136416,0.005151795135996082,0.923644
20,93,8,3,2,2,Good,0.9722,10.37,5.18,0.0267,0.006959419232136416,0.005151795135996082,0.920386
15,50,6,5,5,5,Good,0.9711,13.42,6.71,0.0294,0.007213424261243523,0.005972527140208931,0.977333
15,50,6,5,5,5,Good,0.9711,13.42,6.71,0.0294,0.007213424261243523,0.005972527140208931,0.98113
12,79,8,1,0,0,Average,0.9638,26.55,13.27,0.0404,0.009053660705881067,0.0111362385546167,0.91505
12,79,8,1,0,0,Average,0.9638,26.55,13.27,0.0404,0.009053660705881067,0.0111362385546167,0.91709
21,70,5,3,1,1,Good,0.9842,14.67,7.34,0.0165,0.003955531220262043,0.005633219229829036,0.988507
21,70,5,3,1,1,Good,0.9842,14.67,7.34,0.0165,0.003955531220262043,0.005633219229829036,0.994373
17,41,4,1,1,1,Excellent,0.9936,5.79,2.9,0.0048,0.001597060201444317,0.0028059597477347806,0.990431
17,41,4,1,1,1,Excellent,0.9936,5.79,2.9,0.0048,0.001597060201444317,0.0028059597477347806,0.996374
11,50,7,4,2,2,Excellent,0.9948,7.2,3.6,0.0062,0.0013075939357370392,0.0023889968758071733,0.97317
11,50,7,4,2,2,Excellent,0.9948,7.2,3.6,0.0062,0.0013075939357370392,0.0023889968758071733,0.968946
21,89,7,2,0,0,Good,0.9809,12.53,6.26,0.0175,0.004771378239976726,0.00571422336701015,0.964969
21,89,7,2,0,0,Good,0.9809,12.53,6.26,0.0175,0.004771378239976726,0.00571422336701015,0.958863
19,83,7,1,1,1,Average,0.9493,48.62,24.31,0.046,0.012686113346522282,0.011097634802245184,0.945316
19,83,7,1,1,1,Average,0.9493,48.62,24.31,0.046,0.012686113346522282,0.011097634802245184,0.944099
10,67,8,1,1,1,Good,0.9698,16.63,8.32,0.0258,0.007558346855444847,0.0033615945967815377,0.944636
10,67,8,1,1,1,Good,0.9698,16.63,8.32,0.0258,0.007558346855444847,0.0033615945967815377,0.960348
18,66,7,3,1,1,Good,0.9738,14.61,7.3,0.0232,0.00654202666901102,0.0036882737368727427,0.958555
18,66,7,3,1,1,Good,0.9738,14.61,7.3,0.0232,0.00654202666901102,0.0036882737368727427,0.964165
8,31,6,3,1,1,Good,0.9818,12.36,6.18,0.0141,0.004541192672196104,0.003978930090491114,0.987776
8,31,6,3,1,1,Good,0.9818,12.36,6.18,0.0141,0.004541192672196104,0.003978930090491114,0.98494
17,111,8,1,1,1,Excellent,0.9963,7.39,3.69,0.0034,0.001,0.0023735728769607436,0.932889
17,111,8,1,1,1,Excellent,0.9963,7.39,3.69,0.0034,0.001,0.0023735728769607436,0.921025
21,65,5,1,0,0,Poor,0.8761,91.57,45.78,0.1265,0.030966841578948995,0.016437372943860357,0.955282
21,65,5,1,0,0,Poor,0.8761,91.57,45.78,0.1265,0.030966841578948995,0.016437372943860357,0.946523
8,42,8,4,3,3,Average,0.9412,34.65,17.32,0.0596,0.014688218792043739,0.008773552351331003,0.940278
8,42,8,4,3,3,Average,0.9412,34.65,17.32,0.0596,0.014688218792043739,0.008773552351331003,0.925809
11,53,8,5,2,2,Good,0.9864,13.69,6.85,0.0168,0.003391159400368493,0.0054422660946598705,0.958506
11,53,8,5,2,2,Good,0.9864,13.69,6.85,0.0168,0.003391159400368493,0.0054422660946598705,0.960546
8,35,7,2,1,1,Good,0.9834,11.38,5.69,0.0138,0.0041617718858003305,0.004741602512981008,0.982965
8,35,7,2,1,1,Good,0.9834,11.38,5.69,0.0138,0.0041617718858003305,0.004741602512981008,0.982551
18,63,6,2,1,1,Good,0.9832,14.26,7.13,0.0157,0.0042077818316763604,0.006285100057144524,0.984093
18,63,6,2,1,1,Good,0.9832,14.26,7.13,0.0157,0.0042077818316763604,0.006285100057144524,0.986586
11,51,7,1,1,1,Good,0.9757,13.98,6.99,0.0203,0.006070666465974289,0.006224915745337024,0.951688
11,51,7,1,1,1,Good,0.9757,13.98,6.99,0.0203,0.006070666465974289,0.006224915745337024,0.939031
16,39,5,1,0,0,Good,0.9819,15.75,7.87,0.0177,0.004533221262712189,0.004944557537252224,0.990469
16,39,5,1,0,0,Good,0.9819,15.75,7.87,0.0177,0.004533221262712189,0.004944557537252224,0.989961
19,83,7,2,1,1,Excellent,0.9988,6.51,3.26,0.0026,0.001,0.0022072720945943156,0.962781
19,83,7,2,1,1,Excellent,0.9988,6.51,3.26,0.0026,0.001,0.0022072720945943156,0.964576
11,27,4,1,0,0,Poor,0.9011,76.59,38.29,0.1007,0.024732639191346356,0.01725580830204748,0.877394
11,27,4,1,0,0,Poor,0.9011,76.59,38.29,0.1007,0.024732639191346356,0.01725580830204748,0.883591
14,46,6,2,1,1,Good,0.9814,15.15,7.57,0.0223,0.00464208759367965,0.004739552171484935,0.983253
14,46,6,2,1,1,Good,0.9814,15.15,7.57,0.0223,0.00464208759367965,0.004739552171484935,0.976471
15,48,6,3,1,1,Excellent,0.9968,7.71,3.86,0.0018,0.001,0.0010350379861409984,0.983315
15,48,6,3,1,1,Excellent,0.9968,7.71,3.86,0.0018,0.001,0.0010350379861409984,0.98634
15,63,6,1,1,1,Excellent,0.9918,7.98,3.99,0.0036,0.002051580328506164,0.0024773606120975997,0.975623
15,63,6,1,1,1,Excellent,0.9918,7.98,3.99,0.0036,0.002051580328506164,0.0024773606120975997,0.977985
10,34,5,3,1,1,Poor,0.9127,71.56,35.78,0.092,0.021814292730857776,0.025334879415173955,0.96645
10,34,5,3,1,1,Poor,0.9127,71.56,35.78,0.092,0.021814292730857776,0.025334879415173955,0.967838
20,87,5,1,0,0,Excellent,0.9927,5.38,2.69,0.0037,0.0018151122038985446,0.002953686665353331,0.989418
20,87,5,1,0,0,Excellent,0.9927,5.38,2.69,0.0037,0.0018151122038985446,0.002953686665353331,0.995503
18,54,4,2,1,1,Excellent,0.9917,6.69,3.34,0.0064,0.002086887738234122,0.001801479176020376,0.993616
18,54,4,2,1,1,Excellent,0.9917,6.69,3.34,0.0064,0.002086887738234122,0.001801479176020376,0.996697
14,45,5,1,1,1,Excellent,0.9918,9.18,4.59,0.0043,0.0020425246315359247,0.0013832872744037974,0.991914
14,45,5,1,1,1,Excellent,0.9918,9.18,4.59,0.0043,0.0020425246315359247,0.0013832872744037974,0.990393
21,109,8,2,1,1,Good,0.9837,17.61,8.8,0.0187,0.0040675536889714925,0.006113235896400018,0.926344
21,109,8,2,1,1,Good,0.9837,17.61,8.8,0.0187,0.0040675536889714925,0.006113235896400018,0.925998
18,96,8,1,1,1,Good,0.9836,16.78,8.39,0.0155,0.004095440037603787,0.003074875795306282,0.917525
18,96,8,1,1,1,Good,0.9836,16.78,8.39,0.0155,0.004095440037603787,0.003074875795306282,0.915196
16,88,7,2,2,2,Excellent,0.9981,6.11,3.05,0.0002,0.001,0.0011274449171332459,0.961699
16,88,7,2,2,2,Excellent,0.9981,6.11,3.05,0.0002,0.001,0.0011274449171332459,0.964549
20,72,6,1,0,0,Poor,0.9026,81.74,40.87,0.0963,0.024352441520543028,0.028948090436792796,0.973986
20,72,6,1,0,0,Poor,0.9026,81.74,40.87,0.0963,0.024352441520543028,0.028948090436792796,0.968364
16,42,4,1,1,1,Average,0.9336,29.59,14.79,0.0629,0.016596840458281054,0.013834847911749552,0.993635
16,42,4,1,1,1,Average,0.9336,29.59,14.79,0.0629,0.016596840458281054,0.013834847911749552,0.991284
11,48,8,3,2,2,Poor,0.9309,62.78,31.39,0.0726,0.01726460100550717,0.029515854129039704,0.876096
11,48,8,3,2,2,Poor,0.9309,62.78,31.39,0.0726,0.01726460100550717,0.029515854129039704,0.8856
12,34,4,1,1,1,Average,0.9395,29.12,14.56,0.06,0.015129827234649118,0.010739040853355203,0.995001
12,34,4,1,1,1,Average,0.9395,29.12,14.56,0.06,0.015129827234649118,0.010739040853355203,0.992759
11,47,5,1,0,0,Average,0.956,36.95,18.47,0.0466,0.010991579554228026,0.013011107264361207,0.98736
11,47,5,1,0,0,Average,0.956,36.95,18.47,0.0466,0.010991579554228026,0.013011107264361207,0.992394
21,106,6,2,2,2,Good,0.978,13.75,6.88,0.0208,0.005491891441052277,0.006795276369144565,0.982958
21,106,6,2,2,2,Good,0.978,13.75,6.88,0.0208,0.005491891441052277,0.006795276369144565,0.978608
9,26,4,1,0,0,Poor,0.8513,60.92,30.46,0.1494,0.037165755584756155,0.017679336577455695,0.993769
9,26,4,1,0,0,Poor,0.8513,60.92,30.46,0.1494,0.037165755584756155,0.017679336577455695,0.991755
19,94,8,5,3,3,Average,0.9543,42.54,21.27,0.0467,0.011433678610677955,0.009555227981239537,0.878001
19,94,8,5,3,3,Average,0.9543,42.54,21.27,0.0467,0.011433678610677955,0.009555227981239537,0.87583
18,53,5,3,2,2,Poor,0.9113,87.84,43.92,0.0929,0.022164292673760133,0.017354517049034374,0.982454
18,53,5,3,2,2,Poor,0.9113,87.84,43.92,0.0929,0.022164292673760133,0.017354517049034374,0.972936
16,103,8,2,1,1,Poor,0.8713,82.81,41.4,0.1247,0.03217122781788731,0.023702367430899762,0.909902
16,103,8,2,1,1,Poor,0.8713,82.81,41.4,0.1247,0.03217122781788731,0.023702367430899762,0.910387
19,69,7,3,2,2,Poor,0.9249,59.44,29.72,0.0723,0.018770338405155296,0.024145590955755143,0.947944
19,69,7,3,2,2,Poor,0.9249,59.44,29.72,0.0723,0.018770338405155296,0.024145590955755143,0.951146
8,40,8,1,0,0,Poor,0.9015,97.27,48.64,0.096,0.024625554321558052,0.02353959220932742,0.870979
8,40,8,1,0,0,Poor,0.9015,97.27,48.64,0.096,0.024625554321558052,0.02353959220932742,0.846399
18,90,8,1,0,0,Good,0.9855,18.5,9.25,0.0132,0.0036342355644791713,0.0064986007880960504,0.908058
18,90,8,1,0,0,Good,0.9855,18.5,9.25,0.0132,0.0036342355644791713,0.0064986007880960504,0.904017
21,66,5,1,1,1,Good,0.9881,13.23,6.61,0.0159,0.002978795433393411,0.0038280290835381223,0.994205
21,66,5,1,1,1,Good,0.9881,13.23,6.61,0.0159,0.002978795433393411,0.0038280290835381223,0.989018
11,37,5,1,1,1,Poor,0.9221,75.01,37.51,0.0789,0.01946312894284019,0.01996888852180005,0.990433
11,37,5,1,1,1,Poor,0.9221,75.01,37.51,0.0789,0.01946312894284019,0.01996888852180005,0.98491
8,33,7,1,0,0,Poor,0.8597,97.88,48.94,0.1407,0.035073787152894415,0.025736922783024217,0.677302
8,33,7,1,0,0,Poor,0.8597,97.88,48.94,0.1407,0.035073787152894415,0.025736922783024217,0.685571
6,29,8,1,1,1,Poor,0.8698,74.04,37.02,0.1281,0.03253822733958489,0.020975951048915205,0.912923
6,29,8,1,1,1,Poor,0.8698,74.04,37.02,0.1281,0.03253822733958489,0.020975951048915205,0.903165
10,23,4,1,0,0,Average,0.9497,42.74,21.37,0.0532,0.012569073455455299,0.012775953720149604,0.993984
10,23,4,1,0,0,Average,0.9497,42.74,21.37,0.0532,0.012569073455455299,0.012775953720149604,0.998033
19,95,6,1,1,1,Average,0.9601,24.26,12.13,0.0397,0.009974209200071693,0.00911606163365398,0.980938
19,95,6,1,1,1,Average,0.9601,24.26,12.13,0.0397,0.009974209200071693,0.00911606163365398,0.977883
14,47,5,1,1,1,Average,0.9551,28.86,14.43,0.0478,0.011228285783385278,0.012596493378753768,0.987577
14,47,5,1,1,1,Average,0.9551,28.86,14.43,0.0478,0.011228285783385278,0.012596493378753768,0.982224
14,81,8,1,1,1,Excellent,0.9964,8.81,4.4,0.0015,0.001,0.001442043079140344,0.958053
14,81,8,1,1,1,Excellent,0.9964,8.81,4.4,0.0015,0.001,0.001442043079140344,0.947985
17,55,6,2,2,2,Average,0.942,29.2,14.6,0.0586,0.014489267002778417,0.009437930910306265,0.968855
17,55,6,2,2,2,Average,0.942,29.2,14.6,0.0586,0.014489267002778417,0.009437930910306265,0.971583
15,87,7,1,1,1,Good,0.9726,17.44,8.72,0.0239,0.0068590972321044,0.004169331516598094,0.980786
15,87,7,1,1,1,Good,0.9726,17.44,8.72,0.0239,0.0068590972321044,0.004169331516598094,0.976877
14,85,7,1,0,0,Good,0.9838,10.28,5.14,0.0142,0.004050918799230779,0.005336939096810421,0.957346
14,85,7,1,0,0,Good,0.9838,10.28,5.14,0.0142,0.004050918799230779,0.005336939096810421,0.963455
17,73,6,1,0,0,Poor,0.8627,73.85,36.92,0.142,0.03431907188182823,0.024657772796885316,0.975119
17,73,6,1,0,0,Poor,0.8627,73.85,36.92,0.142,0.03431907188182823,0.024657772796885316,0.979604
16,74,8,2,2,2,Average,0.9344,31.34,15.67,0.067,0.01638988175935785,0.013966258080317788,0.901692
16,74,8,2,2,2,Average,0.9344,31.34,15.67,0.067,0.01638988175935785,0.013966258080317788,0.908127
12,40,6,1,1,1,Good,0.9801,11.5,5.75,0.0222,0.004971301625794816,0.003478365679085155,0.980067
12,40,6,1,1,1,Good,0.9801,11.5,5.75,0.0222,0.004971301625794816,0.003478365679085155,0.98514
20,99,7,4,1,1,Excellent,0.9944,9.2,4.6,0.0085,0.001406646241083942,0.0020482366665919823,0.95148
20,99,7,4,1,1,Excellent,0.9944,9.2,4.6,0.0085,0.001406646241083942,0.0020482366665919823,0.954893
12,32,5,2,1,1,Average,0.95,39.93,19.96,0.0459,0.012487812182932712,0.009636120647634059,0.986224
12,32,5,2,1,1,Average,0.95,39.93,19.96,0.0459,0.012487812182932712,0.009636120647634059,0.990615
8,59,8,1,1,1,Excellent,0.9922,7.23,3.62,0.0052,0.0019456413759272595,0.0025945397278582423,0.928719
8,59,8,1,1,1,Excellent,0.9922,7.23,3.62,0.0052,0.0019456413759272595,0.0025945397278582423,0.932109
13,46,5,1,1,1,Good,0.9763,16.9,8.45,0.0191,0.005929748273929281,0.005436550833754638,0.990539
13,46,5,1,1,1,Good,0.9763,16.9,8.45,0.0191,0.005929748273929281,0.005436550833754638,0.988298
12,29,4,2,1,1,Excellent,0.9967,9.53,4.77,0.0013,0.001,0.0014154640917120314,0.997599
12,29,4,2,1,1,Excellent,0.9967,9.53,4.77,0.0013,0.001,0.0014154640917120314,0.996548
8,43,6,1,0,0,Good,0.9809,14.78,7.39,0.0188,0.004769400841917376,0.0033995036346426257,0.98131
8,43,6,1,0,0,Good,0.9809,14.78,7.39,0.0188,0.004769400841917376,0.0033995036346426257,0.981408
21,104,8,4,4,4,Average,0.9503,37.08,18.54,0.0533,0.012414287697785242,0.007892191214560357,0.907568
21,104,8,4,4,4,Average,0.9503,37.08,18.54,0.0533,0.012414287697785242,0.007892191214560357,0.895707
12,45,7,2,0,0,Poor,0.9089,99.61,49.81,0.0901,0.02276703338017927,0.019061148035444894,0.909369
12,45,7,2,0,0,Poor,0.9089,99.61,49.81,0.0901,0.02276703338017927,0.019061148035444894,0.905026
21,109,8,1,1,1,Average,0.9617,48.54,24.27,0.042,0.009578220257993958,0.008992176016637224,0.883385
21,109,8,1,1,1,Average,0.9617,48.54,24.27,0.042,0.009578220257993958,0.008992176016637224,0.871093
15,83,6,1,0,0,Poor,0.8663,55.57,27.79,0.1305,0.03342679381515823,0.015097759289950973,0.977217
15,83,6,1,0,0,Poor,0.8663,55.57,27.79,0.1305,0.03342679381515823,0.015097759289950973,0.973713
21,93,8,1,1,1,Poor,0.9241,58.16,29.08,0.0752,0.018981152203130097,0.019569614689190086,0.874302
21,93,8,1,1,1,Poor,0.9241,58.16,29.08,0.0752,0.018981152203130097,0.019569614689190086,0.882612
16,57,7,1,0,0,Good,0.9851,11.94,5.97,0.0122,0.0037140515132339513,0.00422880135481893,0.95626
16,57,7,1,0,0,Good,0.9851,11.94,5.97,0.0122,0.0037140515132339513,0.00422880135481893,0.963733
15,32,4,1,1,1,Good,0.9835,15.71,7.86,0.0131,0.004132018935971454,0.0060655895291638375,0.998277
15,32,4,1,1,1,Good,0.9835,15.71,7.86,0.0131,0.004132018935971454,0.0060655895291638375,0.998273
11,34,5,1,0,0,Good,0.9794,13.26,6.63,0.0203,0.005147893490434041,0.005380918585918803,0.991166
11,34,5,1,0,0,Good,0.9794,13.26,6.63,0.0203,0.005147893490434041,0.005380918585918803,0.990061
14,85,7,1,1,1,Good,0.9841,19.33,9.66,0.0194,0.003969314527403955,0.004214472483718131,0.963642
14,85,7,1,1,1,Good,0.9841,19.33,9.66,0.0194,0.003969314527403955,0.004214472483718131,0.964831
17,67,6,3,1,1,Average,0.9519,33.49,16.75,0.047,0.012019123611793858,0.01033698910508588,0.974049
17,67,6,3,1,1,Average,0.9519,33.49,16.75,0.047,0.012019123611793858,0.01033698910508588,0.95952
7,27,7,1,0,0,Poor,0.8703,67.68,33.84,0.1344,0.03241995073226381,0.026505728990682285,0.912382
7,27,7,1,0,0,Poor,0.8703,67.68,33.84,0.1344,0.03241995073226381,0.026505728990682285,0.928068
12,42,4,1,0,0,Good,0.9882,16.62,8.31,0.0151,0.0029482673148832905,0.0030947159922673044,0.997756
12,42,4,1,0,0,Good,0.9882,16.62,8.31,0.0151,0.0029482673148832905,0.0030947159922673044,0.997575
12,44,6,1,0,0,Good,0.9789,16.18,8.09,0.0188,0.005265608199051974,0.003297707654331261,0.985724
12,44,6,1,0,0,Good,0.9789,16.18,8.09,0.0188,0.005265608199051974,0.003297707654331261,0.982135
16,43,5,2,2,2,Poor,0.8871,97.07,48.54,0.1174,0.02822869192413688,0.029200621811226003,0.978636
16,43,5,2,2,2,Poor,0.8871,97.07,48.54,0.1174,0.02822869192413688,0.029200621811226003,0.974605
18,86,8,4,4,4,Excellent,0.9914,5.51,2.75,0.0064,0.0021589561142920655,0.0017388976579625064,0.930421
18,86,8,4,4,4,Excellent,0.9914,5.51,2.75,0.0064,0.0021589561142920655,0.0017388976579625064,0.930795
16,36,4,2,2,2,Poor,0.861,91.22,45.61,0.1399,0.03475449153975585,0.023611321806907018,0.9638
16,36,4,2,2,2,Poor,0.861,91.22,45.61,0.1399,0.03475449153975585,0.023611321806907018,0.967098
8,40,8,2,2,2,Poor,0.8868,62.26,31.13,0.1158,0.028297695456296013,0.018910786981509,0.925407
8,40,8,2,2,2,Poor,0.8868,62.26,31.13,0.1158,0.028297695456296013,0.018910786981509,0.932398
15,81,8,2,2,2,Excellent,0.996,5.7,2.85,0.0077,0.001,0.0023985026286751435,0.937846
15,81,8,2,2,2,Excellent,0.996,5.7,2.85,0.0077,0.001,0.0023985026286751435,0.931416
17,55,6,4,3,3,Poor,0.911,87.36,43.68,0.0872,0.022243088502526154,0.018415234214902335,0.976003
17,55,6,4,3,3,Poor,0.911,87.36,43.68,0.0872,0.022243088502526154,0.018415234214902335,0.974592
16,93,6,1,1,1,Good,0.9735,16.78,8.39,0.0241,0.006631907111302654,0.005990601120373048,0.978714
16,93,6,1,1,1,Good,0.9735,16.78,8.39,0.0241,0.006631907111302654,0.005990601120373048,0.983392
17,96,8,1,0,0,Excellent,0.9946,7.83,3.91,0.01,0.0013396655121421797,0.0027461617707949613,0.916144
17,96,8,1,0,0,Excellent,0.9946,7.83,3.91,0.01,0.0013396655121421797,0.0027461617707949613,0.919995
16,60,6,1,0,0,Excellent,0.9991,8.67,4.34,0.0057,0.001,0.0025611764209320384,0.982579
16,60,6,1,0,0,Excellent,0.9991,8.67,4.34,0.0057,0.001,0.0025611764209320384,0.988219
11,62,8,1,1,1,Excellent,0.9968,7.87,3.93,0.0047,0.001,0.0013817749135480427,0.946731
11,62,8,1,1,1,Excellent,0.9968,7.87,3.93,0.0047,0.001,0.0013817749135480427,0.945952
19,64,4,1,1,1,Average,0.9394,33.97,16.99,0.0656,0.015157683655307175,0.008217642524864894,0.979906
19,64,4,1,1,1,Average,0.9394,33.97,16.99,0.0656,0.015157683655307175,0.008217642524864894,0.976476
16,40,5,1,1,1,Poor,0.8778,76.39,38.19,0.1254,0.03055120201720235,0.021485957565463742,0.937658
16,40,5,1,1,1,Poor,0.8778,76.39,38.19,0.1254,0.03055120201720235,0.021485957565463742,0.932415
15,65,8,2,1,1,Excellent,0.9912,8.12,4.06,0.0039,0.0022035239784725102,0.0016447686169616825,0.923321
15,65,8,2,1,1,Excellent,0.9912,8.12,4.06,0.0039,0.0022035239784725102,0.0016447686169616825,0.939671
14,63,5,1,1,1,Good,0.975,15.84,7.92,0.0254,0.006257983505641773,0.005614450802367981,0.993796
14,63,5,1,1,1,Good,0.975,15.84,7.92,0.0254,0.006257983505641773,0.005614450802367981,0.988475
10,51,8,2,1,1,Good,0.9827,17.73,8.86,0.0141,0.0043267540543538985,0.0031048979620165243,0.975773
10,51,8,2,1,1,Good,0.9827,17.73,8.86,0.0141,0.0043267540543538985,0.0031048979620165243,0.969675
16,39,4,1,0,0,Average,0.9407,47.85,23.93,0.0563,0.014827416865756726,0.008306311275022247,0.967006
16,39,4,1,0,0,Average,0.9407,47.85,23.93,0.0563,0.014827416865756726,0.008306311275022247,0.963882
13,49,6,2,0,0,Good,0.9932,17.72,8.86,0.0105,0.0016923882137191426,0.006777546538103847,0.976323
13,49,6,2,0,0,Good,0.9932,17.72,8.86,0.0105,0.0016923882137191426,0.006777546538103847,0.973458
18,39,4,2,2,2,Excellent,0.995,7.22,3.61,0.0074,0.0012600740351826623,0.001760833130020116,0.997654
18,39,4,2,2,2,Excellent,0.995,7.22,3.61,0.0074,0.0012600740351826623,0.001760833130020116,0.99758
20,87,7,1,0,0,Poor,0.8692,59.93,29.97,0.1317,0.03269413173626248,0.016869739751463955,0.91879
20,87,7,1,0,0,Poor,0.8692,59.93,29.97,0.1317,0.03269413173626248,0.016869739751463955,0.901
17,79,8,2,1,1,Average,0.9575,32.45,16.23,0.0384,0.010626297167331294,0.011055281481734423,0.896544
17,79,8,2,1,1,Average,0.9575,32.45,16.23,0.0384,0.010626297167331294,0.011055281481734423,0.873606
14,73,7,1,1,1,Excellent,0.9986,9.72,4.86,0.0002,0.001,0.0018400279045150928,0.955683
14,73,7,1,1,1,Excellent,0.9986,9.72,4.86,0.0002,0.001,0.0018400279045150928,0.961386
15,69,6,2,1,1,Excellent,0.9895,7.17,3.59,0.0085,0.0026177842993781453,0.002999413128215282,0.983335
15,69,6,2,1,1,Excellent,0.9895,7.17,3.59,0.0085,0.0026177842993781453,0.002999413128215282,0.985807
18,55,4,1,1,1,Poor,0.8552,50.79,25.4,0.1471,0.03621061653923929,0.028459967932470617,0.992967
18,55,4,1,1,1,Poor,0.8552,50.79,25.4,0.1471,0.03621061653923929,0.028459967932470617,0.995893
10,24,5,3,2,2,Good,0.9704,16.95,8.48,0.0252,0.007408485551956612,0.00620952109127717,0.988032
10,24,5,3,2,2,Good,0.9704,16.95,8.48,0.0252,0.007408485551956612,0.00620952109127717,0.986138
17,72,6,1,1,1,Poor,0.8932,91.16,45.58,0.1035,0.026698189292905267,0.022778995219465366,0.973399
17,72,6,1,1,1,Poor,0.8932,91.16,45.58,0.1035,0.026698189292905267,0.022778995219465366,0.973771
11,46,5,2,1,1,Average,0.9622,46.37,23.19,0.0344,0.0094379814735846,0.010980443132166676,0.979385
11,46,5,2,1,1,Average,0.9622,46.37,23.19,0.0344,0.0094379814735846,0.010980443132166676,0.973711
18,78,6,2,1,1,Average,0.9576,47.27,23.63,0.0406,0.010599131611346763,0.013266151191343667,0.981482
18,78,6,2,1,1,Average,0.9576,47.27,23.63,0.0406,0.010599131611346763,0.013266151191343667,0.972069
6,24,6,1,1,1,Poor,0.8644,51.71,25.86,0.1398,0.03390662157436969,0.015697491750807493,0.962045
6,24,6,1,1,1,Poor,0.8644,51.71,25.86,0.1398,0.03390662157436969,0.015697491750807493,0.970069
11,71,7,1,0,0,Good,0.9803,11.0,5.5,0.017,0.004936582831707864,0.004679531514292702,0.964112
11,71,7,1,0,0,Good,0.9803,11.0,5.5,0.017,0.004936582831707864,0.004679531514292702,0.963632
20,130,7,1,1,1,Poor,0.8834,92.81,46.4,0.1129,0.02914853052546107,0.02404906643287373,0.970714
20,130,7,1,1,1,Poor,0.8834,92.81,46.4,0.1129,0.02914853052546107,0.02404906643287373,0.973184
15,47,4,1,0,0,Poor,0.8541,73.47,36.74,0.1422,0.03648716248072714,0.024845614083854786,0.989651
15,47,4,1,0,0,Poor,0.8541,73.47,36.74,0.1422,0.03648716248072714,0.024845614083854786,0.986192
21,77,7,1,1,1,Good,0.9828,11.26,5.63,0.0203,0.004310051450828578,0.003570382124947066,0.962698
21,77,7,1,1,1,Good,0.9828,11.26,5.63,0.0203,0.004310051450828578,0.003570382124947066,0.954626
9,45,8,2,2,2,Good,0.9879,12.26,6.13,0.0137,0.0030247103825016275,0.004314503035261048,0.949556
9,45,8,2,2,2,Good,0.9879,12.26,6.13,0.0137,0.0030247103825016275,0.004314503035261048,0.947911
14,64,7,1,1,1,Good,0.979,13.28,6.64,0.0175,0.005260800993871606,0.005945641307074559,0.964436
14,64,7,1,1,1,Good,0.979,13.28,6.64,0.0175,0.005260800993871606,0.005945641307074559,0.958717
18,57,4,1,1,1,Excellent,0.9853,8.97,4.49,0.0098,0.0036630222208652308,0.002269261301072151,0.997865
18,57,4,1,1,1,Excellent,0.9853,8.97,4.49,0.0098,0.0036630222208652308,0.002269261301072151,0.99583
17,63,7,3,1,1,Good,0.9744,16.29,8.14,0.0263,0.0063919437403958945,0.004808416455766522,0.946763
17,63,7,3,1,1,Good,0.9744,16.29,8.14,0.0263,0.0063919437403958945,0.004808416455766522,0.951951
14,81,8,3,2,2,Poor,0.9103,55.89,27.95,0.0923,0.022414826261423382,0.02885828446641754,0.909752
14,81,8,3,2,2,Poor,0.9103,55.89,27.95,0.0923,0.022414826261423382,0.02885828446641754,0.908673
11,37,6,1,1,1,Average,0.9378,30.23,15.11,0.0649,0.015539691641936443,0.010650528053238873,0.971718
11,37,6,1,1,1,Average,0.9378,30.23,15.11,0.0649,0.015539691641936443,0.010650528053238873,0.976856
16,38,4,1,1,1,Average,0.9568,21.89,10.95,0.0446,0.010798490712058628,0.014718028398950027,0.990477
16,38,4,1,1,1,Average,0.9568,21.89,10.95,0.0446,0.010798490712058628,0.014718028398950027,0.995867
20,68,5,1,1,1,Excellent,0.9891,5.6,2.8,0.0071,0.0027159902532102043,0.0016952484891866208,0.991193
20,68,5,1,1,1,Excellent,0.9891,5.6,2.8,0.0071,0.0027159902532102043,0.0016952484891866208,0.99145
8,36,8,1,1,1,Good,0.9762,13.98,6.99,0.0288,0.005959886615357235,0.0037795119327815895,0.970054
8,36,8,1,1,1,Good,0.9762,13.98,6.99,0.0288,0.005959886615357235,0.0037795119327815895,0.97993
6,26,5,1,0,0,Good,0.9839,17.33,8.67,0.0171,0.004017341738030533,0.0036070847679043707,0.99514
6,26,5,1,0,0,Good,0.9839,17.33,8.67,0.0171,0.004017341738030533,0.0036070847679043707,0.99569
17,110,8,1,1,1,Good,0.9667,16.94,8.47,0.0299,0.008318990574912505,0.0036349991887848995,0.924318
17,110,8,1,1,1,Good,0.9667,16.94,8.47,0.0299,0.008318990574912505,0.0036349991887848995,0.925545
19,50,5,1,0,0,Good,0.9753,12.78,6.39,0.0292,0.006173036052611075,0.004185985725813281,0.993024
19,50,5,1,0,0,Good,0.9753,12.78,6.39,0.0292,0.006173036052611075,0.004185985725813281,0.993335
19,83,8,2,2,2,Poor,0.9235,73.4,36.7,0.0809,0.01912703922898301,0.015005304188453087,0.903919
19,83,8,2,2,2,Poor,0.9235,73.4,36.7,0.0809,0.01912703922898301,0.015005304188453087,0.883168
15,76,6,2,1,1,Good,0.9823,19.23,9.62,0.0223,0.004417396953723507,0.0032368889080038534,0.983994
15,76,6,2,1,1,Good,0.9823,19.23,9.62,0.0223,0.004417396953723507,0.0032368889080038534,0.981878
11,55,7,2,2,2,Poor,0.9179,69.55,34.77,0.0855,0.020531603389199432,0.01605797457243931,0.961737
11,55,7,2,2,2,Poor,0.9179,69.55,34.77,0.0855,0.020531603389199432,0.01605797457243931,0.959608
9,49,7,1,1,1,Good,0.9849,12.06,6.03,0.0128,0.0037733664286116464,0.004309877783381016,0.974665
9,49,7,1,1,1,Good,0.9849,12.06,6.03,0.0128,0.0037733664286116464,0.004309877783381016,0.972876
15,56,4,1,1,1,Excellent,0.9913,8.86,4.43,0.006,0.002165663313319688,0.0018765439733687372,0.995628
15,56,4,1,1,1,Excellent,0.9913,8.86,4.43,0.006,0.002165663313319688,0.0018765439733687372,0.996984
14,48,6,1,0,0,Excellent,0.9872,6.91,3.45,0.0089,0.0031956979376925876,0.0019330513689802672,0.983284
14,48,6,1,0,0,Excellent,0.9872,6.91,3.45,0.0089,0.0031956979376925876,0.0019330513689802672,0.980076
15,67,7,1,0,0,Good,0.9905,15.23,7.61,0.0118,0.002363466515986151,0.0068389377474500825,0.958696
15,67,7,1,0,0,Good,0.9905,15.23,7.61,0.0118,0.002363466515986151,0.0068389377474500825,0.964365
13,44,6,3,3,3,Poor,0.8522,91.84,45.92,0.1471,0.03696070308616692,0.024570898611678563,0.941746
13,44,6,3,3,3,Poor,0.8522,91.84,45.92,0.1471,0.03696070308616692,0.024570898611678563,0.932822
16,53,6,1,0,0,Poor,0.9085,83.35,41.67,0.0901,0.022883328120812757,0.01519389164832953,0.958922
16,53,6,1,0,0,Poor,0.9085,83.35,41.67,0.0901,0.022883328120812757,0.01519389164832953,0.973822
13,53,7,2,0,0,Poor,0.893,61.07,30.53,0.1047,0.02676095525214564,0.0299595380702155,0.945664
13,53,7,2,0,0,Poor,0.893,61.07,30.53,0.1047,0.02676095525214564,0.0299595380702155,0.927524
18,77,7,3,2,2,Poor,0.9248,52.11,26.05,0.0786,0.01881043946238506,0.024640166642599347,0.948977
18,77,7,3,2,2,Poor,0.9248,52.11,26.05,0.0786,0.01881043946238506,0.024640166642599347,0.945296
13,44,4,1,1,1,Average,0.9427,37.4,18.7,0.0584,0.014333538491154624,0.013522268318757122,0.992357
13,44,4,1,1,1,Average,0.9427,37.4,18.7,0.0584,0.014333538491154624,0.013522268318757122,0.996114
20,94,7,1,0,0,Excellent,0.9931,9.7,4.85,0.0081,0.00171260580533808,0.0025552615438669524,0.963443
20,94,7,1,0,0,Excellent,0.9931,9.7,4.85,0.0081,0.00171260580533808,0.0025552615438669524,0.963352
11,51,8,1,0,0,Excellent,0.9946,8.15,4.08,0.0033,0.0013417135025958482,0.001824287828831304,0.969908
11,51,8,1,0,0,Excellent,0.9946,8.15,4.08,0.0033,0.0013417135025958482,0.001824287828831304,0.971879
17,62,6,3,1,1,Average,0.9291,30.57,15.29,0.0686,0.017714304747968868,0.013269678416717,0.978464
17,62,6,3,1,1,Average,0.9291,30.57,15.29,0.0686,0.017714304747968868,0.013269678416717,0.970538
20,63,6,3,3,3,Average,0.9642,43.06,21.53,0.0364,0.008959726692488706,0.01390786323233114,0.961875
20,63,6,3,3,3,Average,0.9642,43.06,21.53,0.0364,0.008959726692488706,0.01390786323233114,0.96746
11,38,6,1,1,1,Poor,0.9045,92.83,46.42,0.0967,0.023884258517552215,0.02609788989333313,0.962205
11,38,6,1,1,1,Poor,0.9045,92.83,46.42,0.0967,0.023884258517552215,0.02609788989333313,0.973607
21,78,6,3,2,2,Good,0.9895,17.57,8.78,0.014,0.002620805591753983,0.004941762517410335,0.977452
21,78,6,3,2,2,Good,0.9895,17.57,8.78,0.014,0.002620805591753983,0.004941762517410335,0.981299
20,72,6,2,2,2,Average,0.9299,42.64,21.32,0.0684,0.01753618390594136,0.007891844820367679,0.961718
20,72,6,2,2,2,Average,0.9299,42.64,21.32,0.0684,0.01753618390594136,0.007891844820367679,0.97048
15,73,8,3,2,2,Average,0.9474,42.7,21.35,0.0515,0.013137615511066486,0.01256508869385334,0.949792
15,73,8,3,2,2,Average,0.9474,42.7,21.35,0.0515,0.013137615511066486,0.01256508869385334,0.942356
18,54,4,2,1,1,Average,0.9549,24.37,12.19,0.0436,0.01126714037236859,0.00806425827272286,0.995224
18,54,4,2,1,1,Average,0.9549,24.37,12.19,0.0436,0.01126714037236859,0.00806425827272286,0.992535
9,41,7,1,0,0,Average,0.9294,38.4,19.2,0.0688,0.017647861993488057,0.008798598852308753,0.951455
9,41,7,1,0,0,Average,0.9294,38.4,19.2,0.0688,0.017647861993488057,0.008798598852308753,0.969379
10,45,8,1,0,0,Average,0.963,20.79,10.4,0.039,0.009256988267409227,0.008751801266989215,0.949847
10,45,8,1,0,0,Average,0.963,20.79,10.4,0.039,0.009256988267409227,0.008751801266989215,0.940638
21,94,8,2,1,1,Poor,0.8866,70.73,35.36,0.1141,0.028354308824888264,0.02118485348515861,0.871533
21,94,8,2,1,1,Poor,0.8866,70.73,35.36,0.1141,0.028354308824888264,0.02118485348515861,0.87122
18,84,8,3,2,2,Average,0.9338,41.2,20.6,0.0693,0.016560596705491648,0.009108458723504227,0.920159
18,84,8,3,2,2,Average,0.9338,41.2,20.6,0.0693,0.016560596705491648,0.009108458723504227,0.909571
17,68,6,2,0,0,Good,0.9874,13.2,6.6,0.0171,0.0031401431273833103,0.0035379712081450984,0.984754
17,68,6,2,0,0,Good,0.9874,13.2,6.6,0.0171,0.0031401431273833103,0.0035379712081450984,0.977677
10,40,5,1,0,0,Excellent,0.9922,9.91,4.95,0.0078,0.0019419119372433291,0.001951475419631003,0.989726
10,40,5,1,0,0,Excellent,0.9922,9.91,4.95,0.0078,0.0019419119372433291,0.001951475419631003,0.99331
13,65,8,2,0,0,Average,0.9447,41.53,20.76,0.0558,0.01381447754958448,0.014880616678235759,0.918169
13,65,8,2,0,0,Average,0.9447,41.53,20.76,0.0558,0.01381447754958448,0.014880616678235759,0.908463
14,87,7,1,1,1,Excellent,0.9965,7.3,3.65,0.0044,0.001,0.0011293155245954394,0.970454
14,87,7,1,1,1,Excellent,0.9965,7.3,3.65,0.0044,0.001,0.0011293155245954394,0.970054
20,103,8,4,1,1,Excellent,0.9973,9.48,4.74,0.0048,0.001,0.0011275536668599695,0.916467
20,103,8,4,1,1,Excellent,0.9973,9.48,4.74,0.0048,0.001,0.0011275536668599695,0.903534
8,27,6,3,2,2,Average,0.9344,37.09,18.55,0.0679,0.016404110017391643,0.012708897507055908,0.964759
8,27,6,3,2,2,Average,0.9344,37.09,18.55,0.0679,0.016404110017391643,0.012708897507055908,0.960127
19,97,7,1,1,1,Good,0.9852,19.86,9.93,0.0143,0.003695741389203394,0.005153582802331625,0.962064
19,97,7,1,1,1,Good,0.9852,19.86,9.93,0.0143,0.003695741389203394,0.005153582802331625,0.95315
16,65,6,1,1,1,Good,0.9769,15.7,7.85,0.0275,0.005764174025669089,0.0035769322742909265,0.976008
16,65,6,1,1,1,Good,0.9769,15.7,7.85,0.0275,0.005764174025669089,0.0035769322742909265,0.982558
16,112,8,1,1,1,Excellent,1.002,9.85,4.93,0.0005,0.001,0.0021748953479481248,0.924974
16,112,8,1,1,1,Excellent,1.002,9.85,4.93,0.0005,0.001,0.0021748953479481248,0.911432
19,112,8,1,1,1,Good,0.986,17.33,8.66,0.015,0.0034901839901847753,0.00603528401224584,0.897615
19,112,8,1,1,1,Good,0.986,17.33,8.66,0.015,0.0034901839901847753,0.00603528401224584,0.900071
21,44,4,3,3,3,Excellent,0.9981,6.66,3.33,0.0009,0.001,0.0024018572114263455,0.997139
21,44,4,3,3,3,Excellent,0.9981,6.66,3.33,0.0009,0.001,0.0024018572114263455,0.996025
19,105,7,3,1,1,Poor,0.9174,84.82,42.41,0.0811,0.02066195172434923,0.016437949498503884,0.922413
19,105,7,3,1,1,Poor,0.9174,84.82,42.41,0.0811,0.02066195172434923,0.016437949498503884,0.919403
11,59,6,1,1,1,Poor,0.8869,93.95,46.98,0.11,0.028282220521296725,0.021021416321464696,0.97635
11,59,6,1,1,1,Poor,0.8869,93.95,46.98,0.11,0.028282220521296725,0.021021416321464696,0.983083
16,34,4,4,2,2,Poor,0.8833,87.59,43.8,0.1119,0.02917634357107507,0.024092391400884934,0.969782
16,34,4,4,2,2,Poor,0.8833,87.59,43.8,0.1119,0.02917634357107507,0.024092391400884934,0.972957
7,35,8,1,1,1,Average,0.9748,22.86,11.43,0.0301,0.006304467196115826,0.007100627839843096,0.966731
7,35,8,1,1,1,Average,0.9748,22.86,11.43,0.0301,0.006304467196115826,0.007100627839843096,0.971149
18,79,6,2,1,1,Average,0.9344,20.83,10.41,0.0662,0.01639303870308173,0.013874868993126704,0.970741
18,79,6,2,1,1,Average,0.9344,20.83,10.41,0.0662,0.01639303870308173,0.013874868993126704,0.973946
21,93,8,2,1,1,Good,0.9665,15.35,7.68,0.0295,0.008386457410052395,0.005732724336165626,0.911034
21,93,8,2,1,1,Good,0.9665,15.35,7.68,0.0295,0.008386457410052395,0.005732724336165626,0.919603
11,65,7,1,0,0,Good,0.9823,18.14,9.07,0.0189,0.004420325700601718,0.006741172180699999,0.965773
11,65,7,1,0,0,Good,0.9823,18.14,9.07,0.0189,0.004420325700601718,0.006741172180699999,0.960337
11,50,8,1,1,1,Excellent,0.9989,7.49,3.74,0.006,0.001,0.0028399982800691825,0.957194
11,50,8,1,1,1,Excellent,0.9989,7.49,3.74,0.006,0.001,0.0028399982800691825,0.966791
18,89,7,2,1,1,Poor,0.8722,97.2,48.6,0.1235,0.03196044264542591,0.018693332563976962,0.901534
18,89,7,2,1,1,Poor,0.8722,97.2,48.6,0.1235,0.03196044264542591,0.018693332563976962,0.895283
13,49,5,1,0,0,Poor,0.8962,59.42,29.71,0.1023,0.025939890356251966,0.028749157523625973,0.979894
13,49,5,1,0,0,Poor,0.8962,59.42,29.71,0.1023,0.025939890356251966,0.028749157523625973,0.985732
20,76,5,2,2,2,Good,0.9765,12.93,6.46,0.0225,0.005871101159928338,0.004508267792534497,0.989718
20,76,5,2,2,2,Good,0.9765,12.93,6.46,0.0225,0.005871101159928338,0.004508267792534497,0.990476
18,90,8,1,1,1,Average,0.9364,34.93,17.46,0.0615,0.0158956147974752,0.012472419184380868,0.926294
18,90,8,1,1,1,Average,0.9364,34.93,17.46,0.0615,0.0158956147974752,0.012472419184380868,0.909292
11,45,6,3,1,1,Average,0.9441,42.18,21.09,0.0514,0.013974902446290183,0.009423567377621019,0.935718
11,45,6,3,1,1,Average,0.9441,42.18,21.09,0.0514,0.013974902446290183,0.009423567377621019,0.919534
17,44,5,2,2,2,Excellent,0.9925,9.12,4.56,0.0068,0.0018759032736563042,0.002016749658047921,0.990908
17,44,5,2,2,2,Excellent,0.9925,9.12,4.56,0.0068,0.0018759032736563042,0.002016749658047921,0.991239
17,53,5,3,0,0,Excellent,1.0035,9.55,4.78,0.001,0.001,0.0027847121539945475,0.989578
17,53,5,3,0,0,Excellent,1.0035,9.55,4.78,0.001,0.001,0.0027847121539945475,0.992824
21,52,5,3,2,2,Good,0.9732,15.71,7.86,0.0223,0.0067020005194302346,0.004525954908312256,0.991219
21,52,5,3,2,2,Good,0.9732,15.71,7.86,0.0223,0.0067020005194302346,0.004525954908312256,0.990351
15,33,4,1,1,1,Excellent,0.9976,9.52,4.76,0.0066,0.001,0.001661501392489701,0.995433
15,33,4,1,1,1,Excellent,0.9976,9.52,4.76,0.0066,0.001,0.001661501392489701,0.994912
7,33,7,1,1,1,Good,0.9868,11.42,5.71,0.0149,0.0033095338006567665,0.006527779159610801,0.981624
7,33,7,1,1,1,Good,0.9868,11.42,5.71,0.0149,0.0033095338006567665,0.006527779159610801,0.980777
14,48,7,1,0,0,Good,0.9812,18.17,9.08,0.0198,0.00469075839028546,0.005506148388758991,0.971292
14,48,7,1,0,0,Good,0.9812,18.17,9.08,0.0198,0.00469075839028546,0.005506148388758991,0.963758
21,69,5,1,1,1,Excellent,1.0012,5.92,2.96,0.0033,0.001,0.0015129983269470512,0.995041
21,69,5,1,1,1,Excellent,1.0012,5.92,2.96,0.0033,0.001,0.0015129983269470512,0.99116
15,53,7,1,1,1,Average,0.9433,28.54,14.27,0.0528,0.014179853206221171,0.007955205642873421,0.952326
15,53,7,1,1,1,Average,0.9433,28.54,14.27,0.0528,0.014179853206221171,0.007955205642873421,0.945625
21,90,8,3,1,1,Good,0.9698,11.27,5.64,0.0299,0.007555399846147198,0.0034373755786242075,0.912938
21,90,8,3,1,1,Good,0.9698,11.27,5.64,0.0299,0.007555399846147198,0.0034373755786242075,0.911821
7,30,5,1,1,1,Poor,0.8721,59.22,29.61,0.131,0.03198480543646093,0.018626277681732396,0.988532
7,30,5,1,1,1,Poor,0.8721,59.22,29.61,0.131,0.03198480543646093,0.018626277681732396,0.990799
17,77,8,4,2,2,Poor,0.8973,86.92,43.46,0.1054,0.025667659952025107,0.024943151429327085,0.886276
17,77,8,4,2,2,Poor,0.8973,86.92,43.46,0.1054,0.025667659952025107,0.024943151429327085,0.892901
12,67,8,1,1,1,Good,0.9843,17.25,8.62,0.0109,0.00393326163643995,0.0036108421188994493,0.917509
12,67,8,1,1,1,Good,0.9843,17.25,8.62,0.0109,0.00393326163643995,0.0036108421188994493,0.931059
18,94,7,1,1,1,Good,0.9771,19.47,9.73,0.0201,0.0057148839895303505,0.005508854514191719,0.955623
18,94,7,1,1,1,Good,0.9771,19.47,9.73,0.0201,0.0057148839895303505,0.005508854514191719,0.962681
20,45,4,1,1,1,Excellent,0.9919,9.22,4.61,0.006,0.002034633792409729,0.001322195994010023,0.998015
20,45,4,1,1,1,Excellent,0.9919,9.22,4.61,0.006,0.002034633792409729,0.001322195994010023,0.995803
16,70,8,4,1,1,Excellent,0.9995,5.56,2.78,0.0007,0.001,0.0010349236222890945,0.92104
16,70,8,4,1,1,Excellent,0.9995,5.56,2.78,0.0007,0.001,0.0010349236222890945,0.929628
7,25,6,1,1,1,Good,0.9714,19.02,9.51,0.0237,0.007156829016024435,0.003013683812699069,0.99212
7,25,6,1,1,1,Good,0.9714,19.02,9.51,0.0237,0.007156829016024435,0.003013683812699069,0.990344
9,60,8,1,0,0,Good,0.9898,17.62,8.81,0.0107,0.0025620197700961245,0.0030791734352368897,0.92142
9,60,8,1,0,0,Good,0.9898,17.62,8.81,0.0107,0.0025620197700961245,0.0030791734352368897,0.935393
18,67,6,3,1,1,Poor,0.9109,95.51,47.76,0.089,0.022276975118563358,0.018750634716281245,0.925197
18,67,6,3,1,1,Poor,0.9109,95.51,47.76,0.089,0.022276975118563358,0.018750634716281245,0.926407
21,87,7,3,1,1,Good,0.9696,14.54,7.27,0.0276,0.007587621967789948,0.004147454042348063,0.959722
21,87,7,3,1,1,Good,0.9696,14.54,7.27,0.0276,0.007587621967789948,0.004147454042348063,0.952758
18,49,5,2,2,2,Average,0.9505,46.46,23.23,0.0447,0.012378438143586468,0.013443603831521133,0.990331
18,49,5,2,2,2,Average,0.9505,46.46,23.23,0.0447,0.012378438143586468,0.013443603831521133,0.988893
7,20,5,1,1,1,Poor,0.8631,70.52,35.26,0.1404,0.0342168913801201,0.029812340520571648,0.957104
7,20,5,1,1,1,Poor,0.8631,70.52,35.26,0.1404,0.0342168913801201,0.029812340520571648,0.973789
17,39,5,1,1,1,Good,0.9808,19.42,9.71,0.0184,0.004811389209826683,0.005933797164330238,0.988516
17,39,5,1,1,1,Good,0.9808,19.42,9.71,0.0184,0.004811389209826683,0.005933797164330238,0.989083
18,69,7,4,2,2,Poor,0.9029,68.18,34.09,0.0961,0.024273012041856945,0.025849615655459846,0.950603
18,69,7,4,2,2,Poor,0.9029,68.18,34.09,0.0961,0.024273012041856945,0.025849615655459846,0.94936
12,30,5,1,1,1,Good,0.9783,19.48,9.74,0.0246,0.0054362195488023846,0.004453659620891641,0.992268
12,30,5,1,1,1,Good,0.9783,19.48,9.74,0.0246,0.0054362195488023846,0.004453659620891641,0.989236
19,68,7,2,2,2,Average,0.9579,39.32,19.66,0.0385,0.010531808102523632,0.007869201454092782,0.95054
19,68,7,2,2,2,Average,0.9579,39.32,19.66,0.0385,0.010531808102523632,0.007869201454092782,0.954389
19,99,8,2,1,1,Excellent,1.0005,6.0,3.0,0.0034,0.001,0.002319302922253169,0.920981
19,99,8,2,1,1,Excellent,1.0005,6.0,3.0,0.0034,0.001,0.002319302922253169,0.919335
19,84,8,4,4,4,Good,0.9866,19.43,9.72,0.0105,0.003353043776042175,0.005269571622222469,0.920343
19,84,8,4,4,4,Good,0.9866,19.43,9.72,0.0105,0.003353043776042175,0.005269571622222469,0.916326
10,56,8,1,1,1,Poor,0.8624,78.75,39.38,0.1341,0.03439002791738488,0.01974736036381644,0.880804
10,56,8,1,1,1,Poor,0.8624,78.75,39.38,0.1341,0.03439002791738488,0.01974736036381644,0.893204
17,58,6,3,3,3,Good,0.9689,17.44,8.72,0.0292,0.007770878310973672,0.003264092336980702,0.974087
17,58,6,3,3,3,Good,0.9689,17.44,8.72,0.0292,0.007770878310973672,0.003264092336980702,0.982234
20,95,8,2,1,1,Poor,0.914,66.93,33.47,0.084,0.021496258717336292,0.02703503894379968,0.891528
20,95,8,2,1,1,Poor,0.914,66.93,33.47,0.084,0.021496258717336292,0.02703503894379968,0.877219
19,78,5,1,1,1,Excellent,0.9904,7.66,3.83,0.0062,0.0024000211776795954,0.0021046424154740942,0.993405
19,78,5,1,1,1,Excellent,0.9904,7.66,3.83,0.0062,0.0024000211776795954,0.0021046424154740942,0.991415
18,49,5,3,2,2,Poor,0.9116,68.97,34.48,0.0836,0.022109273850003802,0.025321822463099625,0.98617
18,49,5,3,2,2,Poor,0.9116,68.97,34.48,0.0836,0.022109273850003802,0.025321822463099625,0.988933
11,84,8,2,1,1,Poor,0.8568,94.7,47.35,0.1476,0.03578942394372775,0.02350174509106153,0.924745
11,84,8,2,1,1,Poor,0.8568,94.7,47.35,0.1476,0.03578942394372775,0.02350174509106153,0.928554
8,38,6,2,1,1,Average,0.9626,22.07,11.03,0.0354,0.009349172652116988,0.010148926014707328,0.98157
8,38,6,2,1,1,Average,0.9626,22.07,11.03,0.0354,0.009349172652116988,0.010148926014707328,0.977983
16,48,5,1,0,0,Average,0.9279,41.34,20.67,0.068,0.018029936007998848,0.011822500466321165,0.950638
16,48,5,1,0,0,Average,0.9279,41.34,20.67,0.068,0.018029936007998848,0.011822500466321165,0.966545
19,97,8,1,1,1,Good,0.9851,13.65,6.83,0.0151,0.0037300218847356736,0.006928145573152053,0.907993
19,97,8,1,1,1,Good,0.9851,13.65,6.83,0.0151,0.0037300218847356736,0.006928145573152053,0.917817
21,46,4,2,1,1,Average,0.9653,47.17,23.59,0.0321,0.008673100879361961,0.00945308895487269,0.983843
21,46,4,2,1,1,Average,0.9653,47.17,23.59,0.0321,0.008673100879361961,0.00945308895487269,0.987418
19,116,7,1,1,1,Average,0.9426,21.21,10.61,0.06,0.01435056357316103,0.010664700189793737,0.961123
19,116,7,1,1,1,Average,0.9426,21.21,10.61,0.06,0.01435056357316103,0.010664700189793737,0.962643
6,40,8,1,0,0,Average,0.9326,31.42,15.71,0.0662,0.016845305869208405,0.007287865262942807,0.971743
6,40,8,1,0,0,Average,0.9326,31.42,15.71,0.0662,0.016845305869208405,0.007287865262942807,0.966107
18,59,6,2,1,1,Average,0.9544,31.0,15.5,0.0505,0.01139170949590182,0.010396113777589502,0.978008
18,59,6,2,1,1,Average,0.9544,31.0,15.5,0.0505,0.01139170949590182,0.010396113777589502,0.987538
12,90,8,1,1,1,Poor,0.9228,64.08,32.04,0.0767,0.01929143695883606,0.025077118845819903,0.948114
12,90,8,1,1,1,Poor,0.9228,64.08,32.04,0.0767,0.01929143695883606,0.025077118845819903,0.941497
8,28,6,2,1,1,Good,0.9811,15.72,7.86,0.0147,0.004716258956008829,0.003301646173287786,0.990124
8,28,6,2,1,1,Good,0.9811,15.72,7.86,0.0147,0.004716258956008829,0.003301646173287786,0.984938
20,53,5,2,1,1,Average,0.962,43.58,21.79,0.0342,0.009503381390014554,0.0126331810437867,0.984366
20,53,5,2,1,1,Average,0.962,43.58,21.79,0.0342,0.009503381390014554,0.0126331810437867,0.985882
8,22,5,1,1,1,Excellent,0.9894,5.02,2.51,0.0079,0.002646292456898486,0.001099997262909698,0.989886
8,22,5,1,1,1,Excellent,0.9894,5.02,2.51,0.0079,0.002646292456898486,0.001099997262909698,0.986618
11,41,7,1,0,0,Poor,0.8796,64.4,32.2,0.1241,0.0301106661162078,0.015918995154185184,0.923219
11,41,7,1,0,0,Poor,0.8796,64.4,32.2,0.1241,0.0301106661162078,0.015918995154185184,0.928992
12,36,5,1,0,0,Excellent,0.9961,8.51,4.26,0.0008,0.001,0.001642810892407391,0.992749
12,36,5,1,0,0,Excellent,0.9961,8.51,4.26,0.0008,0.001,0.001642810892407391,0.991962
15,70,7,1,0,0,Poor,0.9064,75.33,37.67,0.0928,0.023391752028746826,0.027367028558041046,0.911542
15,70,7,1,0,0,Poor,0.9064,75.33,37.67,0.0928,0.023391752028746826,0.027367028558041046,0.915818
15,51,6,2,1,1,Good,0.9872,10.65,5.32,0.0113,0.003203356751895564,0.005931656720054268,0.985265
15,51,6,2,1,1,Good,0.9872,10.65,5.32,0.0113,0.003203356751895564,0.005931656720054268,0.985014
20,43,4,4,3,3,Excellent,0.9914,9.89,4.94,0.0067,0.002140257684515645,0.0025427722173382845,0.995465
20,43,4,4,3,3,Excellent,0.9914,9.89,4.94,0.0067,0.002140257684515645,0.0025427722173382845,0.995876
8,27,6,1,0,0,Average,0.9558,41.81,20.91,0.0428,0.011045358480158363,0.01348772296192937,0.945094
8,27,6,1,0,0,Average,0.9558,41.81,20.91,0.0428,0.011045358480158363,0.01348772296192937,0.941276
21,72,6,1,1,1,Average,0.9625,42.9,21.45,0.0425,0.009387003172909802,0.008522280408627488,0.97804
21,72,6,1,1,1,Average,0.9625,42.9,21.45,0.0425,0.009387003172909802,0.008522280408627488,0.972647
11,72,8,1,1,1,Excellent,0.9997,8.45,4.23,0.0041,0.001,0.001648735551885456,0.919027
11,72,8,1,1,1,Excellent,0.9997,8.45,4.23,0.0041,0.001,0.001648735551885456,0.916309
20,76,7,2,2,2,Poor,0.9211,72.61,36.3,0.0814,0.01971527759949321,0.021293957451317545,0.903193
20,76,7,2,2,2,Poor,0.9211,72.61,36.3,0.0814,0.01971527759949321,0.021293957451317545,0.892779
18,66,6,1,0,0,Good,0.9926,13.99,7.0,0.0103,0.0018413130576043768,0.0056470882864404414,0.983707
18,66,6,1,0,0,Good,0.9926,13.99,7.0,0.0103,0.0018413130576043768,0.0056470882864404414,0.977581
10,51,7,2,1,1,Average,0.9681,30.12,15.06,0.0309,0.007986226972769433,0.009428177048550734,0.966929
10,51,7,2,1,1,Average,0.9681,30.12,15.06,0.0309,0.007986226972769433,0.009428177048550734,0.963709
14,75,8,1,1,1,Good,0.9779,11.9,5.95,0.0221,0.0055362827706076645,0.004740430293897715,0.950756
14,75,8,1,1,1,Good,0.9779,11.9,5.95,0.0221,0.0055362827706076645,0.004740430293897715,0.936902
21,79,5,2,1,1,Excellent,1.0035,6.77,3.38,0.0011,0.001,0.0024120482128366866,0.991199
21,79,5,2,1,1,Excellent,1.0035,6.77,3.38,0.0011,0.001,0.0024120482128366866,0.992351
15,101,8,1,0,0,Good,0.9742,12.35,6.18,0.0289,0.006457634824739017,0.004665381654814091,0.932495
15,101,8,1,0,0,Good,0.9742,12.35,6.18,0.0289,0.006457634824739017,0.004665381654814091,0.92131
16,44,5,1,1,1,Average,0.9491,40.52,20.26,0.0472,0.012735355847466573,0.008035424621679587,0.927279
16,44,5,1,1,1,Average,0.9491,40.52,20.26,0.0472,0.012735355847466573,0.008035424621679587,0.949552
21,104,6,1,1,1,Excellent,0.9938,5.09,2.54,0.0037,0.0015597466604326815,0.0028891535002917145,0.985291
21,104,6,1,1,1,Excellent,0.9938,5.09,2.54,0.0037,0.0015597466604326815,0.0028891535002917145,0.986692
16,48,5,1,1,1,Poor,0.8864,89.34,44.67,0.1144,0.028406865465123943,0.01996591080333995,0.96816
16,48,5,1,1,1,Poor,0.8864,89.34,44.67,0.1144,0.028406865465123943,0.01996591080333995,0.974639
13,80,8,1,1,1,Good,0.9758,14.89,7.44,0.0194,0.00605026948205481,0.005043841865084414,0.919945
13,80,8,1,1,1,Good,0.9758,14.89,7.44,0.0194,0.00605026948205481,0.005043841865084414,0.930795
16,50,5,1,0,0,Excellent,0.9994,7.65,3.82,0.0046,0.001,0.0028942885690670123,0.98957
16,50,5,1,0,0,Excellent,0.9994,7.65,3.82,0.0046,0.001,0.0028942885690670123,0.992196
21,68,4,1,1,1,Good,0.9885,12.23,6.12,0.0101,0.002874844201460336,0.005482610091047082,0.994059
21,68,4,1,1,1,Good,0.9885,12.23,6.12,0.0101,0.002874844201460336,0.005482610091047082,0.993758
12,53,8,2,0,0,Good,0.9743,19.58,9.79,0.022,0.006437029892849611,0.00593367967190036,0.952166
12,53,8,2,0,0,Good,0.9743,19.58,9.79,0.022,0.006437029892849611,0.00593367967190036,0.95363
18,59,5,1,1,1,Poor,0.8598,85.03,42.52,0.1382,0.035058577634884486,0.018063600377447114,0.949243
18,59,5,1,1,1,Poor,0.8598,85.03,42.52,0.1382,0.035058577634884486,0.018063600377447114,0.966945
19,44,4,3,3,3,Excellent,0.9972,6.84,3.42,0.0078,0.001,0.0018933701906485836,0.997365
19,44,4,3,3,3,Excellent,0.9972,6.84,3.42,0.0078,0.001,0.0018933701906485836,0.99567
11,58,7,1,0,0,Poor,0.9191,87.92,43.96,0.0786,0.020221017301814248,0.01913924174731009,0.944016
11,58,7,1,0,0,Poor,0.9191,87.92,43.96,0.0786,0.020221017301814248,0.01913924174731009,0.925847
20,84,8,3,2,2,Average,0.9694,24.89,12.44,0.0351,0.007645092928302649,0.007991319540287464,0.925186
20,84,8,3,2,2,Average,0.9694,24.89,12.44,0.0351,0.007645092928302649,0.007991319540287464,0.912362
21,83,6,1,1,1,Average,0.9355,24.25,12.13,0.0633,0.016130470788700085,0.0072037220972115,0.978658
21,83,6,1,1,1,Average,0.9355,24.25,12.13,0.0633,0.016130470788700085,0.0072037220972115,0.980121
16,67,7,2,0,0,Poor,0.8836,58.9,29.45,0.119,0.02911031239952991,0.024654314661351096,0.925016
16,67,7,2,0,0,Poor,0.8836,58.9,29.45,0.119,0.02911031239952991,0.024654314661351096,0.922912
7,38,6,1,1,1,Excellent,0.9928,8.61,4.31,0.0071,0.0017924687837807263,0.002853897468267302,0.975606
7,38,6,1,1,1,Excellent,0.9928,8.61,4.31,0.0071,0.0017924687837807263,0.002853897468267302,0.985297
10,34,5,2,1,1,Excellent,0.9879,7.61,3.81,0.0094,0.003012772977761813,0.002509319131975128,0.987934
10,34,5,2,1,1,Excellent,0.9879,7.61,3.81,0.0094,0.003012772977761813,0.002509319131975128,0.989521
10,52,7,1,1,1,Excellent,0.9917,9.07,4.54,0.0045,0.0020831224954928618,0.002822848750183956,0.979321
10,52,7,1,1,1,Excellent,0.9917,9.07,4.54,0.0045,0.0020831224954928618,0.002822848750183956,0.971853
13,56,6,1,1,1,Good,0.9716,10.57,5.28,0.0237,0.007107046694734831,0.0055716102374462236,0.986243
13,56,6,1,1,1,Good,0.9716,10.57,5.28,0.0237,0.007107046694734831,0.0055716102374462236,0.977338
16,76,8,4,4,4,Average,0.9436,31.63,15.81,0.0554,0.014103784033317052,0.011081975565286676,0.886435
16,76,8,4,4,4,Average,0.9436,31.63,15.81,0.0554,0.014103784033317052,0.011081975565286676,0.879154
21,75,6,2,2,2,Excellent,0.9935,8.35,4.17,0.007,0.001617734159286649,0.0010802600413579405,0.97775
21,75,6,2,2,2,Excellent,0.9935,8.35,4.17,0.007,0.001617734159286649,0.0010802600413579405,0.987844
7,46,8,1,1,1,Good,0.9787,12.3,6.15,0.0198,0.005333871400216239,0.003322509753155208,0.954875
7,46,8,1,1,1,Good,0.9787,12.3,6.15,0.0198,0.005333871400216239,0.003322509753155208,0.950895
12,42,7,2,2,2,Good,0.9741,15.36,7.68,0.0283,0.006465368580679726,0.0041256685932173345,0.960035
12,42,7,2,2,2,Good,0.9741,15.36,7.68,0.0283,0.006465368580679726,0.0041256685932173345,0.963223
17,79,8,1,0,0,Poor,0.9149,57.99,29.0,0.0861,0.021262672055086,0.020017286113922197,0.898161
17,79,8,1,0,0,Poor,0.9149,57.99,29.0,0.0861,0.021262672055086,0.020017286113922197,0.893051
20,77,6,2,2,2,Excellent,0.992,7.23,3.61,0.0097,0.001989721006520173,0.0025400333315982048,0.984793
20,77,6,2,2,2,Excellent,0.992,7.23,3.61,0.0097,0.001989721006520173,0.0025400333315982048,0.980982
15,114,8,1,1,1,Good,0.9723,18.87,9.43,0.0264,0.006936955659519156,0.0032174702181765463,0.956919
15,114,8,1,1,1,Good,0.9723,18.87,9.43,0.0264,0.006936955659519156,0.0032174702181765463,0.941996
14,55,5,1,1,1,Good,0.981,15.11,7.56,0.0162,0.004758448939679805,0.0037236765879499318,0.984066
14,55,5,1,1,1,Good,0.981,15.11,7.56,0.0162,0.004758448939679805,0.0037236765879499318,0.991927
12,50,6,1,1,1,Poor,0.8972,97.34,48.67,0.1011,0.02570303746130076,0.029763442284325627,0.953644
12,50,6,1,1,1,Poor,0.8972,97.34,48.67,0.1011,0.02570303746130076,0.029763442284325627,0.963632
11,51,8,1,1,1,Poor,0.8852,74.01,37.0,0.1177,0.028697299553006123,0.025005364700111637,0.911567
11,51,8,1,1,1,Poor,0.8852,74.01,37.0,0.1177,0.028697299553006123,0.025005364700111637,0.913227
9,41,8,1,0,0,Excellent,0.9974,9.26,4.63,0.0062,0.001,0.00289357422700869,0.965717
9,41,8,1,0,0,Excellent,0.9974,9.26,4.63,0.0062,0.001,0.00289357422700869,0.968312
18,82,7,1,0,0,Good,0.9841,10.97,5.49,0.0174,0.003975818534192294,0.006883760792707373,0.958618
18,82,7,1,0,0,Good,0.9841,10.97,5.49,0.0174,0.003975818534192294,0.006883760792707373,0.966934
19,67,6,3,2,2,Excellent,0.9959,6.49,3.24,0.0003,0.0010372905916808395,0.0012836761662770161,0.981798
19,67,6,3,2,2,Excellent,0.9959,6.49,3.24,0.0003,0.0010372905916808395,0.0012836761662770161,0.981723
12,76,7,1,1,1,Excellent,0.9944,9.6,4.8,0.0074,0.0014060797944601966,0.0010607352089925192,0.971641
12,76,7,1,1,1,Excellent,0.9944,9.6,4.8,0.0074,0.0014060797944601966,0.0010607352089925192,0.972631
11,41,7,1,1,1,Excellent,0.9923,5.56,2.78,0.0072,0.00192391113126672,0.002772880011495605,0.985671
11,41,7,1,1,1,Excellent,0.9923,5.56,2.78,0.0072,0.00192391113126672,0.002772880011495605,0.975288
14,62,8,1,0,0,Average,0.9431,20.68,10.34,0.0525,0.01422409691265722,0.01253441215475171,0.950267
14,62,8,1,0,0,Average,0.9431,20.68,10.34,0.0525,0.01422409691265722,0.01253441215475171,0.949272
8,27,5,1,0,0,Poor,0.9276,83.9,41.95,0.0724,0.018104403705611866,0.02745676824439707,0.988386
8,27,5,1,0,0,Poor,0.9276,83.9,41.95,0.0724,0.018104403705611866,0.02745676824439707,0.988861
14,32,4,1,1,1,Average,0.9596,41.57,20.78,0.0381,0.010108775220501243,0.012369940475938465,0.991951
14,32,4,1,1,1,Average,0.9596,41.57,20.78,0.0381,0.010108775220501243,0.012369940475938465,0.986801
19,73,4,1,0,0,Poor,0.8752,89.6,44.8,0.1272,0.03120507155992755,0.019297756630633187,0.996997
19,73,4,1,0,0,Poor,0.8752,89.6,44.8,0.1272,0.03120507155992755,0.019297756630633187,0.991991
17,43,4,2,2,2,Poor,0.8852,91.04,45.52,0.1136,0.028708646197850934,0.028527313400574655,0.992398
17,43,4,2,2,2,Poor,0.8852,91.04,45.52,0.1136,0.028708646197850934,0.028527313400574655,0.987999
10,45,8,2,2,2,Average,0.9529,42.06,21.03,0.0439,0.011782970634248019,0.010214233539826268,0.940705
10,45,8,2,2,2,Average,0.9529,42.06,21.03,0.0439,0.011782970634248019,0.010214233539826268,0.93405
17,62,7,3,2,2,Average,0.947,24.43,12.21,0.0569,0.013253006721141297,0.012405685576335704,0.945414
17,62,7,3,2,2,Average,0.947,24.43,12.21,0.0569,0.013253006721141297,0.012405685576335704,0.939155
17,71,7,1,1,1,Poor,0.9061,54.32,27.16,0.0903,0.02346990240263519,0.02887078613325976,0.916182
17,71,7,1,1,1,Poor,0.9061,54.32,27.16,0.0903,0.02346990240263519,0.02887078613325976,0.923769
20,83,7,4,3,3,Good,0.9873,18.9,9.45,0.0169,0.003171522098649182,0.006930856365712369,0.967037
20,83,7,4,3,3,Good,0.9873,18.9,9.45,0.0169,0.003171522098649182,0.006930856365712369,0.95787
10,50,8,1,1,1,Good,0.9853,18.25,9.12,0.0179,0.0036731424507593924,0.006522892061229943,0.954025
10,50,8,1,1,1,Good,0.9853,18.25,9.12,0.0179,0.0036731424507593924,0.006522892061229943,0.937085
7,33,8,2,1,1,Excellent,0.998,7.88,3.94,0.0025,0.001,0.0028845797205671953,0.967342
7,33,8,2,1,1,Excellent,0.998,7.88,3.94,0.0025,0.001,0.0028845797205671953,0.973194
9,33,7,2,1,1,Average,0.9386,41.96,20.98,0.0619,0.015348003088615114,0.010159684152789176,0.94399
9,33,7,2,1,1,Average,0.9386,41.96,20.98,0.0619,0.015348003088615114,0.010159684152789176,0.938681
13,51,7,2,1,1,Average,0.9474,42.49,21.25,0.0575,0.013158132972192677,0.008806518533257804,0.946801
13,51,7,2,1,1,Average,0.9474,42.49,21.25,0.0575,0.013158132972192677,0.008806518533257804,0.946353
10,51,7,1,1,1,Good,0.9768,17.16,8.58,0.0279,0.005792716519584462,0.0061997408302963035,0.971204
10,51,7,1,1,1,Good,0.9768,17.16,8.58,0.0279,0.005792716519584462,0.0061997408302963035,0.969394
18,73,5,1,1,1,Average,0.9443,44.76,22.38,0.0517,0.013928200762745813,0.013515954803884421,0.982742
18,73,5,1,1,1,Average,0.9443,44.76,22.38,0.0517,0.013928200762745813,0.013515954803884421,0.982335
14,34,4,3,2,2,Poor,0.8948,97.55,48.78,0.1038,0.0262945648263658,0.02104501213996505,0.996093
14,34,4,3,2,2,Poor,0.8948,97.55,48.78,0.1038,0.0262945648263658,0.02104501213996505,0.995898
15,71,8,1,0,0,Average,0.9609,31.63,15.82,0.0383,0.009763174347502873,0.011717526371452552,0.913195
15,71,8,1,0,0,Average,0.9609,31.63,15.82,0.0383,0.009763174347502873,0.011717526371452552,0.915328
6,26,6,1,0,0,Average,0.9344,41.02,20.51,0.0644,0.01640236054432409,0.011312138424503052,0.978308
6,26,6,1,0,0,Average,0.9344,41.02,20.51,0.0644,0.01640236054432409,0.011312138424503052,0.97717
19,56,4,1,1,1,Average,0.9476,48.47,24.24,0.0574,0.013111885915210592,0.010039738359372113,0.979443
19,56,4,1,1,1,Average,0.9476,48.47,24.24,0.0574,0.013111885915210592,0.010039738359372113,0.982953
8,39,8,1,1,1,Excellent,0.993,6.23,3.11,0.0083,0.00174832811194095,0.001188011250714752,0.963748
8,39,8,1,1,1,Excellent,0.993,6.23,3.11,0.0083,0.00174832811194095,0.001188011250714752,0.964416
16,75,7,2,0,0,Good,0.9788,16.04,8.02,0.0194,0.0052892162233380835,0.005210503064905517,0.957055
16,75,7,2,0,0,Good,0.9788,16.04,8.02,0.0194,0.0052892162233380835,0.005210503064905517,0.960214
12,44,7,1,0,0,Poor,0.8762,54.75,27.37,0.1247,0.030942902940592876,0.025128640358988368,0.928358
12,44,7,1,0,0,Poor,0.8762,54.75,27.37,0.1247,0.030942902940592876,0.025128640358988368,0.938617
14,67,7,1,1,1,Poor,0.8894,90.07,45.03,0.1129,0.02765243117103172,0.018798064580447343,0.961188
14,67,7,1,1,1,Poor,0.8894,90.07,45.03,0.1129,0.02765243117103172,0.018798064580447343,0.960322
21,74,4,1,1,1,Good,0.9808,19.02,9.51,0.0159,0.004810081919046,0.004161146628890048,0.994899
21,74,4,1,1,1,Good,0.9808,19.02,9.51,0.0159,0.004810081919046,0.004161146628890048,0.997355
19,66,6,2,2,2,Excellent,0.9861,8.43,4.22,0.0097,0.0034793602980347504,0.001964292384479157,0.979253
19,66,6,2,2,2,Excellent,0.9861,8.43,4.22,0.0097,0.0034793602980347504,0.001964292384479157,0.985848
7,28,7,1,1,1,Average,0.9582,25.48,12.74,0.0436,0.01044312126708577,0.013764307349523965,0.97461
7,28,7,1,1,1,Average,0.9582,25.48,12.74,0.0436,0.01044312126708577,0.013764307349523965,0.976618
21,76,7,3,1,1,Average,0.9549,43.83,21.92,0.0472,0.011278712592217605,0.014181515735018975,0.94301
21,76,7,3,1,1,Average,0.9549,43.83,21.92,0.0472,0.011278712592217605,0.014181515735018975,0.953184
9,38,6,1,1,1,Poor,0.9083,73.68,36.84,0.0923,0.022934840224465014,0.021333828501433717,0.957325
9,38,6,1,1,1,Poor,0.9083,73.68,36.84,0.0923,0.022934840224465014,0.021333828501433717,0.958499
8,19,4,1,1,1,Average,0.9432,46.33,23.17,0.0566,0.014210459348359017,0.011056908543066648,0.958597
8,19,4,1,1,1,Average,0.9432,46.33,23.17,0.0566,0.014210459348359017,0.011056908543066648,0.959991
6,15,4,1,0,0,Good,0.9832,10.86,5.43,0.0137,0.0041926609703000495,0.005639447867766632,0.992688
6,15,4,1,0,0,Good,0.9832,10.86,5.43,0.0137,0.0041926609703000495,0.005639447867766632,0.98752
17,103,8,3,2,2,Average,0.9327,34.34,17.17,0.0688,0.016817997004361512,0.011656964088276373,0.903703
17,103,8,3,2,2,Average,0.9327,34.34,17.17,0.0688,0.016817997004361512,0.011656964088276373,0.904401
12,44,5,1,1,1,Good,0.974,13.0,6.5,0.0249,0.0065064363440825446,0.004487434239983379,0.994676
12,44,5,1,1,1,Good,0.974,13.0,6.5,0.0249,0.0065064363440825446,0.004487434239983379,0.993114
6,29,8,1,1,1,Excellent,0.9976,7.62,3.81,0.0027,0.001,0.001606688289052019,0.987934
6,29,8,1,1,1,Excellent,0.9976,7.62,3.81,0.0027,0.001,0.001606688289052019,0.990593
16,49,5,1,1,1,Good,0.9709,18.61,9.3,0.026,0.007284458927122595,0.004899038209863765,0.990457
16,49,5,1,1,1,Good,0.9709,18.61,9.3,0.026,0.007284458927122595,0.004899038209863765,0.993032
8,37,7,1,1,1,Good,0.9693,16.67,8.34,0.0272,0.007675721611055564,0.006042072089552701,0.977091
8,37,7,1,1,1,Good,0.9693,16.67,8.34,0.0272,0.007675721611055564,0.006042072089552701,0.958229
19,65,5,1,1,1,Average,0.9359,48.13,24.06,0.0631,0.01601377774011717,0.013018967594615878,0.983146
19,65,5,1,1,1,Average,0.9359,48.13,24.06,0.0631,0.01601377774011717,0.013018967594615878,0.980129
16,36,4,1,1,1,Poor,0.8806,51.38,25.69,0.1237,0.029856169660357396,0.020861643416787867,0.99041
16,36,4,1,1,1,Poor,0.8806,51.38,25.69,0.1237,0.029856169660357396,0.020861643416787867,0.985236
13,61,8,2,1,1,Good,0.9711,14.79,7.4,0.029,0.00722307131983696,0.004626127321900157,0.937591
13,61,8,2,1,1,Good,0.9711,14.79,7.4,0.029,0.00722307131983696,0.004626127321900157,0.94348
14,49,6,2,1,1,Poor,0.8829,64.04,32.02,0.122,0.02928663994255251,0.020122239511850874,0.870017
14,49,6,2,1,1,Poor,0.8829,64.04,32.02,0.122,0.02928663994255251,0.020122239511850874,0.873472
16,105,8,1,0,0,Average,0.9511,45.66,22.83,0.0488,0.012229650070139514,0.013059341661403122,0.932069
16,105,8,1,0,0,Average,0.9511,45.66,22.83,0.0488,0.012229650070139514,0.013059341661403122,0.933042
10,49,8,1,0,0,Poor,0.8794,66.85,33.43,0.1253,0.030140414881985517,0.022991086712144046,0.896601
10,49,8,1,0,0,Poor,0.8794,66.85,33.43,0.1253,0.030140414881985517,0.022991086712144046,0.909562
15,52,6,1,0,0,Good,0.976,13.13,6.57,0.0281,0.006011010024862623,0.0052640596983214195,0.974415
15,52,6,1,0,0,Good,0.976,13.13,6.57,0.0281,0.006011010024862623,0.0052640596983214195,0.97665
19,108,8,3,0,0,Average,0.9546,27.92,13.96,0.047,0.011340703302815308,0.013146512425723894,0.886695
19,108,8,3,0,0,Average,0.9546,27.92,13.96,0.047,0.011340703302815308,0.013146512425723894,0.89262
15,40,5,2,1,1,Good,0.9832,16.87,8.44,0.0172,0.004200494901693219,0.004284569955005183,0.991625
15,40,5,2,1,1,Good,0.9832,16.87,8.44,0.0172,0.004200494901693219,0.004284569955005183,0.990092
12,43,5,2,1,1,Average,0.9441,25.49,12.75,0.0559,0.013982384127812664,0.008965070509411706,0.991547
12,43,5,2,1,1,Average,0.9441,25.49,12.75,0.0559,0.013982384127812664,0.008965070509411706,0.991076
20,106,8,1,1,1,Average,0.9433,24.39,12.2,0.0542,0.014178498334507877,0.014732109628710868,0.898383
20,106,8,1,1,1,Average,0.9433,24.39,12.2,0.0542,0.014178498334507877,0.014732109628710868,0.896466
18,105,8,2,1,1,Excellent,0.9894,5.33,2.67,0.0081,0.0026429508068843977,0.001990111208778032,0.937578
18,105,8,2,1,1,Excellent,0.9894,5.33,2.67,0.0081,0.0026429508068843977,0.001990111208778032,0.927559
19,106,8,1,1,1,Good,0.9716,12.66,6.33,0.0296,0.0070876063755474505,0.004958238381006472,0.930489
19,106,8,1,1,1,Good,0.9716,12.66,6.33,0.0296,0.0070876063755474505,0.004958238381006472,0.928604
18,73,7,3,1,1,Average,0.9614,23.58,11.79,0.0372,0.009657709947443416,0.013410398304116129,0.932305
18,73,7,3,1,1,Average,0.9614,23.58,11.79,0.0372,0.009657709947443416,0.013410398304116129,0.945488
12,51,7,2,2,2,Excellent,0.9894,9.46,4.73,0.0057,0.0026417781030470266,0.0016752117868786493,0.95047
12,51,7,2,2,2,Excellent,0.9894,9.46,4.73,0.0057,0.0026417781030470266,0.0016752117868786493,0.955188
14,62,8,1,1,1,Average,0.962,32.89,16.45,0.0392,0.009509103564137394,0.011564936801894101,0.90273
14,62,8,1,1,1,Average,0.962,32.89,16.45,0.0392,0.009509103564137394,0.011564936801894101,0.921476
17,56,6,1,1,1,Good,0.9771,11.52,5.76,0.0211,0.00572675675909759,0.003879489218349526,0.978643
17,56,6,1,1,1,Good,0.9771,11.52,5.76,0.0211,0.00572675675909759,0.003879489218349526,0.978195
12,43,7,3,1,1,Excellent,1.0015,9.77,4.89,0.0009,0.001,0.002957344993562788,0.967668
12,43,7,3,1,1,Excellent,1.0015,9.77,4.89,0.0009,0.001,0.002957344993562788,0.959342
21,71,6,2,2,2,Excellent,0.9888,5.48,2.74,0.0085,0.0028110219568829586,0.0019190132261754156,0.983154
21,71,6,2,2,2,Excellent,0.9888,5.48,2.74,0.0085,0.0028110219568829586,0.0019190132261754156,0.974228
14,46,5,1,1,1,Excellent,0.9926,5.02,2.51,0.0067,0.0018399207802276552,0.002721790501471107,0.993924
14,46,5,1,1,1,Excellent,0.9926,5.02,2.51,0.0067,0.0018399207802276552,0.002721790501471107,0.992702
13,41,5,1,0,0,Excellent,0.9954,9.24,4.62,0.0041,0.0011610038628782626,0.001300771068620151,0.991243
13,41,5,1,0,0,Excellent,0.9954,9.24,4.62,0.0041,0.0011610038628782626,0.001300771068620151,0.99306
18,98,7,1,0,0,Excellent,1.0011,7.71,3.85,0.0027,0.001,0.001983039653847371,0.969475
18,98,7,1,0,0,Excellent,1.0011,7.71,3.85,0.0027,0.001,0.001983039653847371,0.963974
16,85,8,3,3,3,Average,0.9486,20.62,10.31,0.0503,0.012855841659462686,0.01053751579562151,0.923581
16,85,8,3,3,3,Average,0.9486,20.62,10.31,0.0503,0.012855841659462686,0.01053751579562151,0.928519
17,47,5,1,1,1,Good,0.98,17.03,8.52,0.022,0.005007445625785756,0.004510657077085425,0.988551
17,47,5,1,1,1,Good,0.98,17.03,8.52,0.022,0.005007445625785756,0.004510657077085425,0.990608
12,52,7,1,1,1,Good,0.9794,13.14,6.57,0.0181,0.005153597273553717,0.004162715253187794,0.962879
12,52,7,1,1,1,Good,0.9794,13.14,6.57,0.0181,0.005153597273553717,0.004162715253187794,0.959401
18,42,5,2,0,0,Poor,0.8757,98.03,49.02,0.1249,0.03107157070633118,0.02468215883123661,0.983481
18,42,5,2,0,0,Poor,0.8757,98.03,49.02,0.1249,0.03107157070633118,0.02468215883123661,0.985528
18,40,4,1,1,1,Average,0.9685,30.79,15.39,0.0308,0.007864211597287118,0.010562620455574276,0.992467
18,40,4,1,1,1,Average,0.9685,30.79,15.39,0.0308,0.007864211597287118,0.010562620455574276,0.99287
14,73,7,1,0,0,Average,0.9603,26.86,13.43,0.0447,0.009923199832188645,0.01082824600685228,0.953738
14,73,7,1,0,0,Average,0.9603,26.86,13.43,0.0447,0.009923199832188645,0.01082824600685228,0.948353
13,45,5,1,0,0,Good,0.9691,18.46,9.23,0.0296,0.007734377881789767,0.006042840964453821,0.986873
13,45,5,1,0,0,Good,0.9691,18.46,9.23,0.0296,0.007734377881789767,0.006042840964453821,0.980034
11,27,4,2,1,1,Excellent,0.992,8.08,4.04,0.0055,0.0020060822548495505,0.002050507738173158,0.995511
11,27,4,2,1,1,Excellent,0.992,8.08,4.04,0.0055,0.0020060822548495505,0.002050507738173158,0.997339
20,69,6,2,1,1,Good,0.9706,12.93,6.47,0.0272,0.0073462176136817325,0.0066638515051013255,0.979718
20,69,6,2,1,1,Good,0.9706,12.93,6.47,0.0272,0.0073462176136817325,0.0066638515051013255,0.984921
19,44,5,1,1,1,Average,0.971,25.0,12.5,0.0327,0.007238263726886213,0.01196755719495693,0.989126
19,44,5,1,1,1,Average,0.971,25.0,12.5,0.0327,0.007238263726886213,0.01196755719495693,0.992551
11,68,8,1,0,0,Average,0.9363,36.44,18.22,0.0677,0.015932856044268806,0.0088899617801417,0.91623
11,68,8,1,0,0,Average,0.9363,36.44,18.22,0.0677,0.015932856044268806,0.0088899617801417,0.919454
9,24,4,1,0,0,Average,0.9591,44.52,22.26,0.0371,0.010226962759285307,0.010700297031011502,0.997115
9,24,4,1,0,0,Average,0.9591,44.52,22.26,0.0371,0.010226962759285307,0.010700297031011502,0.993823
10,42,7,1,1,1,Good,0.9765,12.42,6.21,0.0222,0.005876868406211877,0.006132629820086868,0.972438
10,42,7,1,1,1,Good,0.9765,12.42,6.21,0.0222,0.005876868406211877,0.006132629820086868,0.973708
13,81,7,1,1,1,Poor,0.9187,58.76,29.38,0.0788,0.020326986676926756,0.024602041796521555,0.956556
13,81,7,1,1,1,Poor,0.9187,58.76,29.38,0.0788,0.020326986676926756,0.024602041796521555,0.962153
10,46,7,2,0,0,Excellent,0.9946,6.44,3.22,0.0053,0.0013473413348442376,0.0025085170774909395,0.965322
10,46,7,2,0,0,Excellent,0.9946,6.44,3.22,0.0053,0.0013473413348442376,0.0025085170774909395,0.963818
18,111,8,2,1,1,Poor,0.8531,98.11,49.05,0.1455,0.03673086813410492,0.024082757410869585,0.915085
18,111,8,2,1,1,Poor,0.8531,98.11,49.05,0.1455,0.03673086813410492,0.024082757410869585,0.90962
14,77,7,1,1,1,Poor,0.8576,58.34,29.17,0.1386,0.03559293708192138,0.01554625010567453,0.947787
14,77,7,1,1,1,Poor,0.8576,58.34,29.17,0.1386,0.03559293708192138,0.01554625010567453,0.949789
17,41,4,2,1,1,Average,0.9327,23.47,11.73,0.0662,0.01683522133666479,0.009396143697120156,0.995316
17,41,4,2,1,1,Average,0.9327,23.47,11.73,0.0662,0.01683522133666479,0.009396143697120156,0.993611
10,63,7,1,0,0,Poor,0.8693,93.26,46.63,0.1332,0.032687422762256196,0.024736069790321648,0.962236
10,63,7,1,0,0,Poor,0.8693,93.26,46.63,0.1332,0.032687422762256196,0.024736069790321648,0.959871
18,84,6,1,1,1,Good,0.976,11.42,5.71,0.028,0.005993358698023782,0.00401167981287169,0.987637
18,84,6,1,1,1,Good,0.976,11.42,5.71,0.028,0.005993358698023782,0.00401167981287169,0.981585
20,76,7,1,0,0,Poor,0.9099,68.58,34.29,0.0864,0.0225178131142742,0.02939427540280069,0.927814
20,76,7,1,0,0,Poor,0.9099,68.58,34.29,0.0864,0.0225178131142742,0.02939427540280069,0.947423
7,38,6,1,1,1,Average,0.9561,33.95,16.98,0.0455,0.010981988435165457,0.010467058663256375,0.983249
7,38,6,1,1,1,Average,0.9561,33.95,16.98,0.0455,0.010981988435165457,0.010467058663256375,0.982531
15,71,8,1,1,1,Average,0.9433,44.63,22.32,0.0521,0.014164756219358282,0.014850859693803134,0.925778
15,71,8,1,1,1,Average,0.9433,44.63,22.32,0.0521,0.014164756219358282,0.014850859693803134,0.935994
8,37,7,3,2,2,Average,0.9577,29.94,14.97,0.0424,0.010586623857207517,0.007088449477678511,0.967095
8,37,7,3,2,2,Average,0.9577,29.94,14.97,0.0424,0.010586623857207517,0.007088449477678511,0.966897
10,22,4,1,1,1,Average,0.9509,21.8,10.9,0.0504,0.012268380771459697,0.009970131458290805,0.974769
10,22,4,1,1,1,Average,0.9509,21.8,10.9,0.0504,0.012268380771459697,0.009970131458290805,0.967919
18,76,7,3,3,3,Average,0.9528,43.96,21.98,0.0484,0.011798478030807497,0.009279417357919664,0.921424
18,76,7,3,3,3,Average,0.9528,43.96,21.98,0.0484,0.011798478030807497,0.009279417357919664,0.933914
9,34,4,1,1,1,Poor,0.8955,87.92,43.96,0.1047,0.02613323442773821,0.024994800252390044,0.994233
9,34,4,1,1,1,Poor,0.8955,87.92,43.96,0.1047,0.02613323442773821,0.024994800252390044,0.991097
8,44,8,4,3,3,Good,0.984,19.33,9.66,0.0176,0.003988084289171412,0.004759445838077361,0.973001
8,44,8,4,3,3,Good,0.984,19.33,9.66,0.0176,0.003988084289171412,0.004759445838077361,0.972646
10,44,6,1,0,0,Good,0.9872,17.62,8.81,0.0139,0.0031894853301810133,0.004103039306235296,0.950937
10,44,6,1,0,0,Good,0.9872,17.62,8.81,0.0139,0.0031894853301810133,0.004103039306235296,0.94683
15,34,4,1,1,1,Excellent,0.9987,9.77,4.88,0.0019,0.001,0.001835178104035134,0.997684
15,34,4,1,1,1,Excellent,0.9987,9.77,4.88,0.0019,0.001,0.001835178104035134,0.99343
14,60,8,2,1,1,Good,0.9923,10.01,5.0,0.0113,0.001934039691264211,0.004062030754305062,0.917186
14,60,8,2,1,1,Good,0.9923,10.01,5.0,0.0113,0.001934039691264211,0.004062030754305062,0.919936
16,77,7,1,1,1,Average,0.9294,45.52,22.76,0.0682,0.017661475860496073,0.011468548688168845,0.941935
16,77,7,1,1,1,Average,0.9294,45.52,22.76,0.0682,0.017661475860496073,0.011468548688168845,0.930512
16,55,6,1,1,1,Good,0.9742,16.68,8.34,0.0267,0.006452344319095443,0.005730405726401943,0.983627
16,55,6,1,1,1,Good,0.9742,16.68,8.34,0.0267,0.006452344319095443,0.005730405726401943,0.976877
13,99,8,1,1,1,Good,0.979,18.15,9.07,0.0187,0.005238895502661128,0.006759760186339468,0.922983
13,99,8,1,1,1,Good,0.979,18.15,9.07,0.0187,0.005238895502661128,0.006759760186339468,0.922908
21,72,6,3,3,3,Poor,0.8857,52.56,26.28,0.1173,0.028579672398783534,0.018864634160678476,0.956933
21,72,6,3,3,3,Poor,0.8857,52.56,26.28,0.1173,0.028579672398783534,0.018864634160678476,0.962148
13,39,5,1,1,1,Poor,0.8579,95.26,47.63,0.1441,0.0355275783361228,0.022587654854691726,0.942756
13,39,5,1,1,1,Poor,0.8579,95.26,47.63,0.1441,0.0355275783361228,0.022587654854691726,0.939078
21,103,8,2,1,1,Excellent,0.9863,8.87,4.44,0.0093,0.003423053667949205,0.0018118494125464683,0.928994
21,103,8,2,1,1,Excellent,0.9863,8.87,4.44,0.0093,0.003423053667949205,0.0018118494125464683,0.917506
10,64,7,1,1,1,Poor,0.9319,73.66,36.83,0.0724,0.0170179252196086,0.016773396057040327,0.980182
10,64,7,1,1,1,Poor,0.9319,73.66,36.83,0.0724,0.0170179252196086,0.016773396057040327,0.978778
21,88,5,1,1,1,Poor,0.8954,96.39,48.2,0.1017,0.026141822045707475,0.02145158449367993,0.988729
21,88,5,1,1,1,Poor,0.8954,96.39,48.2,0.1017,0.026141822045707475,0.02145158449367993,0.984243
11,43,6,1,1,1,Average,0.9319,37.8,18.9,0.0641,0.017030336302694266,0.007658482062589782,0.977109
11,43,6,1,1,1,Average,0.9319,37.8,18.9,0.0641,0.017030336302694266,0.007658482062589782,0.970836
10,34,4,1,1,1,Poor,0.9273,74.63,37.32,0.0774,0.018171150417652077,0.02712147739127839,0.961489
10,34,4,1,1,1,Poor,0.9273,74.63,37.32,0.0774,0.018171150417652077,0.02712147739127839,0.961715
15,56,5,1,0,0,Average,0.9353,40.36,20.18,0.0667,0.0161808747416321,0.012328465853452519,0.988169
15,56,5,1,0,0,Average,0.9353,40.36,20.18,0.0667,0.0161808747416321,0.012328465853452519,0.991897
15,37,5,2,1,1,Average,0.926,23.0,11.5,0.0699,0.018507290880070415,0.007316109753511151,0.98434
15,37,5,2,1,1,Average,0.926,23.0,11.5,0.0699,0.018507290880070415,0.007316109753511151,0.976173
12,27,4,1,1,1,Good,0.9734,18.97,9.49,0.0265,0.006645054386545418,0.004069321173231904,0.986322
12,27,4,1,1,1,Good,0.9734,18.97,9.49,0.0265,0.006645054386545418,0.004069321173231904,0.985034
15,81,8,2,1,1,Good,0.9755,10.65,5.32,0.0221,0.006130883107844681,0.005573856108667706,0.925601
15,81,8,2,1,1,Good,0.9755,10.65,5.32,0.0221,0.006130883107844681,0.005573856108667706,0.922345
13,58,7,1,1,1,Average,0.9376,20.96,10.48,0.0641,0.015609042890217611,0.012559270171681661,0.956219
13,58,7,1,1,1,Average,0.9376,20.96,10.48,0.0641,0.015609042890217611,0.012559270171681661,0.953271
15,95,8,1,1,1,Average,0.9366,39.6,19.8,0.0626,0.01585145622114484,0.01444397677392513,0.929765
15,95,8,1,1,1,Average,0.9366,39.6,19.8,0.0626,0.01585145622114484,0.01444397677392513,0.917118
16,51,6,2,2,2,Good,0.9836,12.41,6.2,0.013,0.0041055568935288445,0.0033178125041350153,0.981698
16,51,6,2,2,2,Good,0.9836,12.41,6.2,0.013,0.0041055568935288445,0.0033178125041350153,0.979998
13,48,6,1,1,1,Poor,0.9216,71.77,35.88,0.0798,0.019591592508754085,0.029138680957813634,0.95514
13,48,6,1,1,1,Poor,0.9216,71.77,35.88,0.0798,0.019591592508754085,0.029138680957813634,0.949531
15,78,8,2,1,1,Good,0.9755,18.96,9.48,0.0231,0.006120384985788541,0.004563177114471453,0.920018
15,78,8,2,1,1,Good,0.9755,18.96,9.48,0.0231,0.006120384985788541,0.004563177114471453,0.925328
8,29,6,1,0,0,Excellent,0.989,5.16,2.58,0.0085,0.002752214063220987,0.0013731249840932907,0.988368
8,29,6,1,0,0,Excellent,0.989,5.16,2.58,0.0085,0.002752214063220987,0.0013731249840932907,0.990899
11,53,6,2,1,1,Excellent,0.9959,9.35,4.67,0.0016,0.0010339468631611892,0.001186432666881296,0.985721
11,53,6,2,1,1,Excellent,0.9959,9.35,4.67,0.0016,0.0010339468631611892,0.001186432666881296,0.991649
10,37,6,1,0,0,Excellent,0.9986,9.42,4.71,0.0024,0.001,0.002914125223127936,0.993182
10,37,6,1,0,0,Excellent,0.9986,9.42,4.71,0.0024,0.001,0.002914125223127936,0.988426
7,28,7,1,0,0,Excellent,0.9959,8.16,4.08,0.0071,0.001027891481818366,0.0017460477849420876,0.979637
7,28,7,1,0,0,Excellent,0.9959,8.16,4.08,0.0071,0.001027891481818366,0.0017460477849420876,0.981835
12,51,7,1,0,0,Good,0.98,11.48,5.74,0.0236,0.0050073433403071965,0.005976209834366475,0.962985
12,51,7,1,0,0,Good,0.98,11.48,5.74,0.0236,0.0050073433403071965,0.005976209834366475,0.966054
18,60,6,2,1,1,Good,0.974,14.35,7.17,0.029,0.006498386085463992,0.004819810001973585,0.976832
18,60,6,2,1,1,Good,0.974,14.35,7.17,0.029,0.006498386085463992,0.004819810001973585,0.982903
15,87,8,2,2,2,Poor,0.9025,52.23,26.11,0.0966,0.02438376738790421,0.024405640993090616,0.899702
15,87,8,2,2,2,Poor,0.9025,52.23,26.11,0.0966,0.02438376738790421,0.024405640993090616,0.906662
20,79,7,3,3,3,Good,0.9705,19.23,9.62,0.0267,0.007366761988634535,0.004058802017577961,0.958568
20,79,7,3,3,3,Good,0.9705,19.23,9.62,0.0267,0.007366761988634535,0.004058802017577961,0.956817
13,35,4,1,1,1,Excellent,0.9892,6.11,3.05,0.0082,0.0027063179025849093,0.0010045008276404553,0.99621
13,35,4,1,1,1,Excellent,0.9892,6.11,3.05,0.0082,0.0027063179025849093,0.0010045008276404553,0.994045
8,19,4,2,1,1,Average,0.9384,36.06,18.03,0.066,0.015395146659937298,0.007130747228965272,0.986611
8,19,4,2,1,1,Average,0.9384,36.06,18.03,0.066,0.015395146659937298,0.007130747228965272,0.982852
7,29,6,2,1,1,Poor,0.9145,99.44,49.72,0.0871,0.02136506961137727,0.01931335707526745,0.967593
7,29,6,2,1,1,Poor,0.9145,99.44,49.72,0.0871,0.02136506961137727,0.01931335707526745,0.962481
13,28,4,1,1,1,Poor,0.9042,78.04,39.02,0.0963,0.02395908955040929,0.018003856168785467,0.981329
13,28,4,1,1,1,Poor,0.9042,78.04,39.02,0.0963,0.02395908955040929,0.018003856168785467,0.987349
13,45,6,3,1,1,Poor,0.9221,51.03,25.52,0.0804,0.01947402392919434,0.018872898277158583,0.94983
13,45,6,3,1,1,Poor,0.9221,51.03,25.52,0.0804,0.01947402392919434,0.018872898277158583,0.940629
14,61,6,2,2,2,Poor,0.8982,58.09,29.05,0.1041,0.025456083313912886,0.02042144437480021,0.954916
14,61,6,2,2,2,Poor,0.8982,58.09,29.05,0.1041,0.025456083313912886,0.02042144437480021,0.959293
10,23,4,1,0,0,Excellent,0.9974,9.27,4.63,0.0,0.001,0.0025573297406783616,0.995798
10,23,4,1,0,0,Excellent,0.9974,9.27,4.63,0.0,0.001,0.0025573297406783616,0.996003
11,41,6,2,2,2,Excellent,0.9966,8.82,4.41,0.0034,0.001,0.0026703826007178056,0.980816
11,41,6,2,2,2,Excellent,0.9966,8.82,4.41,0.0034,0.001,0.0026703826007178056,0.982557
9,61,8,2,1,1,Poor,0.9036,83.4,41.7,0.0923,0.0241078410842962,0.026835000413510585,0.9163
9,61,8,2,1,1,Poor,0.9036,83.4,41.7,0.0923,0.0241078410842962,0.026835000413510585,0.91482
11,38,4,1,1,1,Good,0.9815,13.42,6.71,0.0204,0.004636609034531308,0.003776681765278886,0.994953
11,38,4,1,1,1,Good,0.9815,13.42,6.71,0.0204,0.004636609034531308,0.003776681765278886,0.994334
18,63,6,2,2,2,Poor,0.8921,55.18,27.59,0.111,0.026968871444546377,0.018185399714953043,0.956153
18,63,6,2,2,2,Poor,0.8921,55.18,27.59,0.111,0.026968871444546377,0.018185399714953043,0.970812
8,40,8,2,1,1,Good,0.9741,18.35,9.17,0.0287,0.006467067307445978,0.0052298310628783404,0.952234
8,40,8,2,1,1,Good,0.9741,18.35,9.17,0.0287,0.006467067307445978,0.0052298310628783404,0.95649
17,76,6,1,0,0,Good,0.9862,19.0,9.5,0.0107,0.0034616960939410635,0.005283757190567895,0.981794
17,76,6,1,0,0,Good,0.9862,19.0,9.5,0.0107,0.0034616960939410635,0.005283757190567895,0.98456
17,36,4,1,0,0,Average,0.9412,32.47,16.23,0.0635,0.014701231843132184,0.013896054772346096,0.975451
17,36,4,1,0,0,Average,0.9412,32.47,16.23,0.0635,0.014701231843132184,0.013896054772346096,0.967467
10,55,8,2,1,1,Poor,0.8526,74.72,37.36,0.1497,0.036857954368949924,0.020110549977394157,0.938291
10,55,8,2,1,1,Poor,0.8526,74.72,37.36,0.1497,0.036857954368949924,0.020110549977394157,0.933947
13,42,6,1,1,1,Average,0.9484,36.11,18.06,0.047,0.012909059101997855,0.007852593961650908,0.962633
13,42,6,1,1,1,Average,0.9484,36.11,18.06,0.047,0.012909059101997855,0.007852593961650908,0.966574
10,34,6,1,0,0,Average,0.9278,44.47,22.24,0.07,0.018041137238446747,0.013797895992519248,0.976859
10,34,6,1,0,0,Average,0.9278,44.47,22.24,0.07,0.018041137238446747,0.013797895992519248,0.972473
21,46,4,2,2,2,Average,0.949,42.16,21.08,0.0463,0.01275333933736525,0.009281241734490027,0.994891
21,46,4,2,2,2,Average,0.949,42.16,21.08,0.0463,0.01275333933736525,0.009281241734490027,0.994592
9,26,5,2,0,0,Average,0.9337,23.4,11.7,0.069,0.01657639394929658,0.009546493821645283,0.988152
9,26,5,2,0,0,Average,0.9337,23.4,11.7,0.069,0.01657639394929658,0.009546493821645283,0.985911
11,24,4,2,0,0,Good,0.9839,15.82,7.91,0.0116,0.004021497558551329,0.0042459540915926455,0.994553
11,24,4,2,0,0,Good,0.9839,15.82,7.91,0.0116,0.004021497558551329,0.0042459540915926455,0.99654
8,45,8,1,0,0,Average,0.9397,47.19,23.59,0.0563,0.01507790780244131,0.010229198262232656,0.841959
8,45,8,1,0,0,Average,0.9397,47.19,23.59,0.0563,0.01507790780244131,0.010229198262232656,0.838729
15,36,4,1,0,0,Poor,0.9057,54.65,27.32,0.0967,0.023562595212838267,0.017053374506765702,0.991882
15,36,4,1,0,0,Poor,0.9057,54.65,27.32,0.0967,0.023562595212838267,0.017053374506765702,0.994704
18,67,6,1,1,1,Excellent,0.9947,6.32,3.16,0.0059,0.001324158460733138,0.0025882142372068134,0.969404
18,67,6,1,1,1,Excellent,0.9947,6.32,3.16,0.0059,0.001324158460733138,0.0025882142372068134,0.980195
9,41,8,2,1,1,Excellent,0.989,7.35,3.68,0.0073,0.0027552180837614737,0.002475723340470963,0.984254
9,41,8,2,1,1,Excellent,0.989,7.35,3.68,0.0073,0.0027552180837614737,0.002475723340470963,0.978094
14,76,8,1,1,1,Good,0.9845,14.93,7.46,0.0148,0.0038652507198552732,0.005453031828012534,0.925646
14,76,8,1,1,1,Good,0.9845,14.93,7.46,0.0148,0.0038652507198552732,0.005453031828012534,0.929052
12,50,7,1,1,1,Average,0.9547,30.33,15.16,0.0462,0.011318280612739595,0.01428596988787244,0.960232
12,50,7,1,1,1,Average,0.9547,30.33,15.16,0.0462,0.011318280612739595,0.01428596988787244,0.958815
14,54,7,1,0,0,Poor,0.9217,50.07,25.04,0.0792,0.01956537099654218,0.026201784527257403,0.929399
14,54,7,1,0,0,Poor,0.9217,50.07,25.04,0.0792,0.01956537099654218,0.026201784527257403,0.922009
19,61,4,1,1,1,Excellent,0.992,6.71,3.35,0.0045,0.0020002173710627624,0.002295926686906777,0.995419
19,61,4,1,1,1,Excellent,0.992,6.71,3.35,0.0045,0.0020002173710627624,0.002295926686906777,0.997237
17,48,4,1,1,1,Average,0.955,49.32,24.66,0.0451,0.011240081562805315,0.00920051672717403,0.956321
17,48,4,1,1,1,Average,0.955,49.32,24.66,0.0451,0.011240081562805315,0.00920051672717403,0.949559
10,38,5,1,0,0,Good,0.9879,13.89,6.95,0.0138,0.003025360980663222,0.006787060638138758,0.991533
10,38,5,1,0,0,Good,0.9879,13.89,6.95,0.0138,0.003025360980663222,0.006787060638138758,0.990431
21,61,5,2,1,1,Poor,0.8925,97.46,48.73,0.105,0.026868738222651373,0.021499400861216614,0.968953
21,61,5,2,1,1,Poor,0.8925,97.46,48.73,0.105,0.026868738222651373,0.021499400861216614,0.974964
7,21,5,1,1,1,Excellent,0.9918,8.74,4.37,0.0052,0.002051105292060762,0.0012208329719499735,0.989639
7,21,5,1,1,1,Excellent,0.9918,8.74,4.37,0.0052,0.002051105292060762,0.0012208329719499735,0.993065
10,33,6,1,0,0,Average,0.9481,28.38,14.19,0.047,0.01297710382571407,0.013285561785854896,0.9694
10,33,6,1,0,0,Average,0.9481,28.38,14.19,0.047,0.01297710382571407,0.013285561785854896,0.975829
8,37,8,1,1,1,Poor,0.878,67.39,33.7,0.1215,0.030511642612397694,0.025326463564915337,0.922739
8,37,8,1,1,1,Poor,0.878,67.39,33.7,0.1215,0.030511642612397694,0.025326463564915337,0.926134
21,80,6,1,1,1,Poor,0.891,63.48,31.74,0.1084,0.0272616825226642,0.01700230099452426,0.964149
21,80,6,1,1,1,Poor,0.891,63.48,31.74,0.1084,0.0272616825226642,0.01700230099452426,0.976407
21,86,5,2,1,1,Poor,0.8542,60.94,30.47,0.1459,0.03644606262020922,0.02900964384652959,0.978174
21,86,5,2,1,1,Poor,0.8542,60.94,30.47,0.1459,0.03644606262020922,0.02900964384652959,0.975828
14,31,4,1,1,1,Average,0.9401,35.66,17.83,0.0576,0.014969548220435835,0.012266350538520845,0.976133
14,31,4,1,1,1,Average,0.9401,35.66,17.83,0.0576,0.014969548220435835,0.012266350538520845,0.978448
18,63,6,1,1,1,Excellent,0.9865,5.31,2.66,0.0096,0.0033750874482762483,0.0027975513381185133,0.984022
18,63,6,1,1,1,Excellent,0.9865,5.31,2.66,0.0096,0.0033750874482762483,0.0027975513381185133,0.986107
6,27,7,1,1,1,Good,0.9853,19.59,9.79,0.0165,0.003662788938121858,0.005215489549032633,0.985842
6,27,7,1,1,1,Good,0.9853,19.59,9.79,0.0165,0.003662788938121858,0.005215489549032633,0.976867
21,52,4,1,1,1,Good,0.9776,11.87,5.94,0.0247,0.00561089276985291,0.004699394710396758,0.994664
21,52,4,1,1,1,Good,0.9776,11.87,5.94,0.0247,0.00561089276985291,0.004699394710396758,0.99661
12,42,6,2,2,2,Poor,0.8538,83.49,41.75,0.1469,0.03655004056633554,0.020353312577615298,0.950925
12,42,6,2,2,2,Poor,0.8538,83.49,41.75,0.1469,0.03655004056633554,0.020353312577615298,0.956557
21,82,7,1,0,0,Good,0.9871,18.9,9.45,0.0165,0.0032290841779757107,0.004427522613745446,0.964814
21,82,7,1,0,0,Good,0.9871,18.9,9.45,0.0165,0.0032290841779757107,0.004427522613745446,0.950232
16,62,5,1,1,1,Poor,0.8486,61.38,30.69,0.1466,0.03785895747709561,0.016144024070709095,0.976021
16,62,5,1,1,1,Poor,0.8486,61.38,30.69,0.1466,0.03785895747709561,0.016144024070709095,0.993447
19,88,5,1,0,0,Excellent,1.0008,6.02,3.01,0.0041,0.001,0.0011452079281600587,0.990059
19,88,5,1,0,0,Excellent,1.0008,6.02,3.01,0.0041,0.001,0.0011452079281600587,0.993877
12,29,5,2,1,1,Average,0.9639,22.91,11.45,0.0403,0.009019056753428512,0.010273105449693051,0.986034
12,29,5,2,1,1,Average,0.9639,22.91,11.45,0.0403,0.009019056753428512,0.010273105449693051,0.989134
20,99,6,1,0,0,Good,0.9726,10.93,5.47,0.0285,0.006838400724430371,0.0033740406276409566,0.981718
20,99,6,1,0,0,Good,0.9726,10.93,5.47,0.0285,0.006838400724430371,0.0033740406276409566,0.983231
13,72,6,1,1,1,Excellent,0.9939,7.38,3.69,0.0028,0.0015251094267476062,0.0025146527990083226,0.984983
13,72,6,1,1,1,Excellent,0.9939,7.38,3.69,0.0028,0.0015251094267476062,0.0025146527990083226,0.97993
21,45,4,2,2,2,Good,0.9683,17.96,8.98,0.0277,0.007937107506632401,0.005014801817622161,0.995734
21,45,4,2,2,2,Good,0.9683,17.96,8.98,0.0277,0.007937107506632401,0.005014801817622161,0.996871
14,61,5,1,1,1,Excellent,0.9951,7.14,3.57,0.0035,0.0012301478382447106,0.0019047116124076675,0.993385
14,61,5,1,1,1,Excellent,0.9951,7.14,3.57,0.0035,0.0012301478382447106,0.0019047116124076675,0.993854
12,39,5,2,2,2,Good,0.9883,12.95,6.47,0.0112,0.0029327082652169656,0.005474584851697535,0.98842
12,39,5,2,2,2,Good,0.9883,12.95,6.47,0.0112,0.0029327082652169656,0.005474584851697535,0.988459
17,45,5,1,1,1,Average,0.9546,45.04,22.52,0.0473,0.011348432424523852,0.013668957346746714,0.966691
17,45,5,1,1,1,Average,0.9546,45.04,22.52,0.0473,0.011348432424523852,0.013668957346746714,0.964744
21,81,5,2,2,2,Poor,0.9004,50.38,25.19,0.1,0.024908138701802862,0.025266594645705933,0.990904
21,81,5,2,2,2,Poor,0.9004,50.38,25.19,0.1,0.024908138701802862,0.025266594645705933,0.989252
19,47,5,1,1,1,Excellent,0.9897,7.17,3.59,0.007,0.0025837458958190007,0.002427394025329677,0.991531
19,47,5,1,1,1,Excellent,0.9897,7.17,3.59,0.007,0.0025837458958190007,0.002427394025329677,0.991351
20,62,5,2,2,2,Average,0.95,29.47,14.74,0.0543,0.012497280335485444,0.013386416898477645,0.983857
20,62,5,2,2,2,Average,0.95,29.47,14.74,0.0543,0.012497280335485444,0.013386416898477645,0.977078
12,45,4,1,1,1,Poor,0.8678,64.78,32.39,0.1318,0.0330389903738412,0.01636537122071438,0.998198
12,45,4,1,1,1,Poor,0.8678,64.78,32.39,0.1318,0.0330389903738412,0.01636537122071438,0.996692
21,110,8,1,0,0,Poor,0.8859,95.47,47.73,0.1165,0.02851921608453406,0.017028272157851423,0.777698
21,110,8,1,0,0,Poor,0.8859,95.47,47.73,0.1165,0.02851921608453406,0.017028272157851423,0.747891
8,35,6,1,1,1,Average,0.9513,27.83,13.92,0.052,0.012168799030900207,0.0073521484987569274,0.978267
8,35,6,1,1,1,Average,0.9513,27.83,13.92,0.052,0.012168799030900207,0.0073521484987569274,0.979546
10,27,4,1,0,0,Poor,0.8728,53.57,26.79,0.1277,0.031801581047301714,0.02606611666382919,0.993898
10,27,4,1,0,0,Poor,0.8728,53.57,26.79,0.1277,0.031801581047301714,0.02606611666382919,0.993774
6,18,4,1,1,1,Excellent,1.0008,5.42,2.71,0.0016,0.001,0.0022740783927714904,0.997244
6,18,4,1,1,1,Excellent,1.0008,5.42,2.71,0.0016,0.001,0.0022740783927714904,0.994552
8,23,4,1,0,0,Good,0.9733,14.81,7.4,0.0261,0.0066794187279952955,0.00657717721280549,0.997436
8,23,4,1,0,0,Good,0.9733,14.81,7.4,0.0261,0.0066794187279952955,0.00657717721280549,0.996082
7,24,6,1,1,1,Excellent,0.9882,8.6,4.3,0.0099,0.002938897199449897,0.002344357119726502,0.989217
7,24,6,1,1,1,Excellent,0.9882,8.6,4.3,0.0099,0.002938897199449897,0.002344357119726502,0.995013
15,67,8,3,1,1,Average,0.9697,27.82,13.91,0.0334,0.0075684897049359545,0.01180278633047006,0.906035
15,67,8,3,1,1,Average,0.9697,27.82,13.91,0.0334,0.0075684897049359545,0.01180278633047006,0.891767
21,104,8,5,2,2,Average,0.9294,34.73,17.37,0.0664,0.01766102628635935,0.00840579973604423,0.872783
21,104,8,5,2,2,Average,0.9294,34.73,17.37,0.0664,0.01766102628635935,0.00840579973604423,0.86228
19,107,8,3,1,1,Poor,0.8771,51.31,25.66,0.1179,0.03072724399583021,0.018919279450825537,0.885742
19,107,8,3,1,1,Poor,0.8771,51.31,25.66,0.1179,0.03072724399583021,0.018919279450825537,0.907174
17,54,4,2,1,1,Average,0.9544,35.9,17.95,0.0462,0.011394329711570284,0.00888641419488027,0.996721
17,54,4,2,1,1,Average,0.9544,35.9,17.95,0.0462,0.011394329711570284,0.00888641419488027,0.99736
13,56,8,1,0,0,Average,0.9661,31.09,15.54,0.032,0.00846466318971037,0.008361885296412701,0.949927
13,56,8,1,0,0,Average,0.9661,31.09,15.54,0.032,0.00846466318971037,0.008361885296412701,0.938053
18,81,8,2,2,2,Excellent,0.9993,7.76,3.88,0.0004,0.001,0.0018134638102042155,0.92077
18,81,8,2,2,2,Excellent,0.9993,7.76,3.88,0.0004,0.001,0.0018134638102042155,0.925246
19,52,5,2,0,0,Poor,0.8622,80.9,40.45,0.1329,0.03443797855111885,0.02436597210674887,0.978278
19,52,5,2,0,0,Poor,0.8622,80.9,40.45,0.1329,0.03443797855111885,0.02436597210674887,0.97692
11,49,8,2,1,1,Good,0.9801,10.65,5.32,0.0154,0.0049715869254590705,0.003489641841210464,0.927441
11,49,8,2,1,1,Good,0.9801,10.65,5.32,0.0154,0.0049715869254590705,0.003489641841210464,0.939712
14,53,7,1,1,1,Excellent,0.9932,9.45,4.73,0.0092,0.00169182178609667,0.0015232156459328294,0.980264
14,53,7,1,1,1,Excellent,0.9932,9.45,4.73,0.0092,0.00169182178609667,0.0015232156459328294,0.969189
21,124,8,3,1,1,Poor,0.907,94.02,47.01,0.0899,0.023245666189998737,0.025772720995975974,0.882055
21,124,8,3,1,1,Poor,0.907,94.02,47.01,0.0899,0.023245666189998737,0.025772720995975974,0.863385
10,27,5,2,1,1,Excellent,0.9978,5.71,2.85,0.004,0.001,0.002451979222459661,0.993958
10,27,5,2,1,1,Excellent,0.9978,5.71,2.85,0.004,0.001,0.002451979222459661,0.990008
15,70,8,2,1,1,Poor,0.9321,64.88,32.44,0.0717,0.016965572210437235,0.026347191823682684,0.892798
15,70,8,2,1,1,Poor,0.9321,64.88,32.44,0.0717,0.016965572210437235,0.026347191823682684,0.871609
17,52,5,2,0,0,Poor,0.908,60.69,30.35,0.0948,0.02299596358899661,0.016232524156045012,0.988762
17,52,5,2,0,0,Poor,0.908,60.69,30.35,0.0948,0.02299596358899661,0.016232524156045012,0.9884
15,72,6,1,0,0,Excellent,0.9943,5.93,2.97,0.0079,0.0014188372260579563,0.0017380952289690185,0.983327
15,72,6,1,0,0,Excellent,0.9943,5.93,2.97,0.0079,0.0014188372260579563,0.0017380952289690185,0.979635
11,59,8,1,1,1,Average,0.9377,25.75,12.88,0.0646,0.01558156459820395,0.012349314992702417,0.958027
11,59,8,1,1,1,Average,0.9377,25.75,12.88,0.0646,0.01558156459820395,0.012349314992702417,0.95035
18,91,7,1,1,1,Average,0.9567,32.34,16.17,0.0412,0.010821374523255156,0.011605675277708274,0.96176
18,91,7,1,1,1,Average,0.9567,32.34,16.17,0.0412,0.010821374523255156,0.011605675277708274,0.959368
11,49,8,2,1,1,Average,0.9308,29.95,14.97,0.0689,0.017310554439703363,0.013654026907514964,0.916304
11,49,8,2,1,1,Average,0.9308,29.95,14.97,0.0689,0.017310554439703363,0.013654026907514964,0.9238
15,32,4,5,2,2,Excellent,0.9941,9.97,4.98,0.0029,0.0014668409400122595,0.001432266938819545,0.996519
15,32,4,5,2,2,Excellent,0.9941,9.97,4.98,0.0029,0.0014668409400122595,0.001432266938819545,0.994811
16,96,8,2,1,1,Excellent,0.9942,6.97,3.49,0.0022,0.0014511568658194807,0.0012043513222047334,0.915651
16,96,8,2,1,1,Excellent,0.9942,6.97,3.49,0.0022,0.0014511568658194807,0.0012043513222047334,0.91493
7,18,4,1,1,1,Good,0.99,12.41,6.21,0.0118,0.002510136031801946,0.0049703242247337775,0.986395
7,18,4,1,1,1,Good,0.99,12.41,6.21,0.0118,0.002510136031801946,0.0049703242247337775,0.987769
13,46,6,2,1,1,Excellent,0.9937,9.41,4.71,0.0085,0.0015786317914336379,0.0029124211830476717,0.98713
13,46,6,2,1,1,Excellent,0.9937,9.41,4.71,0.0085,0.0015786317914336379,0.0029124211830476717,0.990286
21,104,8,1,1,1,Average,0.9708,49.74,24.87,0.0338,0.007301228090118045,0.013867027664613575,0.915392
21,104,8,1,1,1,Average,0.9708,49.74,24.87,0.0338,0.007301228090118045,0.013867027664613575,0.906574
6,22,5,1,1,1,Excellent,0.9958,7.93,3.97,0.0033,0.0010489144859205657,0.0020994808692918272,0.995546
6,22,5,1,1,1,Excellent,0.9958,7.93,3.97,0.0033,0.0010489144859205657,0.0020994808692918272,0.996773
18,57,5,2,1,1,Average,0.9395,34.17,17.08,0.0581,0.015118668158727616,0.009269193459930474,0.97789
18,57,5,2,1,1,Average,0.9395,34.17,17.08,0.0581,0.015118668158727616,0.009269193459930474,0.97624
9,42,8,1,1,1,Poor,0.8612,95.83,47.92,0.1406,0.03469532353346724,0.020876421149958465,0.931473
9,42,8,1,1,1,Poor,0.8612,95.83,47.92,0.1406,0.03469532353346724,0.020876421149958465,0.911226
17,90,8,2,1,1,Good,0.9895,18.86,9.43,0.0115,0.002622031188598689,0.006234054449891259,0.914168
17,90,8,2,1,1,Good,0.9895,18.86,9.43,0.0115,0.002622031188598689,0.006234054449891259,0.918296
15,79,8,2,1,1,Excellent,0.9967,7.7,3.85,0.0023,0.001,0.001954693769558523,0.921428
15,79,8,2,1,1,Excellent,0.9967,7.7,3.85,0.0023,0.001,0.001954693769558523,0.9105
12,78,7,1,1,1,Good,0.984,18.15,9.07,0.0132,0.00399942651906296,0.005407858327205556,0.97539
12,78,7,1,1,1,Good,0.984,18.15,9.07,0.0132,0.00399942651906296,0.005407858327205556,0.973328
20,60,5,2,2,2,Average,0.9492,30.06,15.03,0.0467,0.01270212793819292,0.014470223011760881,0.9913
20,60,5,2,2,2,Average,0.9492,30.06,15.03,0.0467,0.01270212793819292,0.014470223011760881,0.990821
10,40,6,1,1,1,Poor,0.9252,97.03,48.52,0.0734,0.018689978812005098,0.015318813150154624,0.973181
10,40,6,1,1,1,Poor,0.9252,97.03,48.52,0.0734,0.018689978812005098,0.015318813150154624,0.975056
13,47,6,1,1,1,Poor,0.9004,96.78,48.39,0.1043,0.024907670741756233,0.0261563571594311,0.964185
13,47,6,1,1,1,Poor,0.9004,96.78,48.39,0.1043,0.024907670741756233,0.0261563571594311,0.972982
9,41,8,2,2,2,Excellent,0.9992,8.73,4.37,0.0043,0.001,0.0028776904350840825,0.971832
9,41,8,2,2,2,Excellent,0.9992,8.73,4.37,0.0043,0.001,0.0028776904350840825,0.982025
18,74,6,1,0,0,Poor,0.9266,94.23,47.11,0.0771,0.018339506942455508,0.015409042841153306,0.954411
18,74,6,1,0,0,Poor,0.9266,94.23,47.11,0.0771,0.018339506942455508,0.015409042841153306,0.966479
20,60,5,2,1,1,Excellent,0.9885,6.6,3.3,0.0075,0.0028630388762814207,0.001351016309374491,0.990637
20,60,5,2,1,1,Excellent,0.9885,6.6,3.3,0.0075,0.0028630388762814207,0.001351016309374491,0.989827
11,77,8,1,1,1,Poor,0.8946,78.6,39.3,0.1088,0.026339143170523577,0.021367103393716957,0.928042
11,77,8,1,1,1,Poor,0.8946,78.6,39.3,0.1088,0.026339143170523577,0.021367103393716957,0.916086
10,48,8,2,1,1,Good,0.9713,19.84,9.92,0.0266,0.0071809556293842,0.006852516235123332,0.918002
10,48,8,2,1,1,Good,0.9713,19.84,9.92,0.0266,0.0071809556293842,0.006852516235123332,0.905209
20,106,8,4,2,2,Good,0.9889,13.43,6.71,0.0147,0.002780044158672307,0.006650897102066523,0.92432
20,106,8,4,2,2,Good,0.9889,13.43,6.71,0.0147,0.002780044158672307,0.006650897102066523,0.904219
10,55,8,3,2,2,Poor,0.91,52.31,26.15,0.0887,0.02248919264500171,0.025857860050067728,0.919978
10,55,8,3,2,2,Poor,0.91,52.31,26.15,0.0887,0.02248919264500171,0.025857860050067728,0.902915
20,79,6,1,1,1,Excellent,0.9982,8.03,4.01,0.0005,0.001,0.00212892355890339,0.982389
20,79,6,1,1,1,Excellent,0.9982,8.03,4.01,0.0005,0.001,0.00212892355890339,0.982256
19,97,7,2,0,0,Poor,0.8808,93.48,46.74,0.1225,0.029809718538422042,0.024626239792033287,0.924679
19,97,7,2,0,0,Poor,0.8808,93.48,46.74,0.1225,0.029809718538422042,0.024626239792033287,0.924943
20,126,8,1,0,0,Excellent,0.9974,9.45,4.72,0.003,0.001,0.001732360982586139,0.951395
20,126,8,1,0,0,Excellent,0.9974,9.45,4.72,0.003,0.001,0.001732360982586139,0.937174
9,44,8,1,1,1,Average,0.9481,20.64,10.32,0.05,0.012980400602889658,0.01195026897146097,0.917315
9,44,8,1,1,1,Average,0.9481,20.64,10.32,0.05,0.012980400602889658,0.01195026897146097,0.909248
13,34,5,3,3,3,Average,0.9382,43.42,21.71,0.0611,0.015438001313660826,0.011511321101179646,0.986835
13,34,5,3,3,3,Average,0.9382,43.42,21.71,0.0611,0.015438001313660826,0.011511321101179646,0.984993
6,36,8,2,2,2,Poor,0.8784,57.75,28.88,0.1212,0.03041183567006031,0.02126555487204446,0.921493
6,36,8,2,2,2,Poor,0.8784,57.75,28.88,0.1212,0.03041183567006031,0.02126555487204446,0.914316
20,49,4,1,0,0,Good,0.9882,17.49,8.75,0.0162,0.0029399300018069785,0.005897605098131607,0.994804
20,49,4,1,0,0,Good,0.9882,17.49,8.75,0.0162,0.0029399300018069785,0.005897605098131607,0.993853
17,62,6,1,1,1,Good,0.9812,18.99,9.49,0.0204,0.004707894667610152,0.005244613163382179,0.979856
17,62,6,1,1,1,Good,0.9812,18.99,9.49,0.0204,0.004707894667610152,0.005244613163382179,0.984507
15,42,4,1,1,1,Excellent,0.9943,9.49,4.74,0.0096,0.0014318445463457896,0.0012356105593085,0.995818
15,42,4,1,1,1,Excellent,0.9943,9.49,4.74,0.0096,0.0014318445463457896,0.0012356105593085,0.995569
17,70,7,4,3,3,Good,0.9875,14.34,7.17,0.0153,0.0031211906045001125,0.004529735552457371,0.963447
17,70,7,4,3,3,Good,0.9875,14.34,7.17,0.0153,0.0031211906045001125,0.004529735552457371,0.976542
17,64,7,2,0,0,Poor,0.8533,81.52,40.76,0.1439,0.03667764815723121,0.023426910916186393,0.89464
17,64,7,2,0,0,Poor,0.8533,81.52,40.76,0.1439,0.03667764815723121,0.023426910916186393,0.910563
9,33,7,2,2,2,Good,0.972,17.66,8.83,0.0261,0.007001925622774324,0.004347409963025871,0.989139
9,33,7,2,2,2,Good,0.972,17.66,8.83,0.0261,0.007001925622774324,0.004347409963025871,0.987103
14,53,5,1,1,1,Poor,0.9137,77.07,38.54,0.0892,0.02157130706920743,0.019661140574115908,0.940296
14,53,5,1,1,1,Poor,0.9137,77.07,38.54,0.0892,0.02157130706920743,0.019661140574115908,0.944021
6,22,4,1,1,1,Good,0.9806,14.78,7.39,0.0145,0.004852390090641395,0.006408831015643436,0.995116
6,22,4,1,1,1,Good,0.9806,14.78,7.39,0.0145,0.004852390090641395,0.006408831015643436,0.994968
18,79,7,2,0,0,Poor,0.9289,53.13,26.57,0.0744,0.017768742404032895,0.026448809398768924,0.938423
18,79,7,2,0,0,Poor,0.9289,53.13,26.57,0.0744,0.017768742404032895,0.026448809398768924,0.930417
12,69,8,1,1,1,Excellent,0.9992,5.41,2.7,0.0019,0.001,0.0026471210862620553,0.933934
12,69,8,1,1,1,Excellent,0.9992,5.41,2.7,0.0019,0.001,0.0026471210862620553,0.923021
8,37,8,1,1,1,Average,0.9505,21.63,10.81,0.0463,0.012384937447155242,0.012036297888863547,0.91702
8,37,8,1,1,1,Average,0.9505,21.63,10.81,0.0463,0.012384937447155242,0.012036297888863547,0.920051
17,42,4,1,1,1,Good,0.9886,16.38,8.19,0.0154,0.0028613113525950695,0.004762598199924676,0.99805
17,42,4,1,1,1,Good,0.9886,16.38,8.19,0.0154,0.0028613113525950695,0.004762598199924676,0.996143
15,64,8,6,2,2,Poor,0.8723,58.12,29.06,0.1271,0.03191374467048816,0.01709595755405961,0.910742
15,64,8,6,2,2,Poor,0.8723,58.12,29.06,0.1271,0.03191374467048816,0.01709595755405961,0.900363
19,84,7,2,1,1,Good,0.9837,15.96,7.98,0.0169,0.00408409119099859,0.0033682780786115827,0.965849
19,84,7,2,1,1,Good,0.9837,15.96,7.98,0.0169,0.00408409119099859,0.0033682780786115827,0.968375
21,119,7,2,2,2,Poor,0.8521,96.15,48.08,0.1486,0.036976095691108934,0.028987277515433528,0.961427
21,119,7,2,2,2,Poor,0.8521,96.15,48.08,0.1486,0.036976095691108934,0.028987277515433528,0.952116
14,70,8,1,0,0,Excellent,0.9976,9.85,4.93,0.002,0.001,0.001178373693484689,0.929947
14,70,8,1,0,0,Excellent,0.9976,9.85,4.93,0.002,0.001,0.001178373693484689,0.917059
16,48,5,2,2,2,Average,0.9616,41.45,20.72,0.0368,0.009600632095609879,0.014688113713342684,0.977508
16,48,5,2,2,2,Average,0.9616,41.45,20.72,0.0368,0.009600632095609879,0.014688113713342684,0.990501
20,44,4,1,1,1,Excellent,1.0029,7.32,3.66,0.002,0.001,0.00281527583545853,0.994914
20,44,4,1,1,1,Excellent,1.0029,7.32,3.66,0.002,0.001,0.00281527583545853,0.995234
8,20,4,1,0,0,Good,0.9903,10.0,5.0,0.0123,0.0024372559416264705,0.00395189192370079,0.993816
8,20,4,1,0,0,Good,0.9903,10.0,5.0,0.0123,0.0024372559416264705,0.00395189192370079,0.995161
20,60,5,1,1,1,Poor,0.8506,77.31,38.65,0.1481,0.037338709396095154,0.01785580797697459,0.975692
20,60,5,1,1,1,Poor,0.8506,77.31,38.65,0.1481,0.037338709396095154,0.01785580797697459,0.982234
14,48,6,1,1,1,Excellent,0.9991,8.63,4.31,0.0017,0.001,0.0010955712518222799,0.984973
14,48,6,1,1,1,Excellent,0.9991,8.63,4.31,0.0017,0.001,0.0010955712518222799,0.984778
15,88,7,1,0,0,Excellent,0.9968,9.87,4.93,0.0009,0.001,0.0029898577042356154,0.964188
15,88,7,1,0,0,Excellent,0.9968,9.87,4.93,0.0009,0.001,0.0029898577042356154,0.963856
20,78,5,3,1,1,Good,0.9723,16.82,8.41,0.0266,0.006914103156567236,0.0051367272766912764,0.989975
20,78,5,3,1,1,Good,0.9723,16.82,8.41,0.0266,0.006914103156567236,0.0051367272766912764,0.989479
11,81,8,1,0,0,Excellent,1.0017,8.14,4.07,0.0026,0.001,0.0018397354509177746,0.959376
11,81,8,1,0,0,Excellent,1.0017,8.14,4.07,0.0026,0.001,0.0018397354509177746,0.960404
16,81,8,2,1,1,Poor,0.8744,89.22,44.61,0.1249,0.031390757199713765,0.02636817683570316,0.897041
16,81,8,2,1,1,Poor,0.8744,89.22,44.61,0.1249,0.031390757199713765,0.02636817683570316,0.890795
16,100,8,1,1,1,Poor,0.9142,51.46,25.73,0.0883,0.02145248772818148,0.029396510765565795,0.904326
16,100,8,1,1,1,Poor,0.9142,51.46,25.73,0.0883,0.02145248772818148,0.029396510765565795,0.911159
21,67,4,1,1,1,Poor,0.852,70.14,35.07,0.1442,0.03699462098073528,0.022174818780285665,0.988223
21,67,4,1,1,1,Poor,0.852,70.14,35.07,0.1442,0.03699462098073528,0.022174818780285665,0.984963
17,39,4,4,3,3,Excellent,1.0002,6.88,3.44,0.0014,0.001,0.0013418805328078414,0.990165
17,39,4,4,3,3,Excellent,1.0002,6.88,3.44,0.0014,0.001,0.0013418805328078414,0.996307
17,59,5,2,1,1,Average,0.9655,40.22,20.11,0.0334,0.008628499364291442,0.013987605611059377,0.970989
17,59,5,2,1,1,Average,0.9655,40.22,20.11,0.0334,0.008628499364291442,0.013987605611059377,0.967074
6,26,6,1,1,1,Average,0.9482,36.17,18.09,0.0479,0.01296057099590986,0.009119268858726898,0.98132
6,26,6,1,1,1,Average,0.9482,36.17,18.09,0.0479,0.01296057099590986,0.009119268858726898,0.978905
7,40,7,1,0,0,Average,0.9455,27.06,13.53,0.0549,0.013629725894835604,0.013266794654531844,0.962072
7,40,7,1,0,0,Average,0.9455,27.06,13.53,0.0549,0.013629725894835604,0.013266794654531844,0.953893
19,90,8,2,0,0,Average,0.9546,35.22,17.61,0.0417,0.011343705678271976,0.014059929347371915,0.902334
19,90,8,2,0,0,Average,0.9546,35.22,17.61,0.0417,0.011343705678271976,0.014059929347371915,0.903614
8,35,6,1,0,0,Excellent,0.9959,6.42,3.21,0.0045,0.001015428176494887,0.0019157709026698766,0.993502
8,35,6,1,0,0,Excellent,0.9959,6.42,3.21,0.0045,0.001015428176494887,0.0019157709026698766,0.996958
20,43,4,1,0,0,Excellent,1.0022,6.78,3.39,0.0018,0.001,0.001803306660765099,0.997567
20,43,4,1,0,0,Excellent,1.0022,6.78,3.39,0.0018,0.001,0.001803306660765099,0.997915
11,42,5,1,0,0,Excellent,0.9943,9.67,4.83,0.0045,0.0014288953038799068,0.0011559837157059257,0.987612
11,42,5,1,0,0,Excellent,0.9943,9.67,4.83,0.0045,0.0014288953038799068,0.0011559837157059257,0.990509
21,115,7,1,1,1,Poor,0.9192,69.22,34.61,0.082,0.02018923847529286,0.028729774143896762,0.921665
21,115,7,1,1,1,Poor,0.9192,69.22,34.61,0.082,0.02018923847529286,0.028729774143896762,0.894939
21,99,8,4,2,2,Good,0.9876,18.37,9.19,0.0126,0.0031071454298389756,0.0037846143392892824,0.918886
21,99,8,4,2,2,Good,0.9876,18.37,9.19,0.0126,0.0031071454298389756,0.0037846143392892824,0.930807
6,32,8,1,1,1,Poor,0.8783,82.18,41.09,0.1246,0.03041576144777461,0.020530213756695986,0.901439
6,32,8,1,1,1,Poor,0.8783,82.18,41.09,0.1246,0.03041576144777461,0.020530213756695986,0.89288
16,64,7,2,2,2,Poor,0.9238,78.46,39.23,0.0725,0.019050619103315652,0.019193956319216648,0.908339
16,64,7,2,2,2,Poor,0.9238,78.46,39.23,0.0725,0.019050619103315652,0.019193956319216648,0.915909
18,45,5,1,1,1,Poor,0.9128,79.68,39.84,0.0857,0.02178959511772477,0.027228398726663078,0.926655
18,45,5,1,1,1,Poor,0.9128,79.68,39.84,0.0857,0.02178959511772477,0.027228398726663078,0.937695
10,30,5,1,1,1,Average,0.934,43.69,21.84,0.0632,0.01649759081377089,0.014524841797028053,0.968731
10,30,5,1,1,1,Average,0.934,43.69,21.84,0.0632,0.01649759081377089,0.014524841797028053,0.961441
18,57,6,3,2,2,Good,0.9805,12.61,6.3,0.0237,0.004882353470347406,0.0037464071671080663,0.977368
18,57,6,3,2,2,Good,0.9805,12.61,6.3,0.0237,0.004882353470347406,0.0037464071671080663,0.98015
21,76,6,2,2,2,Good,0.9798,19.14,9.57,0.0169,0.005047555040745527,0.005301774715538537,0.985075
21,76,6,2,2,2,Good,0.9798,19.14,9.57,0.0169,0.005047555040745527,0.005301774715538537,0.986954
13,77,7,1,1,1,Good,0.9797,13.43,6.72,0.0222,0.005073594175154572,0.0034088828928337585,0.967825
13,77,7,1,1,1,Good,0.9797,13.43,6.72,0.0222,0.005073594175154572,0.0034088828928337585,0.961112
9,49,8,1,1,1,Poor,0.9294,68.46,34.23,0.0721,0.01764863332963354,0.022784024841656834,0.931912
9,49,8,1,1,1,Poor,0.9294,68.46,34.23,0.0721,0.01764863332963354,0.022784024841656834,0.936085
15,64,7,4,2,2,Average,0.9635,26.73,13.36,0.0378,0.009121276021065133,0.007959822230204944,0.95321
15,64,7,4,2,2,Average,0.9635,26.73,13.36,0.0378,0.009121276021065133,0.007959822230204944,0.963735
21,46,4,1,1,1,Poor,0.9174,58.24,29.12,0.0859,0.02065039501465213,0.020004227040183946,0.984821
21,46,4,1,1,1,Poor,0.9174,58.24,29.12,0.0859,0.02065039501465213,0.020004227040183946,0.986644
12,49,6,1,1,1,Poor,0.9035,65.38,32.69,0.096,0.024120727893741367,0.019901517461344526,0.984777
12,49,6,1,1,1,Poor,0.9035,65.38,32.69,0.096,0.024120727893741367,0.019901517461344526,0.982162
12,46,6,1,0,0,Excellent,0.9995,6.08,3.04,0.0017,0.001,0.0014289351972570838,0.977041
12,46,6,1,0,0,Excellent,0.9995,6.08,3.04,0.0017,0.001,0.0014289351972570838,0.984325
9,40,8,1,1,1,Good,0.9792,17.99,8.99,0.0189,0.005193333712542936,0.0030642270433843197,0.983739
9,40,8,1,1,1,Good,0.9792,17.99,8.99,0.0189,0.005193333712542936,0.0030642270433843197,0.98395
14,103,8,2,1,1,Good,0.9732,16.97,8.49,0.0229,0.00669379847722662,0.006801547162823659,0.931296
14,103,8,2,1,1,Good,0.9732,16.97,8.49,0.0229,0.00669379847722662,0.006801547162823659,0.938113
11,47,6,1,1,1,Poor,0.8926,69.15,34.57,0.1123,0.026840258603203798,0.02544118306693451,0.972427
11,47,6,1,1,1,Poor,0.8926,69.15,34.57,0.1123,0.026840258603203798,0.02544118306693451,0.974007
21,91,8,4,3,3,Excellent,0.9942,8.03,4.01,0.0083,0.0014428683678362753,0.001013453055496246,0.92097
21,91,8,4,3,3,Excellent,0.9942,8.03,4.01,0.0083,0.0014428683678362753,0.001013453055496246,0.92893
17,67,5,1,1,1,Poor,0.9174,58.14,29.07,0.0809,0.020659762302860346,0.02713646828154767,0.988977
17,67,5,1,1,1,Poor,0.9174,58.14,29.07,0.0809,0.020659762302860346,0.02713646828154767,0.987202
16,58,4,1,1,1,Poor,0.8934,89.61,44.81,0.106,0.026640089695002533,0.01947975261463888,0.99394
16,58,4,1,1,1,Poor,0.8934,89.61,44.81,0.106,0.026640089695002533,0.01947975261463888,0.993492
16,60,7,2,0,0,Average,0.9321,49.49,24.75,0.0657,0.016982675271777603,0.012057379206391345,0.956898
16,60,7,2,0,0,Average,0.9321,49.49,24.75,0.0657,0.016982675271777603,0.012057379206391345,0.952705
19,102,8,2,1,1,Average,0.9594,43.9,21.95,0.0427,0.010141582438887187,0.011909182565691031,0.912161
19,102,8,2,1,1,Average,0.9594,43.9,21.95,0.0427,0.010141582438887187,0.011909182565691031,0.91629
10,42,5,1,0,0,Average,0.9383,48.74,24.37,0.0664,0.015435781523429865,0.013499343078922046,0.96204
10,42,5,1,0,0,Average,0.9383,48.74,24.37,0.0664,0.015435781523429865,0.013499343078922046,0.959907
10,24,4,1,1,1,Excellent,1.0026,9.41,4.71,0.0004,0.001,0.0017450071966523682,0.996361
10,24,4,1,1,1,Excellent,1.0026,9.41,4.71,0.0004,0.001,0.0017450071966523682,0.999109
9,30,5,2,1,1,Average,0.9623,46.05,23.03,0.0328,0.009428501492541264,0.009719438164265704,0.98946
9,30,5,2,1,1,Average,0.9623,46.05,23.03,0.0328,0.009428501492541264,0.009719438164265704,0.990668
15,34,4,3,2,2,Average,0.9504,28.53,14.27,0.0508,0.012405818695502335,0.01008660516658029,0.990852
15,34,4,3,2,2,Average,0.9504,28.53,14.27,0.0508,0.012405818695502335,0.01008660516658029,0.988851
21,107,8,4,1,1,Good,0.9779,15.0,7.5,0.027,0.005525552582816562,0.003888342065306673,0.921844
21,107,8,4,1,1,Good,0.9779,15.0,7.5,0.027,0.005525552582816562,0.003888342065306673,0.925085
20,106,7,3,3,3,Average,0.9591,39.29,19.65,0.036,0.0102311333987464,0.009930352857468322,0.921984
20,106,7,3,3,3,Average,0.9591,39.29,19.65,0.036,0.0102311333987464,0.009930352857468322,0.919072
11,83,8,1,1,1,Average,0.9277,28.64,14.32,0.068,0.018073048522862373,0.008747509110294864,0.908357
11,83,8,1,1,1,Average,0.9277,28.64,14.32,0.068,0.018073048522862373,0.008747509110294864,0.926274
12,41,5,1,0,0,Excellent,0.9977,5.63,2.82,0.0061,0.001,0.0022902957798106114,0.994892
12,41,5,1,0,0,Excellent,0.9977,5.63,2.82,0.0061,0.001,0.0022902957798106114,0.992339
8,24,4,1,1,1,Good,0.9772,14.15,7.08,0.0198,0.005687796670994866,0.005210983975624623,0.998107
8,24,4,1,1,1,Good,0.9772,14.15,7.08,0.0198,0.005687796670994866,0.005210983975624623,0.995813
6,26,6,1,0,0,Good,0.984,17.67,8.83,0.0181,0.004004710054961419,0.005660629226446971,0.985494
6,26,6,1,0,0,Good,0.984,17.67,8.83,0.0181,0.004004710054961419,0.005660629226446971,0.98662
11,39,5,1,0,0,Average,0.9596,34.4,17.2,0.0428,0.010091422126964983,0.009905499193790036,0.967283
11,39,5,1,0,0,Average,0.9596,34.4,17.2,0.0428,0.010091422126964983,0.009905499193790036,0.970904
21,68,6,2,1,1,Good,0.9772,13.79,6.89,0.0273,0.00570834435726969,0.004301736955119543,0.980371
21,68,6,2,1,1,Good,0.9772,13.79,6.89,0.0273,0.00570834435726969,0.004301736955119543,0.979985
8,46,8,2,1,1,Poor,0.8748,69.12,34.56,0.1226,0.031300834896058644,0.01653374918466384,0.868273
8,46,8,2,1,1,Poor,0.8748,69.12,34.56,0.1226,0.031300834896058644,0.01653374918466384,0.850857
11,46,7,1,0,0,Excellent,0.9973,7.29,3.64,0.0022,0.001,0.0024343887079999365,0.981689
11,46,7,1,0,0,Excellent,0.9973,7.29,3.64,0.0022,0.001,0.0024343887079999365,0.980649
16,41,4,4,2,2,Good,0.9791,11.73,5.86,0.0215,0.005216053817435062,0.005459236807051256,0.995066
16,41,4,4,2,2,Good,0.9791,11.73,5.86,0.0215,0.005216053817435062,0.005459236807051256,0.996996
13,51,6,1,1,1,Good,0.9882,12.36,6.18,0.0133,0.0029495199636837832,0.005809881000642524,0.977248
13,51,6,1,1,1,Good,0.9882,12.36,6.18,0.0133,0.0029495199636837832,0.005809881000642524,0.977421
12,28,5,1,1,1,Average,0.9569,36.68,18.34,0.0423,0.01078592566670769,0.01091282580642617,0.9868
12,28,5,1,1,1,Average,0.9569,36.68,18.34,0.0423,0.01078592566670769,0.01091282580642617,0.982774
21,74,7,2,1,1,Good,0.9796,11.62,5.81,0.0179,0.005097570747840896,0.003078241246075741,0.953969
21,74,7,2,1,1,Good,0.9796,11.62,5.81,0.0179,0.005097570747840896,0.003078241246075741,0.959655
14,45,6,1,0,0,Average,0.9319,37.33,18.66,0.0681,0.017035480653653123,0.012723927123846398,0.976692
14,45,6,1,0,0,Average,0.9319,37.33,18.66,0.0681,0.017035480653653123,0.012723927123846398,0.972442
11,26,4,1,1,1,Poor,0.863,80.18,40.09,0.1378,0.03425321294825745,0.015040321221961979,0.987816
11,26,4,1,1,1,Poor,0.863,80.18,40.09,0.1378,0.03425321294825745,0.015040321221961979,0.991162
20,85,8,4,3,3,Poor,0.9149,85.94,42.97,0.0871,0.021264947262168626,0.027262503653043148,0.855612
20,85,8,4,3,3,Poor,0.9149,85.94,42.97,0.0871,0.021264947262168626,0.027262503653043148,0.839099
13,38,5,2,1,1,Good,0.9763,11.49,5.75,0.0262,0.005929731379791275,0.0033942256311987723,0.993435
13,38,5,2,1,1,Good,0.9763,11.49,5.75,0.0262,0.005929731379791275,0.0033942256311987723,0.991857
18,72,6,1,1,1,Excellent,1.0021,7.74,3.87,0.0017,0.001,0.0015306231343894714,0.982373
18,72,6,1,1,1,Excellent,1.0021,7.74,3.87,0.0017,0.001,0.0015306231343894714,0.980459
21,88,8,3,3,3,Poor,0.8902,75.93,37.97,0.1105,0.02744600462672514,0.020239693822368676,0.908312
21,88,8,3,3,3,Poor,0.8902,75.93,37.97,0.1105,0.02744600462672514,0.020239693822368676,0.875075
17,64,5,1,0,0,Average,0.9434,25.54,12.77,0.0555,0.014138406910293833,0.007487048077505353,0.977154
17,64,5,1,0,0,Average,0.9434,25.54,12.77,0.0555,0.014138406910293833,0.007487048077505353,0.984255
12,43,4,1,1,1,Excellent,1.0012,6.39,3.2,0.003,0.001,0.002290813685685543,0.997011
12,43,4,1,1,1,Excellent,1.0012,6.39,3.2,0.003,0.001,0.002290813685685543,0.993336
16,90,8,3,2,2,Excellent,1.0002,7.3,3.65,0.0035,0.001,0.002908188390881589,0.913422
16,90,8,3,2,2,Excellent,1.0002,7.3,3.65,0.0035,0.001,0.002908188390881589,0.935265
8,50,8,1,1,1,Excellent,0.9902,8.89,4.45,0.0064,0.0024385789930441992,0.0028537235964799946,0.963362
8,50,8,1,1,1,Excellent,0.9902,8.89,4.45,0.0064,0.0024385789930441992,0.0028537235964799946,0.966607
17,89,8,4,0,0,Excellent,0.9958,5.46,2.73,0.002,0.0010541382771770413,0.0027357139100867827,0.909627
17,89,8,4,0,0,Excellent,0.9958,5.46,2.73,0.002,0.0010541382771770413,0.0027357139100867827,0.918675
8,34,7,2,1,1,Good,0.9811,16.87,8.43,0.02,0.004727583196357715,0.0034606805487031947,0.973757
8,34,7,2,1,1,Good,0.9811,16.87,8.43,0.02,0.004727583196357715,0.0034606805487031947,0.979937
9,29,5,1,0,0,Poor,0.8662,70.51,35.25,0.1302,0.03345410947181207,0.016727488741931015,0.969962
9,29,5,1,0,0,Poor,0.8662,70.51,35.25,0.1302,0.03345410947181207,0.016727488741931015,0.954214
18,50,4,2,1,1,Poor,0.8524,55.23,27.61,0.1431,0.036911077784834406,0.024262619434483795,0.979798
18,50,4,2,1,1,Poor,0.8524,55.23,27.61,0.1431,0.036911077784834406,0.024262619434483795,0.978866
20,52,4,2,1,1,Good,0.981,17.23,8.61,0.0232,0.004744761734381375,0.006039807958532481,0.996767
20,52,4,2,1,1,Good,0.981,17.23,8.61,0.0232,0.004744761734381375,0.006039807958532481,0.993657
12,35,5,2,1,1,Good,0.9779,10.37,5.19,0.0214,0.005530797839250534,0.004349252736818847,0.991217
12,35,5,2,1,1,Good,0.9779,10.37,5.19,0.0214,0.005530797839250534,0.004349252736818847,0.988167
6,31,8,3,2,2,Good,0.9756,14.55,7.28,0.0275,0.006106214523852294,0.0061065950250921465,0.952445
6,31,8,3,2,2,Good,0.9756,14.55,7.28,0.0275,0.006106214523852294,0.0061065950250921465,0.957235
11,47,6,1,1,1,Excellent,1.0004,5.45,2.73,0.0002,0.001,0.0017895674053631484,0.986476
11,47,6,1,1,1,Excellent,1.0004,5.45,2.73,0.0002,0.001,0.0017895674053631484,0.98703
6,27,6,2,1,1,Average,0.9619,49.46,24.73,0.036,0.009534498378815426,0.008030459285802536,0.980875
6,27,6,2,1,1,Average,0.9619,49.46,24.73,0.036,0.009534498378815426,0.008030459285802536,0.975947
12,53,8,3,2,2,Average,0.9548,49.84,24.92,0.044,0.011298514251534858,0.013327804867387865,0.914545
12,53,8,3,2,2,Average,0.9548,49.84,24.92,0.044,0.011298514251534858,0.013327804867387865,0.91666
12,30,4,1,0,0,Average,0.9422,23.85,11.92,0.0578,0.014454210689483993,0.00713670830585736,0.967217
12,30,4,1,0,0,Average,0.9422,23.85,11.92,0.0578,0.014454210689483993,0.00713670830585736,0.978799
14,65,5,1,0,0,Good,0.9811,14.24,7.12,0.0172,0.004728483009333734,0.0044667624350598085,0.989716
14,65,5,1,0,0,Good,0.9811,14.24,7.12,0.0172,0.004728483009333734,0.0044667624350598085,0.993497
8,28,6,1,1,1,Good,0.9745,10.26,5.13,0.0298,0.006375036927124267,0.004689839158150936,0.982984
8,28,6,1,1,1,Good,0.9745,10.26,5.13,0.0298,0.006375036927124267,0.004689839158150936,0.979135
11,36,6,1,1,1,Poor,0.886,61.54,30.77,0.1096,0.028496369385292653,0.023986002089763966,0.936651
11,36,6,1,1,1,Poor,0.886,61.54,30.77,0.1096,0.028496369385292653,0.023986002089763966,0.925324
20,61,4,2,1,1,Excellent,0.9866,7.16,3.58,0.0086,0.0033489597435756024,0.0014564024974403917,0.997302
20,61,4,2,1,1,Excellent,0.9866,7.16,3.58,0.0086,0.0033489597435756024,0.0014564024974403917,0.99645
9,47,8,1,0,0,Average,0.9285,29.58,14.79,0.0681,0.017882648494624592,0.014028697471883816,0.947573
9,47,8,1,0,0,Average,0.9285,29.58,14.79,0.0681,0.017882648494624592,0.014028697471883816,0.945973
13,32,4,1,0,0,Average,0.9628,20.97,10.49,0.0323,0.00929432755117568,0.009905494207619459,0.991003
13,32,4,1,0,0,Average,0.9628,20.97,10.49,0.0323,0.00929432755117568,0.009905494207619459,0.994103
21,76,7,3,2,2,Poor,0.8566,68.43,34.21,0.1414,0.03584020234033111,0.01597323578270763,0.943579
21,76,7,3,2,2,Poor,0.8566,68.43,34.21,0.1414,0.03584020234033111,0.01597323578270763,0.947515
14,52,5,1,0,0,Poor,0.9222,92.08,46.04,0.0809,0.019461963725147052,0.021926188144928013,0.960076
14,52,5,1,0,0,Poor,0.9222,92.08,46.04,0.0809,0.019461963725147052,0.021926188144928013,0.970195
13,62,8,3,2,2,Excellent,1.0017,7.25,3.62,0.0028,0.001,0.0019779684120695942,0.924185
13,62,8,3,2,2,Excellent,1.0017,7.25,3.62,0.0028,0.001,0.0019779684120695942,0.933236
9,43,8,1,1,1,Average,0.9594,33.43,16.72,0.0359,0.010155116291764327,0.01275834090162406,0.924447
9,43,8,1,1,1,Average,0.9594,33.43,16.72,0.0359,0.010155116291764327,0.01275834090162406,0.930271
7,26,6,1,1,1,Poor,0.8884,54.22,27.11,0.1107,0.027895794434224103,0.01652499667329747,0.967031
7,26,6,1,1,1,Poor,0.8884,54.22,27.11,0.1107,0.027895794434224103,0.01652499667329747,0.971626
20,58,4,2,1,1,Good,0.9738,13.32,6.66,0.0294,0.006561383665080522,0.004150901209149394,0.994725
20,58,4,2,1,1,Good,0.9738,13.32,6.66,0.0294,0.006561383665080522,0.004150901209149394,0.996204
14,87,8,2,1,1,Poor,0.8627,65.01,32.51,0.1341,0.034333081340244626,0.025560971147926922,0.885573
14,87,8,2,1,1,Poor,0.8627,65.01,32.51,0.1341,0.034333081340244626,0.025560971147926922,0.891909
17,44,5,1,1,1,Average,0.9428,33.4,16.7,0.0581,0.01429367688417768,0.010969393135886433,0.991179
17,44,5,1,1,1,Average,0.9428,33.4,16.7,0.0581,0.01429367688417768,0.010969393135886433,0.98604
20,75,5,2,2,2,Average,0.9338,45.15,22.57,0.0656,0.016554342913465636,0.00819130844348272,0.989011
20,75,5,2,2,2,Average,0.9338,45.15,22.57,0.0656,0.016554342913465636,0.00819130844348272,0.980261
21,60,5,1,1,1,Excellent,0.9892,5.16,2.58,0.0098,0.0026920961933434018,0.001851127089562523,0.9911
21,60,5,1,1,1,Excellent,0.9892,5.16,2.58,0.0098,0.0026920961933434018,0.001851127089562523,0.994745
16,52,6,3,1,1,Excellent,0.9876,8.78,4.39,0.008,0.0031113145997663794,0.002177028573835696,0.981501
16,52,6,3,1,1,Excellent,0.9876,8.78,4.39,0.008,0.0031113145997663794,0.002177028573835696,0.984936
14,73,8,1,0,0,Excellent,0.9954,6.58,3.29,0.0067,0.0011499519447182305,0.0016333318171569359,0.919296
14,73,8,1,0,0,Excellent,0.9954,6.58,3.29,0.0067,0.0011499519447182305,0.0016333318171569359,0.919525
15,65,8,4,3,3,Poor,0.8995,96.46,48.23,0.1016,0.025134731433119978,0.029845468382480488,0.858916
15,65,8,4,3,3,Poor,0.8995,96.46,48.23,0.1016,0.025134731433119978,0.029845468382480488,0.850261
20,95,5,1,1,1,Poor,0.8637,84.26,42.13,0.1351,0.034067752952009867,0.023348130220536896,0.991314
20,95,5,1,1,1,Poor,0.8637,84.26,42.13,0.1351,0.034067752952009867,0.023348130220536896,0.992182
18,87,7,1,1,1,Excellent,0.9997,5.74,2.87,0.0048,0.001,0.001970042787192641,0.955601
18,87,7,1,1,1,Excellent,0.9997,5.74,2.87,0.0048,0.001,0.001970042787192641,0.956739
16,43,5,1,1,1,Poor,0.8757,59.15,29.58,0.129,0.031071757096716862,0.02504597253251542,0.980823
16,43,5,1,1,1,Poor,0.8757,59.15,29.58,0.129,0.031071757096716862,0.02504597253251542,0.980586
15,67,8,3,2,2,Excellent,0.9907,9.98,4.99,0.0045,0.002328518754616732,0.0024229737791798406,0.947963
15,67,8,3,2,2,Excellent,0.9907,9.98,4.99,0.0045,0.002328518754616732,0.0024229737791798406,0.947592
11,41,6,1,1,1,Poor,0.8499,92.41,46.2,0.1465,0.03751617147133257,0.018215133711762928,0.920597
11,41,6,1,1,1,Poor,0.8499,92.41,46.2,0.1465,0.03751617147133257,0.018215133711762928,0.917519
11,85,8,1,0,0,Excellent,0.996,5.45,2.72,0.0005,0.001,0.0023307159641275384,0.927726
11,85,8,1,0,0,Excellent,0.996,5.45,2.72,0.0005,0.001,0.0023307159641275384,0.930208
14,45,4,1,1,1,Excellent,0.9914,9.25,4.62,0.009,0.0021404717861264744,0.0029464789897082127,0.993306
14,45,4,1,1,1,Excellent,0.9914,9.25,4.62,0.009,0.0021404717861264744,0.0029464789897082127,0.994148
13,28,4,1,1,1,Average,0.9407,40.53,20.27,0.06,0.014830350558234062,0.011763791531590032,0.995101
13,28,4,1,1,1,Average,0.9407,40.53,20.27,0.06,0.014830350558234062,0.011763791531590032,0.994876
20,89,8,6,4,4,Good,0.9878,18.97,9.49,0.0117,0.0030563619358372485,0.0030896526494907355,0.914545
20,89,8,6,4,4,Good,0.9878,18.97,9.49,0.0117,0.0030563619358372485,0.0030896526494907355,0.92081
15,72,6,2,1,1,Good,0.9921,11.61,5.8,0.0124,0.0019842066247464096,0.006533765416027631,0.982735
15,72,6,2,1,1,Good,0.9921,11.61,5.8,0.0124,0.0019842066247464096,0.006533765416027631,0.98588
13,83,8,1,1,1,Poor,0.9044,98.63,49.31,0.0999,0.023894718223992917,0.02308649631283153,0.911506
13,83,8,1,1,1,Poor,0.9044,98.63,49.31,0.0999,0.023894718223992917,0.02308649631283153,0.912899
21,86,7,1,1,1,Average,0.9697,34.2,17.1,0.0337,0.007580489146251451,0.013736950110728403,0.942759
21,86,7,1,1,1,Average,0.9697,34.2,17.1,0.0337,0.007580489146251451,0.013736950110728403,0.938295
21,72,5,1,0,0,Average,0.9452,43.74,21.87,0.054,0.013690330816841872,0.01423049297956745,0.980461
21,72,5,1,0,0,Average,0.9452,43.74,21.87,0.054,0.013690330816841872,0.01423049297956745,0.983009
20,69,5,1,0,0,Poor,0.8544,78.93,39.46,0.1499,0.03640542532343932,0.022157035730546348,0.983319
20,69,5,1,0,0,Poor,0.8544,78.93,39.46,0.1499,0.03640542532343932,0.022157035730546348,0.988643
13,78,7,1,1,1,Good,0.9796,14.88,7.44,0.0235,0.0050997624750546144,0.00521284549111687,0.958683
13,78,7,1,1,1,Good,0.9796,14.88,7.44,0.0235,0.0050997624750546144,0.00521284549111687,0.961894
18,110,8,1,1,1,Good,0.9901,12.93,6.46,0.0109,0.0024639708705862795,0.0046865300447348065,0.915845
18,110,8,1,1,1,Good,0.9901,12.93,6.46,0.0109,0.0024639708705862795,0.0046865300447348065,0.910893
13,52,7,2,2,2,Average,0.9505,48.07,24.03,0.0472,0.012378970694717467,0.011093604940914732,0.962752
13,52,7,2,2,2,Average,0.9505,48.07,24.03,0.0472,0.012378970694717467,0.011093604940914732,0.956906
16,39,5,1,1,1,Excellent,1.0027,6.93,3.46,0.0016,0.001,0.0021599947923429193,0.993317
16,39,5,1,1,1,Excellent,1.0027,6.93,3.46,0.0016,0.001,0.0021599947923429193,0.99242
19,56,5,1,1,1,Average,0.965,36.28,18.14,0.035,0.00874424485552519,0.01159096276522601,0.989442
19,56,5,1,1,1,Average,0.965,36.28,18.14,0.035,0.00874424485552519,0.01159096276522601,0.993707
14,47,5,2,1,1,Poor,0.891,76.64,38.32,0.1101,0.027250975124212512,0.02820501414342689,0.990254
14,47,5,2,1,1,Poor,0.891,76.64,38.32,0.1101,0.027250975124212512,0.02820501414342689,0.99098
21,108,7,1,0,0,Good,0.9744,19.91,9.95,0.0251,0.0064015405895649635,0.005303000988607105,0.959735
21,108,7,1,0,0,Good,0.9744,19.91,9.95,0.0251,0.0064015405895649635,0.005303000988607105,0.964188
12,26,4,3,2,2,Excellent,0.9947,7.93,3.97,0.0076,0.0013297943723562522,0.0017154942253408004,0.996701
12,26,4,3,2,2,Excellent,0.9947,7.93,3.97,0.0076,0.0013297943723562522,0.0017154942253408004,0.990485
19,62,5,1,0,0,Excellent,0.9943,6.16,3.08,0.0048,0.0014186947201429156,0.0010008488348384056,0.990621
19,62,5,1,0,0,Excellent,0.9943,6.16,3.08,0.0048,0.0014186947201429156,0.0010008488348384056,0.990672
14,32,4,2,0,0,Average,0.9645,36.69,18.34,0.0338,0.00886282879528913,0.013640470308085188,0.969447
14,32,4,2,0,0,Average,0.9645,36.69,18.34,0.0338,0.00886282879528913,0.013640470308085188,0.967273
14,47,6,2,0,0,Average,0.9607,34.87,17.43,0.0405,0.00983112831415453,0.01043134178625844,0.965189
14,47,6,2,0,0,Average,0.9607,34.87,17.43,0.0405,0.00983112831415453,0.01043134178625844,0.974226
12,28,4,3,1,1,Average,0.9377,28.21,14.1,0.0615,0.015586002503834906,0.013761023525189136,0.975889
12,28,4,3,1,1,Average,0.9377,28.21,14.1,0.0615,0.015586002503834906,0.013761023525189136,0.973889
21,125,7,1,1,1,Excellent,0.9963,8.86,4.43,0.0013,0.001,0.00207648029287509,0.950652
21,125,7,1,1,1,Excellent,0.9963,8.86,4.43,0.0013,0.001,0.00207648029287509,0.963605
7,32,8,1,1,1,Excellent,0.9959,9.33,4.67,0.0046,0.0010264302732025665,0.0011937962214872032,0.988507
7,32,8,1,1,1,Excellent,0.9959,9.33,4.67,0.0046,0.0010264302732025665,0.0011937962214872032,0.994298
20,77,4,1,1,1,Average,0.9321,32.41,16.21,0.0639,0.016966443363462202,0.008811793317778982,0.997161
20,77,4,1,1,1,Average,0.9321,32.41,16.21,0.0639,0.016966443363462202,0.008811793317778982,0.99901
18,106,7,2,0,0,Average,0.9457,36.38,18.19,0.0547,0.01356867227769018,0.013438130790897493,0.959389
18,106,7,2,0,0,Average,0.9457,36.38,18.19,0.0547,0.01356867227769018,0.013438130790897493,0.952532
18,59,5,1,1,1,Poor,0.8901,65.58,32.79,0.1105,0.027466410170066152,0.025330337124972402,0.967803
18,59,5,1,1,1,Poor,0.8901,65.58,32.79,0.1105,0.027466410170066152,0.025330337124972402,0.958846
13,51,6,1,1,1,Poor,0.9226,94.46,47.23,0.0736,0.019356297361472707,0.02211721246077936,0.81182
13,51,6,1,1,1,Poor,0.9226,94.46,47.23,0.0736,0.019356297361472707,0.02211721246077936,0.818512
18,46,5,3,1,1,Good,0.9898,14.21,7.11,0.015,0.0025531037731510164,0.005590473983459563,0.992999
18,46,5,3,1,1,Good,0.9898,14.21,7.11,0.015,0.0025531037731510164,0.005590473983459563,0.985635
14,31,4,2,2,2,Average,0.9676,31.17,15.59,0.0322,0.008094343310375757,0.007393213810013127,0.997996
14,31,4,2,2,2,Average,0.9676,31.17,15.59,0.0322,0.008094343310375757,0.007393213810013127,0.997986
15,96,8,4,2,2,Good,0.9681,12.99,6.49,0.0294,0.007980829383838928,0.0031878332285081553,0.905107
15,96,8,4,2,2,Good,0.9681,12.99,6.49,0.0294,0.007980829383838928,0.0031878332285081553,0.916125
11,49,6,1,0,0,Excellent,0.9888,9.1,4.55,0.0093,0.0027916132451435705,0.002730356758299284,0.986713
11,49,6,1,0,0,Excellent,0.9888,9.1,4.55,0.0093,0.0027916132451435705,0.002730356758299284,0.980915
16,61,6,2,1,1,Good,0.981,11.92,5.96,0.0201,0.00476058251376521,0.0047006058433906985,0.983605
16,61,6,2,1,1,Good,0.981,11.92,5.96,0.0201,0.00476058251376521,0.0047006058433906985,0.979627
18,88,6,1,0,0,Poor,0.8585,89.16,44.58,0.1383,0.035374951107387254,0.021281009577569437,0.973948
18,88,6,1,0,0,Poor,0.8585,89.16,44.58,0.1383,0.035374951107387254,0.021281009577569437,0.977205
19,49,4,1,1,1,Good,0.9842,18.56,9.28,0.0124,0.003961681855017385,0.0037241758097195316,0.994559
19,49,4,1,1,1,Good,0.9842,18.56,9.28,0.0124,0.003961681855017385,0.0037241758097195316,0.997582
19,81,7,2,1,1,Poor,0.8911,84.7,42.35,0.1079,0.02722587833834053,0.026457133626491415,0.933629
19,81,7,2,1,1,Poor,0.8911,84.7,42.35,0.1079,0.02722587833834053,0.026457133626491415,0.943897
14,45,6,5,2,2,Poor,0.9336,99.67,49.83,0.0705,0.016611292606303757,0.023052756676265673,0.949072
14,45,6,5,2,2,Poor,0.9336,99.67,49.83,0.0705,0.016611292606303757,0.023052756676265673,0.948607
21,64,4,1,1,1,Poor,0.891,74.06,37.03,0.1096,0.027243610914894273,0.01793825714379014,0.98922
21,64,4,1,1,1,Poor,0.891,74.06,37.03,0.1096,0.027243610914894273,0.01793825714379014,0.985963
11,27,4,2,2,2,Average,0.9337,33.32,16.66,0.0614,0.016571884856709768,0.013415312068056889,0.988114
11,27,4,2,2,2,Average,0.9337,33.32,16.66,0.0614,0.016571884856709768,0.013415312068056889,0.982381
10,56,7,1,1,1,Poor,0.8632,89.63,44.81,0.1382,0.034208350749702965,0.02137482260273468,0.952528
10,56,7,1,1,1,Poor,0.8632,89.63,44.81,0.1382,0.034208350749702965,0.02137482260273468,0.947108
9,24,5,1,1,1,Good,0.9767,10.53,5.27,0.0206,0.005821790523213161,0.006038888600006638,0.964017
9,24,5,1,1,1,Good,0.9767,10.53,5.27,0.0206,0.005821790523213161,0.006038888600006638,0.966615
16,79,7,4,3,3,Good,0.9784,14.3,7.15,0.0239,0.005408430896543248,0.006465593509452312,0.961393
16,79,7,4,3,3,Good,0.9784,14.3,7.15,0.0239,0.005408430896543248,0.006465593509452312,0.953583
17,71,7,2,2,2,Good,0.9848,13.68,6.84,0.0153,0.0037884952448522247,0.0042390517928575485,0.954283
17,71,7,2,2,2,Good,0.9848,13.68,6.84,0.0153,0.0037884952448522247,0.0042390517928575485,0.956704
16,69,8,4,1,1,Average,0.9444,30.86,15.43,0.0601,0.013899155476157332,0.007377192618336411,0.899305
16,69,8,4,1,1,Average,0.9444,30.86,15.43,0.0601,0.013899155476157332,0.007377192618336411,0.893414
17,81,6,1,0,0,Average,0.9529,39.57,19.78,0.0435,0.011771287044309076,0.008574474623531695,0.881168
17,81,6,1,0,0,Average,0.9529,39.57,19.78,0.0435,0.011771287044309076,0.008574474623531695,0.878152
20,73,5,1,0,0,Average,0.9478,43.09,21.55,0.0546,0.013056568714425482,0.014817204206660595,0.976084
20,73,5,1,0,0,Average,0.9478,43.09,21.55,0.0546,0.013056568714425482,0.014817204206660595,0.98756
20,66,7,2,2,2,Poor,0.9085,88.21,44.1,0.0894,0.022874249511788014,0.024622734935416078,0.933426
20,66,7,2,2,2,Poor,0.9085,88.21,44.1,0.0894,0.022874249511788014,0.024622734935416078,0.947537
18,74,5,2,1,1,Good,0.9706,18.2,9.1,0.028,0.007354620774001813,0.0030504623548702836,0.99167
18,74,5,2,1,1,Good,0.9706,18.2,9.1,0.028,0.007354620774001813,0.0030504623548702836,0.991964
7,38,8,1,0,0,Excellent,0.9936,8.03,4.02,0.0039,0.0016002172443198848,0.001083405096157341,0.967922
7,38,8,1,0,0,Excellent,0.9936,8.03,4.02,0.0039,0.0016002172443198848,0.001083405096157341,0.972153
12,58,6,2,0,0,Excellent,0.9948,6.93,3.47,0.0099,0.0012886727519944574,0.0016499994206307322,0.977937
12,58,6,2,0,0,Excellent,0.9948,6.93,3.47,0.0099,0.0012886727519944574,0.0016499994206307322,0.982777
10,57,8,1,0,0,Average,0.9643,38.72,19.36,0.0392,0.00892494641420577,0.014048772591685276,0.938841
10,57,8,1,0,0,Average,0.9643,38.72,19.36,0.0392,0.00892494641420577,0.014048772591685276,0.942569
8,23,4,1,0,0,Poor,0.8897,72.03,36.01,0.1104,0.02756765817083126,0.016004413050699252,0.993624
8,23,4,1,0,0,Poor,0.8897,72.03,36.01,0.1104,0.02756765817083126,0.016004413050699252,0.996067
14,44,5,1,0,0,Average,0.9418,27.63,13.82,0.0568,0.014551598216600597,0.009095100547522156,0.988088
14,44,5,1,0,0,Average,0.9418,27.63,13.82,0.0568,0.014551598216600597,0.009095100547522156,0.988483
17,121,8,1,1,1,Excellent,0.9933,7.38,3.69,0.0062,0.0016730115658206146,0.002568556436188088,0.929652
17,121,8,1,1,1,Excellent,0.9933,7.38,3.69,0.0062,0.0016730115658206146,0.002568556436188088,0.944753
20,50,5,3,2,2,Average,0.9436,46.22,23.11,0.0594,0.01409364862222015,0.01154318830843447,0.98849
20,50,5,3,2,2,Average,0.9436,46.22,23.11,0.0594,0.01409364862222015,0.01154318830843447,0.989338
10,41,7,1,1,1,Poor,0.8646,55.23,27.62,0.1372,0.03384235412735087,0.01880689673611993,0.941461
10,41,7,1,1,1,Poor,0.8646,55.23,27.62,0.1372,0.03384235412735087,0.01880689673611993,0.938363
18,44,4,2,1,1,Average,0.9617,25.25,12.63,0.0353,0.009562673993158938,0.011453976491016,0.998324
18,44,4,2,1,1,Average,0.9617,25.25,12.63,0.0353,0.009562673993158938,0.011453976491016,0.995128
20,75,5,1,1,1,Good,0.9882,15.21,7.61,0.0148,0.0029604638746534018,0.003603791504376707,0.986161
20,75,5,1,1,1,Good,0.9882,15.21,7.61,0.0148,0.0029604638746534018,0.003603791504376707,0.986542
12,91,8,1,0,0,Good,0.9853,11.46,5.73,0.0109,0.0036814780648337098,0.003740457094610317,0.926401
12,91,8,1,0,0,Good,0.9853,11.46,5.73,0.0109,0.0036814780648337098,0.003740457094610317,0.927743
8,26,4,1,0,0,Poor,0.8951,73.07,36.53,0.1004,0.026224774420389424,0.015447007288179155,0.998181
8,26,4,1,0,0,Poor,0.8951,73.07,36.53,0.1004,0.026224774420389424,0.015447007288179155,0.995763
21,135,8,2,2,2,Poor,0.8894,56.09,28.04,0.1138,0.027660245865088334,0.01784026246957533,0.893532
21,135,8,2,2,2,Poor,0.8894,56.09,28.04,0.1138,0.027660245865088334,0.01784026246957533,0.917132
7,28,6,1,1,1,Good,0.9824,18.98,9.49,0.0158,0.0043985032328821005,0.003975874502693214,0.986231
7,28,6,1,1,1,Good,0.9824,18.98,9.49,0.0158,0.0043985032328821005,0.003975874502693214,0.986531
14,47,7,1,1,1,Poor,0.8692,89.15,44.58,0.1313,0.03270285860091826,0.017073790490067086,0.947945
14,47,7,1,1,1,Poor,0.8692,89.15,44.58,0.1313,0.03270285860091826,0.017073790490067086,0.939243
15,48,6,2,1,1,Poor,0.8862,93.32,46.66,0.1171,0.0284438880505945,0.02685158227730447,0.934031
15,48,6,2,1,1,Poor,0.8862,93.32,46.66,0.1171,0.0284438880505945,0.02685158227730447,0.939993
18,110,7,1,1,1,Good,0.9714,10.04,5.02,0.0263,0.00713947941898746,0.004317695914283302,0.960094
18,110,7,1,1,1,Good,0.9714,10.04,5.02,0.0263,0.00713947941898746,0.004317695914283302,0.970262
18,104,8,4,3,3,Poor,0.9075,91.7,45.85,0.0965,0.023120800395818986,0.015691158037920854,0.874261
18,104,8,4,3,3,Poor,0.9075,91.7,45.85,0.0965,0.023120800395818986,0.015691158037920854,0.854939
18,79,7,1,0,0,Poor,0.9281,63.43,31.72,0.0759,0.017964047202040062,0.020894810659752027,0.90758
18,79,7,1,0,0,Poor,0.9281,63.43,31.72,0.0759,0.017964047202040062,0.020894810659752027,0.915653
15,53,5,1,1,1,Excellent,0.9906,9.04,4.52,0.0054,0.0023527056523618695,0.0022282370003751653,0.990779
15,53,5,1,1,1,Excellent,0.9906,9.04,4.52,0.0054,0.0023527056523618695,0.0022282370003751653,0.993604
14,72,8,2,1,1,Poor,0.8795,52.1,26.05,0.1192,0.03013529997965972,0.023425467583560435,0.896036
14,72,8,2,1,1,Poor,0.8795,52.1,26.05,0.1192,0.03013529997965972,0.023425467583560435,0.898981
12,43,7,4,2,2,Average,0.9571,36.62,18.31,0.0451,0.010715167458536373,0.011516813732494717,0.939481
12,43,7,4,2,2,Average,0.9571,36.62,18.31,0.0451,0.010715167458536373,0.011516813732494717,0.938912
20,66,7,6,4,4,Excellent,0.9952,7.64,3.82,0.0054,0.0012047638721396914,0.002040078027512224,0.988227
20,66,7,6,4,4,Excellent,0.9952,7.64,3.82,0.0054,0.0012047638721396914,0.002040078027512224,0.980853
9,45,8,1,0,0,Poor,0.8768,76.46,38.23,0.1246,0.030790467128120363,0.026723839224990296,0.899281
9,45,8,1,0,0,Poor,0.8768,76.46,38.23,0.1246,0.030790467128120363,0.026723839224990296,0.90764
17,53,4,2,0,0,Excellent,0.9909,6.85,3.43,0.0059,0.0022768795502508543,0.0019070685929640078,0.991199
17,53,4,2,0,0,Excellent,0.9909,6.85,3.43,0.0059,0.0022768795502508543,0.0019070685929640078,0.995895
20,60,4,1,0,0,Poor,0.8787,51.17,25.58,0.1176,0.030327771452659802,0.02914902024943107,0.995204
20,60,4,1,0,0,Poor,0.8787,51.17,25.58,0.1176,0.030327771452659802,0.02914902024943107,0.997261
20,86,6,1,0,0,Good,0.9797,13.8,6.9,0.0161,0.005066980112386099,0.006419122308666836,0.977853
20,86,6,1,0,0,Good,0.9797,13.8,6.9,0.0161,0.005066980112386099,0.006419122308666836,0.971116
17,80,8,2,2,2,Good,0.9729,19.41,9.7,0.0257,0.0067668081370435285,0.005041987041066723,0.915506
17,80,8,2,2,2,Good,0.9729,19.41,9.7,0.0257,0.0067668081370435285,0.005041987041066723,0.925323
20,43,4,1,0,0,Poor,0.8752,72.85,36.42,0.1265,0.031193916294234736,0.017069546150596186,0.988801
20,43,4,1,0,0,Poor,0.8752,72.85,36.42,0.1265,0.031193916294234736,0.017069546150596186,0.994909
11,48,8,1,0,0,Excellent,0.9966,5.48,2.74,0.0067,0.001,0.002102851631412706,0.969861
11,48,8,1,0,0,Excellent,0.9966,5.48,2.74,0.0067,0.001,0.002102851631412706,0.97171
18,77,8,4,3,3,Good,0.9829,14.36,7.18,0.0135,0.004282847581846244,0.006772100522444485,0.919448
18,77,8,4,3,3,Good,0.9829,14.36,7.18,0.0135,0.004282847581846244,0.006772100522444485,0.929914
8,27,6,2,1,1,Poor,0.8784,52.67,26.33,0.1266,0.030403400736669417,0.028258192606009595,0.92549
8,27,6,2,1,1,Poor,0.8784,52.67,26.33,0.1266,0.030403400736669417,0.028258192606009595,0.93062
17,78,6,2,1,1,Poor,0.9257,91.67,45.84,0.0736,0.018569634459394607,0.0225869641594312,0.974014
17,78,6,2,1,1,Poor,0.9257,91.67,45.84,0.0736,0.018569634459394607,0.0225869641594312,0.978866
10,26,4,3,3,3,Good,0.986,18.45,9.22,0.0173,0.0035095830074293455,0.005841226475671608,0.996554
10,26,4,3,3,3,Good,0.986,18.45,9.22,0.0173,0.0035095830074293455,0.005841226475671608,0.995863
14,50,7,2,2,2,Excellent,0.9942,7.3,3.65,0.0021,0.001438149224013724,0.002695236636169504,0.952694
14,50,7,2,2,2,Excellent,0.9942,7.3,3.65,0.0021,0.001438149224013724,0.002695236636169504,0.964171
11,42,7,1,0,0,Good,0.9817,19.2,9.6,0.0222,0.004586572310609299,0.006541915261374338,0.95727
11,42,7,1,0,0,Good,0.9817,19.2,9.6,0.0222,0.004586572310609299,0.006541915261374338,0.960662
11,46,7,1,1,1,Good,0.9731,16.89,8.44,0.0243,0.006734457608594702,0.003544998884012872,0.949737
11,46,7,1,1,1,Good,0.9731,16.89,8.44,0.0243,0.006734457608594702,0.003544998884012872,0.96031
8,38,7,2,2,2,Poor,0.8909,97.08,48.54,0.1134,0.027266818165755408,0.02658643488285783,0.94262
8,38,7,2,2,2,Poor,0.8909,97.08,48.54,0.1134,0.027266818165755408,0.02658643488285783,0.945022
21,71,4,1,0,0,Excellent,0.9971,5.29,2.65,0.0035,0.001,0.002396029900805028,0.993499
21,71,4,1,0,0,Excellent,0.9971,5.29,2.65,0.0035,0.001,0.002396029900805028,0.996896
8,28,4,1,1,1,Excellent,0.9914,7.87,3.94,0.0097,0.0021607653949973216,0.002687681011316506,0.995439
8,28,4,1,1,1,Excellent,0.9914,7.87,3.94,0.0097,0.0021607653949973216,0.002687681011316506,0.994565
8,47,7,2,2,2,Excellent,1.0009,8.72,4.36,0.0023,0.001,0.0025878901845304506,0.976751
8,47,7,2,2,2,Excellent,1.0009,8.72,4.36,0.0023,0.001,0.0025878901845304506,0.976733
16,73,8,1,1,1,Excellent,0.9992,5.02,2.51,0.0048,0.001,0.002659954204976175,0.929914
16,73,8,1,1,1,Excellent,0.9992,5.02,2.51,0.0048,0.001,0.002659954204976175,0.912095
15,37,4,3,1,1,Average,0.9624,40.97,20.49,0.0391,0.009405384102874698,0.013379590068309723,0.988104
15,37,4,3,1,1,Average,0.9624,40.97,20.49,0.0391,0.009405384102874698,0.013379590068309723,0.988174
12,55,7,2,1,1,Poor,0.8802,67.23,33.62,0.1176,0.029955987354743807,0.022083260912372667,0.886861
12,55,7,2,1,1,Poor,0.8802,67.23,33.62,0.1176,0.029955987354743807,0.022083260912372667,0.894692
19,41,4,1,1,1,Excellent,0.9922,9.8,4.9,0.0079,0.0019459028317640459,0.0012825013544768722,0.993539
19,41,4,1,1,1,Excellent,0.9922,9.8,4.9,0.0079,0.0019459028317640459,0.0012825013544768722,0.993955
12,72,7,1,1,1,Average,0.9707,44.33,22.16,0.0333,0.007322183271541383,0.01280282287439383,0.962925
12,72,7,1,1,1,Average,0.9707,44.33,22.16,0.0333,0.007322183271541383,0.01280282287439383,0.97277
16,94,6,1,0,0,Excellent,0.9939,5.77,2.88,0.0077,0.0015267384043095023,0.0018065633806851364,0.981273
16,94,6,1,0,0,Excellent,0.9939,5.77,2.88,0.0077,0.0015267384043095023,0.0018065633806851364,0.977952
8,23,5,1,1,1,Poor,0.9167,94.62,47.31,0.0871,0.020812593418786107,0.026860018118661497,0.964437
8,23,5,1,1,1,Poor,0.9167,94.62,47.31,0.0871,0.020812593418786107,0.026860018118661497,0.969975
20,69,6,2,1,1,Average,0.9322,35.72,17.86,0.0653,0.016958198043667355,0.013970856900119557,0.983387
20,69,6,2,1,1,Average,0.9322,35.72,17.86,0.0653,0.016958198043667355,0.013970856900119557,0.975233
7,33,8,1,1,1,Poor,0.851,93.1,46.55,0.1483,0.03724171762031395,0.026179978746466367,0.93129
7,33,8,1,1,1,Poor,0.851,93.1,46.55,0.1483,0.03724171762031395,0.026179978746466367,0.933885
13,57,8,4,4,4,Average,0.9328,46.73,23.36,0.0672,0.01680103983678924,0.011377299744107706,0.9171
13,57,8,4,4,4,Average,0.9328,46.73,23.36,0.0672,0.01680103983678924,0.011377299744107706,0.921761
16,63,5,1,1,1,Good,0.9744,13.83,6.91,0.0296,0.006387601848039132,0.006876188750559379,0.991415
16,63,5,1,1,1,Good,0.9744,13.83,6.91,0.0296,0.006387601848039132,0.006876188750559379,0.993699
14,77,7,1,0,0,Excellent,0.9939,6.97,3.48,0.0045,0.0015335552444203648,0.0011601232493552874,0.953533
14,77,7,1,0,0,Excellent,0.9939,6.97,3.48,0.0045,0.0015335552444203648,0.0011601232493552874,0.962338
11,57,7,1,0,0,Good,0.9705,15.65,7.82,0.0246,0.007371599749759511,0.00313605721416599,0.973658
11,57,7,1,0,0,Good,0.9705,15.65,7.82,0.0246,0.007371599749759511,0.00313605721416599,0.969044
18,79,7,2,1,1,Excellent,0.9896,8.01,4.0,0.0069,0.0026108846383273987,0.0026108826144774547,0.962547
18,79,7,2,1,1,Excellent,0.9896,8.01,4.0,0.0069,0.0026108846383273987,0.0026108826144774547,0.967238
18,104,7,3,0,0,Excellent,0.9996,8.43,4.22,0.0018,0.001,0.0018122458117766195,0.968472
18,104,7,3,0,0,Excellent,0.9996,8.43,4.22,0.0018,0.001,0.0018122458117766195,0.962796
17,57,6,3,1,1,Excellent,0.994,5.05,2.53,0.0086,0.0015009625927586978,0.0023992720830287462,0.982557
17,57,6,3,1,1,Excellent,0.994,5.05,2.53,0.0086,0.0015009625927586978,0.0023992720830287462,0.983583
9,35,6,1,1,1,Average,0.9381,26.44,13.22,0.0588,0.015487010605921975,0.014028062304677041,0.965619
9,35,6,1,1,1,Average,0.9381,26.44,13.22,0.0588,0.015487010605921975,0.014028062304677041,0.959581
14,60,8,5,4,4,Poor,0.8759,81.69,40.84,0.1194,0.03102272760644953,0.019237793241868827,0.89041
14,60,8,5,4,4,Poor,0.8759,81.69,40.84,0.1194,0.03102272760644953,0.019237793241868827,0.908995
12,45,7,2,1,1,Good,0.9833,14.64,7.32,0.021,0.004176846849642146,0.0058331879598845105,0.98102
12,45,7,2,1,1,Good,0.9833,14.64,7.32,0.021,0.004176846849642146,0.0058331879598845105,0.982046
17,73,8,3,2,2,Excellent,0.9966,9.57,4.78,0.0067,0.001,0.0010962889940995387,0.928478
17,73,8,3,2,2,Excellent,0.9966,9.57,4.78,0.0067,0.001,0.0010962889940995387,0.927398
15,70,7,1,0,0,Good,0.9697,19.7,9.85,0.0255,0.007583794710030262,0.005760117497958612,0.958463
15,70,7,1,0,0,Good,0.9697,19.7,9.85,0.0255,0.007583794710030262,0.005760117497958612,0.963133
9,42,8,3,1,1,Excellent,0.9941,6.39,3.19,0.0013,0.0014865594554580863,0.0014290259246290957,0.98646
9,42,8,3,1,1,Excellent,0.9941,6.39,3.19,0.0013,0.0014865594554580863,0.0014290259246290957,0.982035
8,18,4,1,1,1,Average,0.9382,38.81,19.4,0.0664,0.015460043422017261,0.014923885205622985,0.970558
8,18,4,1,1,1,Average,0.9382,38.81,19.4,0.0664,0.015460043422017261,0.014923885205622985,0.976854
17,74,8,3,1,1,Average,0.959,42.8,21.4,0.0397,0.010251810270383688,0.011536657651690698,0.915507
17,74,8,3,1,1,Average,0.959,42.8,21.4,0.0397,0.010251810270383688,0.011536657651690698,0.897411
7,21,5,1,1,1,Average,0.9677,31.64,15.82,0.0313,0.008063683943330235,0.01089514217194286,0.985794
7,21,5,1,1,1,Average,0.9677,31.64,15.82,0.0313,0.008063683943330235,0.01089514217194286,0.985266
19,97,8,3,1,1,Excellent,0.9955,5.37,2.68,0.0039,0.0011190626628627687,0.0015255358672751312,0.922154
19,97,8,3,1,1,Excellent,0.9955,5.37,2.68,0.0039,0.0011190626628627687,0.0015255358672751312,0.922474
21,80,5,1,1,1,Average,0.9689,40.83,20.42,0.035,0.007778655270304691,0.008742431680095933,0.986672
21,80,5,1,1,1,Average,0.9689,40.83,20.42,0.035,0.007778655270304691,0.008742431680095933,0.980749
15,43,5,1,0,0,Average,0.9302,37.43,18.72,0.0685,0.017444379945924765,0.008800226391584348,0.963668
15,43,5,1,0,0,Average,0.9302,37.43,18.72,0.0685,0.017444379945924765,0.008800226391584348,0.957152
11,48,7,2,1,1,Average,0.9626,29.84,14.92,0.0387,0.009347454314954234,0.01362753814524735,0.937529
11,48,7,2,1,1,Average,0.9626,29.84,14.92,0.0387,0.009347454314954234,0.01362753814524735,0.940962
18,59,5,1,1,1,Average,0.9309,27.65,13.83,0.066,0.01727932723758338,0.007846142915450246,0.992848
18,59,5,1,1,1,Average,0.9309,27.65,13.83,0.066,0.01727932723758338,0.007846142915450246,0.987552
13,44,6,2,1,1,Excellent,0.991,8.19,4.09,0.0096,0.0022582234186583894,0.001828009076572012,0.990832
13,44,6,2,1,1,Excellent,0.991,8.19,4.09,0.0096,0.0022582234186583894,0.001828009076572012,0.991397
18,120,7,1,0,0,Poor,0.9234,61.0,30.5,0.0809,0.01915282565958118,0.019223848308963853,0.962494
18,120,7,1,0,0,Poor,0.9234,61.0,30.5,0.0809,0.01915282565958118,0.019223848308963853,0.969297
20,94,6,3,1,1,Average,0.9314,45.72,22.86,0.0644,0.01713772042790951,0.011747352703627744,0.979004
20,94,6,3,1,1,Average,0.9314,45.72,22.86,0.0644,0.01713772042790951,0.011747352703627744,0.985819
19,124,8,1,0,0,Average,0.9727,25.02,12.51,0.0319,0.006831133944552703,0.00892215510720493,0.917558
19,124,8,1,0,0,Average,0.9727,25.02,12.51,0.0319,0.006831133944552703,0.00892215510720493,0.915755
17,64,6,2,1,1,Good,0.9804,10.78,5.39,0.0192,0.0049013004838801555,0.003098656436649056,0.985167
17,64,6,2,1,1,Good,0.9804,10.78,5.39,0.0192,0.0049013004838801555,0.003098656436649056,0.982556
10,52,8,1,1,1,Excellent,1.0019,9.54,4.77,0.0011,0.001,0.0026837074482754268,0.930802
10,52,8,1,1,1,Excellent,1.0019,9.54,4.77,0.0011,0.001,0.0026837074482754268,0.913603
11,39,7,2,2,2,Excellent,0.9955,8.24,4.12,0.0061,0.001119352943350388,0.0011350503318394965,0.974004
11,39,7,2,2,2,Excellent,0.9955,8.24,4.12,0.0061,0.001119352943350388,0.0011350503318394965,0.971449
21,91,8,1,0,0,Excellent,0.9937,8.43,4.22,0.0057,0.0015795213540652497,0.002545605109811791,0.91069
21,91,8,1,0,0,Excellent,0.9937,8.43,4.22,0.0057,0.0015795213540652497,0.002545605109811791,0.917935
19,134,8,1,1,1,Good,0.9839,15.36,7.68,0.0166,0.004035075959170659,0.005921320098297038,0.920085
19,134,8,1,1,1,Good,0.9839,15.36,7.68,0.0166,0.004035075959170659,0.005921320098297038,0.918701
18,40,4,1,1,1,Excellent,0.9952,8.54,4.27,0.0075,0.00119321462982791,0.002834335703199106,0.993878
18,40,4,1,1,1,Excellent,0.9952,8.54,4.27,0.0075,0.00119321462982791,0.002834335703199106,0.997029
12,60,7,2,1,1,Excellent,1.0007,7.74,3.87,0.0038,0.001,0.002017040638753993,0.96536
12,60,7,2,1,1,Excellent,1.0007,7.74,3.87,0.0038,0.001,0.002017040638753993,0.967625
21,103,8,4,1,1,Good,0.9891,18.04,9.02,0.0155,0.002726942538867322,0.004243966962880869,0.911146
21,103,8,4,1,1,Good,0.9891,18.04,9.02,0.0155,0.002726942538867322,0.004243966962880869,0.924451
21,59,5,2,1,1,Good,0.9836,10.01,5.01,0.0136,0.00410378270758982,0.004178182170887428,0.993206
21,59,5,2,1,1,Good,0.9836,10.01,5.01,0.0136,0.00410378270758982,0.004178182170887428,0.990451
13,38,5,2,2,2,Good,0.9844,16.62,8.31,0.0131,0.0038975302508033605,0.004109697231016892,0.992486
13,38,5,2,2,2,Good,0.9844,16.62,8.31,0.0131,0.0038975302508033605,0.004109697231016892,0.984999
19,42,4,2,2,2,Average,0.9436,37.32,18.66,0.0584,0.01410264988941931,0.012385010071190177,0.991424
19,42,4,2,2,2,Average,0.9436,37.32,18.66,0.0584,0.01410264988941931,0.012385010071190177,0.981103
12,26,4,1,1,1,Excellent,0.9893,6.38,3.19,0.0071,0.0026628160565506653,0.002704750614333161,0.997331
12,26,4,1,1,1,Excellent,0.9893,6.38,3.19,0.0071,0.0026628160565506653,0.002704750614333161,0.99332
17,72,7,4,3,3,Good,0.9867,16.95,8.48,0.0121,0.003333850312410791,0.0037758531880804544,0.956176
17,72,7,4,3,3,Good,0.9867,16.95,8.48,0.0121,0.003333850312410791,0.0037758531880804544,0.961938
18,58,6,2,1,1,Good,0.9659,10.03,5.01,0.0297,0.008528203113103705,0.0058609892962291,0.979581
18,58,6,2,1,1,Good,0.9659,10.03,5.01,0.0297,0.008528203113103705,0.0058609892962291,0.982699
20,104,7,1,0,0,Poor,0.8537,67.79,33.9,0.1422,0.03657198278355214,0.023059036086229043,0.935685
20,104,7,1,0,0,Poor,0.8537,67.79,33.9,0.1422,0.03657198278355214,0.023059036086229043,0.933806
11,27,4,1,1,1,Excellent,0.993,7.08,3.54,0.0088,0.001744181678344947,0.0024845927070681383,0.98286
11,27,4,1,1,1,Excellent,0.993,7.08,3.54,0.0088,0.001744181678344947,0.0024845927070681383,0.987339
12,33,5,1,1,1,Excellent,0.9972,9.72,4.86,0.0003,0.001,0.0029307218006532497,0.993566
12,33,5,1,1,1,Excellent,0.9972,9.72,4.86,0.0003,0.001,0.0029307218006532497,0.992364
8,36,5,1,1,1,Good,0.9767,19.39,9.69,0.0184,0.005814017550509587,0.0032235083391336347,0.997116
8,36,5,1,1,1,Good,0.9767,19.39,9.69,0.0184,0.005814017550509587,0.0032235083391336347,0.993944
18,75,7,2,0,0,Poor,0.8552,97.7,48.85,0.1402,0.0361888106119676,0.018508018221753783,0.908206
18,75,7,2,0,0,Poor,0.8552,97.7,48.85,0.1402,0.0361888106119676,0.018508018221753783,0.89901
10,58,7,1,1,1,Excellent,0.9906,7.85,3.93,0.008,0.002355327662677431,0.0011208891168713075,0.976309
10,58,7,1,1,1,Excellent,0.9906,7.85,3.93,0.008,0.002355327662677431,0.0011208891168713075,0.980443
20,69,4,2,1,1,Poor,0.9124,69.58,34.79,0.0857,0.021911519577246213,0.02655315356573811,0.993785
20,69,4,2,1,1,Poor,0.9124,69.58,34.79,0.0857,0.021911519577246213,0.02655315356573811,0.994887
19,50,5,2,1,1,Average,0.9429,20.26,10.13,0.0559,0.014279910274796165,0.010628922712193295,0.991892
19,50,5,2,1,1,Average,0.9429,20.26,10.13,0.0559,0.014279910274796165,0.010628922712193295,0.986483
11,26,5,1,1,1,Poor,0.8556,56.73,28.37,0.1406,0.03609760613336649,0.019432765688969657,0.965404
11,26,5,1,1,1,Poor,0.8556,56.73,28.37,0.1406,0.03609760613336649,0.019432765688969657,0.967777
19,71,5,2,1,1,Good,0.9796,19.2,9.6,0.0248,0.0050921240455005234,0.0052192210464306575,0.989161
19,71,5,2,1,1,Good,0.9796,19.2,9.6,0.0248,0.0050921240455005234,0.0052192210464306575,0.990049
14,63,6,1,1,1,Good,0.9798,11.01,5.51,0.0203,0.0050403401640070344,0.006545137374250882,0.986633
14,63,6,1,1,1,Good,0.9798,11.01,5.51,0.0203,0.0050403401640070344,0.006545137374250882,0.984255
9,40,8,1,0,0,Poor,0.9089,57.38,28.69,0.0892,0.022774204348910587,0.027309909169884298,0.877237
9,40,8,1,0,0,Poor,0.9089,57.38,28.69,0.0892,0.022774204348910587,0.027309909169884298,0.895852
18,38,4,1,1,1,Average,0.9507,26.62,13.31,0.0524,0.012334561312867698,0.014098892458318347,0.985884
18,38,4,1,1,1,Average,0.9507,26.62,13.31,0.0524,0.012334561312867698,0.014098892458318347,0.990452
17,50,5,1,0,0,Excellent,0.9951,6.82,3.41,0.0024,0.0012258191027524068,0.0028984703898773624,0.994254
17,50,5,1,0,0,Excellent,0.9951,6.82,3.41,0.0024,0.0012258191027524068,0.0028984703898773624,0.988501
21,74,6,3,1,1,Poor,0.8493,51.4,25.7,0.1484,0.037685066450021204,0.027953506536808365,0.958679
21,74,6,3,1,1,Poor,0.8493,51.4,25.7,0.1484,0.037685066450021204,0.027953506536808365,0.953773
14,81,7,1,0,0,Poor,0.8946,66.54,33.27,0.1063,0.026353561906123646,0.028423717363240418,0.961456
14,81,7,1,0,0,Poor,0.8946,66.54,33.27,0.1063,0.026353561906123646,0.028423717363240418,0.955344
19,64,5,1,1,1,Average,0.9281,36.93,18.46,0.0696,0.017984145768656534,0.01009327381439169,0.992837
19,64,5,1,1,1,Average,0.9281,36.93,18.46,0.0696,0.017984145768656534,0.01009327381439169,0.989929
19,58,4,1,0,0,Good,0.9842,19.06,9.53,0.0125,0.003939657803902402,0.004142202835379216,0.995491
19,58,4,1,0,0,Good,0.9842,19.06,9.53,0.0125,0.003939657803902402,0.004142202835379216,0.994013
16,75,8,3,1,1,Average,0.9343,35.24,17.62,0.0626,0.016434247542290836,0.010192807650324378,0.918844
16,75,8,3,1,1,Average,0.9343,35.24,17.62,0.0626,0.016434247542290836,0.010192807650324378,0.89424
18,77,6,3,3,3,Poor,0.8904,65.1,32.55,0.1057,0.02740158156678718,0.028839569453842466,0.953185
18,77,6,3,3,3,Poor,0.8904,65.1,32.55,0.1057,0.02740158156678718,0.028839569453842466,0.936378
20,43,4,3,2,2,Average,0.9575,24.1,12.05,0.0447,0.010635916097446851,0.01489839304200789,0.995574
20,43,4,3,2,2,Average,0.9575,24.1,12.05,0.0447,0.010635916097446851,0.01489839304200789,0.992367
11,38,6,2,1,1,Poor,0.8604,56.13,28.06,0.1351,0.034891156727254874,0.025015467809921907,0.909428
11,38,6,2,1,1,Poor,0.8604,56.13,28.06,0.1351,0.034891156727254874,0.025015467809921907,0.897289
12,55,6,2,2,2,Good,0.986,17.93,8.96,0.0131,0.003498425559426477,0.0034653757304250426,0.976329
12,55,6,2,2,2,Good,0.986,17.93,8.96,0.0131,0.003498425559426477,0.0034653757304250426,0.975476
15,81,6,1,1,1,Good,0.9895,17.18,8.59,0.0111,0.0026127545813650344,0.0038800428705747566,0.97975
15,81,6,1,1,1,Good,0.9895,17.18,8.59,0.0111,0.0026127545813650344,0.0038800428705747566,0.989853
13,71,7,2,1,1,Excellent,0.9884,9.81,4.9,0.0068,0.002906494119645636,0.002068315813625106,0.971797
13,71,7,2,1,1,Excellent,0.9884,9.81,4.9,0.0068,0.002906494119645636,0.002068315813625106,0.960727
21,45,4,2,2,2,Average,0.9605,47.59,23.8,0.0357,0.0098702693478816,0.00994688270866212,0.99306
21,45,4,2,2,2,Average,0.9605,47.59,23.8,0.0357,0.0098702693478816,0.00994688270866212,0.994354
20,121,8,1,0,0,Excellent,0.9926,9.58,4.79,0.0056,0.0018466143519512146,0.0014182305241040602,0.929427
20,121,8,1,0,0,Excellent,0.9926,9.58,4.79,0.0056,0.0018466143519512146,0.0014182305241040602,0.926888
21,49,4,3,1,1,Good,0.9882,16.43,8.21,0.0133,0.002947741352126554,0.006263471534153981,0.992527
21,49,4,3,1,1,Good,0.9882,16.43,8.21,0.0133,0.002947741352126554,0.006263471534153981,0.988953
20,122,7,2,1,1,Good,0.9802,15.77,7.89,0.018,0.004941740500874814,0.0037532011030608175,0.964181
20,122,7,2,1,1,Good,0.9802,15.77,7.89,0.018,0.004941740500874814,0.0037532011030608175,0.965619
6,25,7,2,1,1,Excellent,1.0027,6.39,3.2,0.0006,0.001,0.002850000750470044,0.983162
6,25,7,2,1,1,Excellent,1.0027,6.39,3.2,0.0006,0.001,0.002850000750470044,0.983115
7,25,6,1,0,0,Excellent,1.002,5.13,2.56,0.0015,0.001,0.00135636280073953,0.9897
7,25,6,1,0,0,Excellent,1.002,5.13,2.56,0.0015,0.001,0.00135636280073953,0.989401
8,27,5,2,0,0,Average,0.9549,25.59,12.79,0.0485,0.011264442293064836,0.00855894041776151,0.983905
8,27,5,2,0,0,Average,0.9549,25.59,12.79,0.0485,0.011264442293064836,0.00855894041776151,0.988368
6,24,7,1,1,1,Average,0.95,26.8,13.4,0.0529,0.012507241100925603,0.013153915042786183,0.956679
6,24,7,1,1,1,Average,0.95,26.8,13.4,0.0529,0.012507241100925603,0.013153915042786183,0.955233
18,70,5,1,0,0,Excellent,0.9937,7.47,3.74,0.0016,0.0015734902342776358,0.0012432462602572979,0.993166
18,70,5,1,0,0,Excellent,0.9937,7.47,3.74,0.0016,0.0015734902342776358,0.0012432462602572979,0.994591
18,84,8,2,2,2,Good,0.9909,19.06,9.53,0.0105,0.0022717565859738387,0.005302453926988075,0.940095
18,84,8,2,2,2,Good,0.9909,19.06,9.53,0.0105,0.0022717565859738387,0.005302453926988075,0.948011
10,38,6,3,0,0,Average,0.9598,48.99,24.5,0.0441,0.01003936062472277,0.012274191062622399,0.981196
10,38,6,3,0,0,Average,0.9598,48.99,24.5,0.0441,0.01003936062472277,0.012274191062622399,0.982227
11,43,5,2,0,0,Good,0.974,16.4,8.2,0.0254,0.006497554265009697,0.0057972420637592255,0.99437
11,43,5,2,0,0,Good,0.974,16.4,8.2,0.0254,0.006497554265009697,0.0057972420637592255,0.993688
15,56,4,1,1,1,Average,0.9456,45.59,22.79,0.0576,0.013591135104737584,0.013253698398566046,0.995044
15,56,4,1,1,1,Average,0.9456,45.59,22.79,0.0576,0.013591135104737584,0.013253698398566046,0.984257
17,61,5,2,1,1,Good,0.9774,11.29,5.65,0.0185,0.005648365194841604,0.004400032281040933,0.99065
17,61,5,2,1,1,Good,0.9774,11.29,5.65,0.0185,0.005648365194841604,0.004400032281040933,0.994355
21,60,4,1,1,1,Poor,0.9308,54.58,27.29,0.0739,0.01728879067954983,0.01568342512601435,0.99642
21,60,4,1,1,1,Poor,0.9308,54.58,27.29,0.0739,0.01728879067954983,0.01568342512601435,0.99404
18,77,5,1,0,0,Poor,0.9204,89.4,44.7,0.0797,0.019901697417888886,0.01737592386041934,0.962225
18,77,5,1,0,0,Poor,0.9204,89.4,44.7,0.0797,0.019901697417888886,0.01737592386041934,0.961588
9,28,4,2,2,2,Excellent,0.9944,7.46,3.73,0.0016,0.0013904855966978547,0.0022896123207408452,0.997221
9,28,4,2,2,2,Excellent,0.9944,7.46,3.73,0.0016,0.0013904855966978547,0.0022896123207408452,0.995951
13,94,8,2,2,2,Good,0.9707,17.06,8.53,0.0293,0.00733579965404868,0.006175023282820418,0.955947
13,94,8,2,2,2,Good,0.9707,17.06,8.53,0.0293,0.00733579965404868,0.006175023282820418,0.95175
14,74,8,1,1,1,Poor,0.9066,73.92,36.96,0.0959,0.02335185783502225,0.016965361961552718,0.937617
14,74,8,1,1,1,Poor,0.9066,73.92,36.96,0.0959,0.02335185783502225,0.016965361961552718,0.929904
12,37,5,2,1,1,Good,0.9889,11.42,5.71,0.0132,0.002776751896942542,0.0030675493071895964,0.993316
12,37,5,2,1,1,Good,0.9889,11.42,5.71,0.0132,0.002776751896942542,0.0030675493071895964,0.991761
10,39,6,3,1,1,Average,0.9456,36.81,18.4,0.0568,0.013602112752686885,0.008234263999304468,0.911997
10,39,6,3,1,1,Average,0.9456,36.81,18.4,0.0568,0.013602112752686885,0.008234263999304468,0.896902
18,42,4,1,1,1,Good,0.9795,18.33,9.17,0.0227,0.005122009033373065,0.006457972997389377,0.992277
18,42,4,1,1,1,Good,0.9795,18.33,9.17,0.0227,0.005122009033373065,0.006457972997389377,0.99498
8,22,5,1,0,0,Excellent,0.9991,7.66,3.83,0.0027,0.001,0.0019835526090231496,0.993213
8,22,5,1,0,0,Excellent,0.9991,7.66,3.83,0.0027,0.001,0.0019835526090231496,0.990867
13,39,4,1,1,1,Excellent,1.0004,7.43,3.71,0.0032,0.001,0.0028995557919873367,0.99381
13,39,4,1,1,1,Excellent,1.0004,7.43,3.71,0.0032,0.001,0.0028995557919873367,0.995239
11,61,7,1,0,0,Poor,0.8872,83.05,41.53,0.1107,0.028207300186388007,0.02098944707541599,0.936689
11,61,7,1,0,0,Poor,0.8872,83.05,41.53,0.1107,0.028207300186388007,0.02098944707541599,0.935442
21,100,8,4,3,3,Average,0.9552,31.58,15.79,0.0426,0.011196187569410265,0.01080915117532211,0.89491
21,100,8,4,3,3,Average,0.9552,31.58,15.79,0.0426,0.011196187569410265,0.01080915117532211,0.875266
8,33,6,1,1,1,Good,0.9755,19.37,9.68,0.0232,0.006127722580881928,0.004712476252834618,0.978304
8,33,6,1,1,1,Good,0.9755,19.37,9.68,0.0232,0.006127722580881928,0.004712476252834618,0.977951
8,29,6,1,1,1,Excellent,0.9892,7.83,3.92,0.0092,0.0026902277086541526,0.0018565304170790192,0.977505
8,29,6,1,1,1,Excellent,0.9892,7.83,3.92,0.0092,0.0026902277086541526,0.0018565304170790192,0.974151
18,88,8,2,2,2,Good,0.9809,15.91,7.95,0.019,0.0047626685302051,0.006219414180066072,0.915966
18,88,8,2,2,2,Good,0.9809,15.91,7.95,0.019,0.0047626685302051,0.006219414180066072,0.906665
10,27,4,1,1,1,Excellent,0.9922,6.27,3.13,0.0043,0.0019407527020151027,0.0010298178653586005,0.994807
10,27,4,1,1,1,Excellent,0.9922,6.27,3.13,0.0043,0.0019407527020151027,0.0010298178653586005,0.995069
21,147,8,1,1,1,Excellent,0.9899,5.68,2.84,0.0066,0.0025299031246886483,0.0011465832135200613,0.93166
21,147,8,1,1,1,Excellent,0.9899,5.68,2.84,0.0066,0.0025299031246886483,0.0011465832135200613,0.929035
13,38,5,2,1,1,Poor,0.88,95.3,47.65,0.1196,0.029999190470134635,0.023497942423142446,0.987131
13,38,5,2,1,1,Poor,0.88,95.3,47.65,0.1196,0.029999190470134635,0.023497942423142446,0.982649
18,104,7,1,0,0,Excellent,0.9919,7.83,3.92,0.0052,0.0020190010108123158,0.0013299473736638194,0.956384
18,104,7,1,0,0,Excellent,0.9919,7.83,3.92,0.0052,0.0020190010108123158,0.0013299473736638194,0.959535
21,84,7,2,1,1,Good,0.9807,10.8,5.4,0.022,0.004833482518509125,0.0035274064373329015,0.962253
21,84,7,2,1,1,Good,0.9807,10.8,5.4,0.022,0.004833482518509125,0.0035274064373329015,0.955163
16,69,7,1,1,1,Poor,0.8937,82.44,41.22,0.1036,0.026564053371151447,0.024561036892529878,0.920903
16,69,7,1,1,1,Poor,0.8937,82.44,41.22,0.1036,0.026564053371151447,0.024561036892529878,0.938423
15,64,5,1,0,0,Good,0.9909,11.15,5.58,0.0118,0.002283569087790316,0.004315262684487304,0.990679
15,64,5,1,0,0,Good,0.9909,11.15,5.58,0.0118,0.002283569087790316,0.004315262684487304,0.989094
16,88,8,5,3,3,Good,0.9837,12.33,6.17,0.0129,0.00407730972339046,0.005344374032892379,0.912337
16,88,8,5,3,3,Good,0.9837,12.33,6.17,0.0129,0.00407730972339046,0.005344374032892379,0.934374
14,79,7,1,1,1,Average,0.956,36.89,18.45,0.0482,0.011006796023139198,0.010839503527098159,0.962364
14,79,7,1,1,1,Average,0.956,36.89,18.45,0.0482,0.011006796023139198,0.010839503527098159,0.954956
15,68,7,1,0,0,Average,0.9395,36.34,18.17,0.0605,0.015134123514222358,0.009381951008581867,0.958347
15,68,7,1,0,0,Average,0.9395,36.34,18.17,0.0605,0.015134123514222358,0.009381951008581867,0.95291
20,80,7,2,1,1,Average,0.9696,46.54,23.27,0.0336,0.007599729513336956,0.010085255377920054,0.954242
20,80,7,2,1,1,Average,0.9696,46.54,23.27,0.0336,0.007599729513336956,0.010085255377920054,0.957168
19,64,6,1,0,0,Excellent,0.9919,6.28,3.14,0.0033,0.0020189307001665102,0.0014885278396755952,0.977717
19,64,6,1,0,0,Excellent,0.9919,6.28,3.14,0.0033,0.0020189307001665102,0.0014885278396755952,0.985322
19,69,6,2,1,1,Good,0.9773,19.63,9.81,0.0188,0.005682122246835841,0.005539958940906305,0.983299
19,69,6,2,1,1,Good,0.9773,19.63,9.81,0.0188,0.005682122246835841,0.005539958940906305,0.978053
18,76,8,7,5,5,Good,0.9877,13.21,6.61,0.011,0.0030703225135035594,0.004863806596965069,0.920359
18,76,8,7,5,5,Good,0.9877,13.21,6.61,0.011,0.0030703225135035594,0.004863806596965069,0.921525
17,60,6,2,1,1,Excellent,0.9975,5.81,2.9,0.0016,0.001,0.00141274013260851,0.983941
17,60,6,2,1,1,Excellent,0.9975,5.81,2.9,0.0016,0.001,0.00141274013260851,0.988098
15,81,8,5,3,3,Average,0.9539,38.35,19.18,0.0439,0.011532577001982652,0.012259672846473725,0.915148
15,81,8,5,3,3,Average,0.9539,38.35,19.18,0.0439,0.011532577001982652,0.012259672846473725,0.908942
14,81,6,1,0,0,Average,0.9553,42.36,21.18,0.0423,0.011180420854139755,0.007583951460820861,0.978982
14,81,6,1,0,0,Average,0.9553,42.36,21.18,0.0423,0.011180420854139755,0.007583951460820861,0.983733
13,88,8,2,1,1,Average,0.9492,28.27,14.14,0.048,0.012692866633933708,0.01404734023032422,0.930961
13,88,8,2,1,1,Average,0.9492,28.27,14.14,0.048,0.012692866633933708,0.01404734023032422,0.931533
19,103,8,1,0,0,Good,0.9848,16.05,8.03,0.0195,0.0037971920562640815,0.006953308688867673,0.918638
19,103,8,1,0,0,Good,0.9848,16.05,8.03,0.0195,0.0037971920562640815,0.006953308688867673,0.920443
20,57,4,1,1,1,Good,0.9901,10.61,5.31,0.0135,0.0024656322738444425,0.006046734870772116,0.996042
20,57,4,1,1,1,Good,0.9901,10.61,5.31,0.0135,0.0024656322738444425,0.006046734870772116,0.993428
16,70,7,2,1,1,Average,0.9462,46.98,23.49,0.0507,0.013453930189906177,0.012042378050670348,0.890507
16,70,7,2,1,1,Average,0.9462,46.98,23.49,0.0507,0.013453930189906177,0.012042378050670348,0.91488
21,69,6,2,2,2,Good,0.9849,18.59,9.3,0.0125,0.00376722008109881,0.003171642938309051,0.977543
21,69,6,2,2,2,Good,0.9849,18.59,9.3,0.0125,0.00376722008109881,0.003171642938309051,0.983674
19,77,6,2,0,0,Average,0.9697,31.45,15.72,0.0326,0.00758204668727866,0.008787568543349118,0.971486
19,77,6,2,0,0,Average,0.9697,31.45,15.72,0.0326,0.00758204668727866,0.008787568543349118,0.969402
16,75,7,2,0,0,Poor,0.8886,93.22,46.61,0.1123,0.027838036273871075,0.017854718789171505,0.909385
16,75,7,2,0,0,Poor,0.8886,93.22,46.61,0.1123,0.027838036273871075,0.017854718789171505,0.910288
16,72,8,1,0,0,Poor,0.8849,98.19,49.1,0.1144,0.028781934446627494,0.027092466437691594,0.906641
16,72,8,1,0,0,Poor,0.8849,98.19,49.1,0.1144,0.028781934446627494,0.027092466437691594,0.916158
12,52,8,1,0,0,Excellent,0.9944,6.31,3.15,0.0036,0.0014053789407647843,0.001518749813672348,0.934524
12,52,8,1,0,0,Excellent,0.9944,6.31,3.15,0.0036,0.0014053789407647843,0.001518749813672348,0.949466
18,78,6,2,0,0,Poor,0.9285,61.06,30.53,0.0758,0.01786320757568885,0.02326095100913047,0.927955
18,78,6,2,0,0,Poor,0.9285,61.06,30.53,0.0758,0.01786320757568885,0.02326095100913047,0.94356
19,50,5,1,1,1,Good,0.9705,19.33,9.66,0.0248,0.007370594747615755,0.0039946441410452956,0.984086
19,50,5,1,1,1,Good,0.9705,19.33,9.66,0.0248,0.007370594747615755,0.0039946441410452956,0.986524
20,89,6,1,0,0,Average,0.9553,25.49,12.75,0.0463,0.011175716495585963,0.007149732548073401,0.97573
20,89,6,1,0,0,Average,0.9553,25.49,12.75,0.0463,0.011175716495585963,0.007149732548073401,0.973476
20,76,5,1,0,0,Poor,0.8776,75.22,37.61,0.1255,0.03061043807753072,0.020943675910841404,0.985285
20,76,5,1,0,0,Poor,0.8776,75.22,37.61,0.1255,0.03061043807753072,0.020943675910841404,0.986737
6,36,8,1,0,0,Excellent,0.9955,7.76,3.88,0.009,0.001130164309171039,0.0016275851385407986,0.940832
6,36,8,1,0,0,Excellent,0.9955,7.76,3.88,0.009,0.001130164309171039,0.0016275851385407986,0.934743
7,34,7,1,0,0,Good,0.9784,18.86,9.43,0.0231,0.005402510082659823,0.006889115616300569,0.976307
7,34,7,1,0,0,Good,0.9784,18.86,9.43,0.0231,0.005402510082659823,0.006889115616300569,0.980529
15,41,4,2,2,2,Good,0.9861,18.41,9.21,0.0112,0.0034712745207132745,0.0061757568654827785,0.987191
15,41,4,2,2,2,Good,0.9861,18.41,9.21,0.0112,0.0034712745207132745,0.0061757568654827785,0.996742
11,28,5,2,1,1,Average,0.956,32.66,16.33,0.0435,0.01101226534644309,0.009694192751040024,0.984311
11,28,5,2,1,1,Average,0.956,32.66,16.33,0.0435,0.01101226534644309,0.009694192751040024,0.987163
12,44,5,1,1,1,Good,0.9714,11.33,5.67,0.0299,0.007161060208704856,0.003935092479268291,0.987752
12,44,5,1,1,1,Good,0.9714,11.33,5.67,0.0299,0.007161060208704856,0.003935092479268291,0.986471
16,46,5,1,1,1,Poor,0.9184,78.68,39.34,0.0786,0.02039511467975369,0.015149412367089296,0.957235
16,46,5,1,1,1,Poor,0.9184,78.68,39.34,0.0786,0.02039511467975369,0.015149412367089296,0.970592
14,37,5,2,1,1,Poor,0.9265,73.42,36.71,0.0754,0.01837377124931011,0.025054912816834116,0.951655
14,37,5,2,1,1,Poor,0.9265,73.42,36.71,0.0754,0.01837377124931011,0.025054912816834116,0.946144
20,108,7,1,0,0,Average,0.9731,47.98,23.99,0.0304,0.006717304723771106,0.00813595561837588,0.954181
20,108,7,1,0,0,Average,0.9731,47.98,23.99,0.0304,0.006717304723771106,0.00813595561837588,0.947377
17,62,7,1,0,0,Average,0.9368,27.47,13.74,0.0599,0.01580002603956812,0.012134039543282694,0.954366
17,62,7,1,0,0,Average,0.9368,27.47,13.74,0.0599,0.01580002603956812,0.012134039543282694,0.938372
14,37,5,2,1,1,Poor,0.9254,58.53,29.27,0.0723,0.018653734624712537,0.02876849702940449,0.977804
14,37,5,2,1,1,Poor,0.9254,58.53,29.27,0.0723,0.018653734624712537,0.02876849702940449,0.971365
15,66,5,1,1,1,Poor,0.853,53.41,26.7,0.1478,0.03674028982570282,0.026120983488540715,0.986603
15,66,5,1,1,1,Poor,0.853,53.41,26.7,0.1478,0.03674028982570282,0.026120983488540715,0.983302
20,52,4,2,1,1,Poor,0.9052,66.06,33.03,0.0908,0.023694324990530702,0.026799896079943104,0.996538
20,52,4,2,1,1,Poor,0.9052,66.06,33.03,0.0908,0.023694324990530702,0.026799896079943104,0.994592
11,54,8,3,2,2,Average,0.956,21.5,10.75,0.0444,0.010993547613395105,0.011294583491825888,0.92116
11,54,8,3,2,2,Average,0.956,21.5,10.75,0.0444,0.010993547613395105,0.011294583491825888,0.914194
10,40,6,1,1,1,Good,0.977,14.85,7.43,0.0225,0.005757581476156598,0.006077683894052761,0.970935
10,40,6,1,1,1,Good,0.977,14.85,7.43,0.0225,0.005757581476156598,0.006077683894052761,0.981948
11,34,4,1,1,1,Excellent,0.9946,5.65,2.82,0.0009,0.0013470160003770382,0.0020618317046447038,0.996334
11,34,4,1,1,1,Excellent,0.9946,5.65,2.82,0.0009,0.0013470160003770382,0.0020618317046447038,0.994409
7,42,8,1,0,0,Good,0.9709,16.97,8.48,0.0297,0.0072806037768869125,0.006229369667715227,0.94211
7,42,8,1,0,0,Good,0.9709,16.97,8.48,0.0297,0.0072806037768869125,0.006229369667715227,0.941149
20,43,4,4,2,2,Excellent,0.9971,9.31,4.66,0.0048,0.001,0.002595875496108525,0.994488
20,43,4,4,2,2,Excellent,0.9971,9.31,4.66,0.0048,0.001,0.002595875496108525,0.996512
14,63,8,1,0,0,Average,0.9611,25.35,12.67,0.0427,0.009719020538841827,0.013114544815384863,0.901299
14,63,8,1,0,0,Average,0.9611,25.35,12.67,0.0427,0.009719020538841827,0.013114544815384863,0.890902
9,41,7,1,0,0,Good,0.9763,11.76,5.88,0.0281,0.005913214061346844,0.005993753172592138,0.9677
9,41,7,1,0,0,Good,0.9763,11.76,5.88,0.0281,0.005913214061346844,0.005993753172592138,0.960397
20,128,8,1,1,1,Good,0.9807,11.64,5.82,0.0172,0.004830429340985737,0.003577367845564689,0.910145
20,128,8,1,1,1,Good,0.9807,11.64,5.82,0.0172,0.004830429340985737,0.003577367845564689,0.92082
11,59,7,1,0,0,Poor,0.8728,83.96,41.98,0.1248,0.0318003015573354,0.028186051060935365,0.950542
11,59,7,1,0,0,Poor,0.8728,83.96,41.98,0.1248,0.0318003015573354,0.028186051060935365,0.956916
12,80,7,1,0,0,Good,0.9904,17.4,8.7,0.01,0.002408592469399007,0.0037820080579029523,0.970007
12,80,7,1,0,0,Good,0.9904,17.4,8.7,0.01,0.002408592469399007,0.0037820080579029523,0.963884
15,49,6,2,2,2,Average,0.929,33.28,16.64,0.0662,0.017752131466368642,0.011017626812494864,0.976918
15,49,6,2,2,2,Average,0.929,33.28,16.64,0.0662,0.017752131466368642,0.011017626812494864,0.975115
21,94,8,2,1,1,Average,0.9545,20.35,10.18,0.0486,0.011385150624756313,0.0070825951612103815,0.903838
21,94,8,2,1,1,Average,0.9545,20.35,10.18,0.0486,0.011385150624756313,0.0070825951612103815,0.914029
18,66,6,1,1,1,Average,0.9375,22.14,11.07,0.0606,0.015627832642018002,0.013304182868115366,0.97623
18,66,6,1,1,1,Average,0.9375,22.14,11.07,0.0606,0.015627832642018002,0.013304182868115366,0.98119
21,93,7,1,0,0,Average,0.9328,38.72,19.36,0.0662,0.01679458510688503,0.012077286699887075,0.952198
21,93,7,1,0,0,Average,0.9328,38.72,19.36,0.0662,0.01679458510688503,0.012077286699887075,0.958187
11,48,5,1,0,0,Average,0.9588,32.42,16.21,0.0407,0.01029919825156525,0.010984065084109621,0.99106
11,48,5,1,0,0,Average,0.9588,32.42,16.21,0.0407,0.01029919825156525,0.010984065084109621,0.994699
18,41,4,3,1,1,Average,0.9654,36.28,18.14,0.0357,0.008656132632945929,0.0072222156914543995,0.993648
18,41,4,3,1,1,Average,0.9654,36.28,18.14,0.0357,0.008656132632945929,0.0072222156914543995,0.995326
19,90,6,1,0,0,Good,0.9763,10.42,5.21,0.0218,0.005917550323122023,0.005659362098608357,0.980813
19,90,6,1,0,0,Good,0.9763,10.42,5.21,0.0218,0.005917550323122023,0.005659362098608357,0.975956
18,84,8,6,4,4,Good,0.9829,14.36,7.18,0.0193,0.004265857888839875,0.00361667730348565,0.945705
18,84,8,6,4,4,Good,0.9829,14.36,7.18,0.0193,0.004265857888839875,0.00361667730348565,0.937512
16,38,4,1,1,1,Average,0.9706,38.71,19.35,0.0311,0.007348620482422463,0.009717139488285544,0.993804
16,38,4,1,1,1,Average,0.9706,38.71,19.35,0.0311,0.007348620482422463,0.009717139488285544,0.997285
12,29,5,1,0,0,Excellent,0.9981,6.12,3.06,0.0054,0.001,0.0010872187804074787,0.989749
12,29,5,1,0,0,Excellent,0.9981,6.12,3.06,0.0054,0.001,0.0010872187804074787,0.984035
13,58,8,2,1,1,Good,0.9739,10.64,5.32,0.0228,0.006519880486967278,0.0036073600379932288,0.914623
13,58,8,2,1,1,Good,0.9739,10.64,5.32,0.0228,0.006519880486967278,0.0036073600379932288,0.917487
15,54,6,1,1,1,Excellent,0.9983,8.56,4.28,0.0054,0.001,0.0020868797364407238,0.984488
15,54,6,1,1,1,Excellent,0.9983,8.56,4.28,0.0054,0.001,0.0020868797364407238,0.985066
21,108,8,2,1,1,Poor,0.932,64.9,32.45,0.0707,0.017009782199729234,0.016646029151697266,0.907007
21,108,8,2,1,1,Poor,0.932,64.9,32.45,0.0707,0.017009782199729234,0.016646029151697266,0.901422
7,37,8,1,1,1,Poor,0.9019,65.47,32.73,0.0944,0.024527981023554524,0.02755230251778506,0.93526
7,37,8,1,1,1,Poor,0.9019,65.47,32.73,0.0944,0.024527981023554524,0.02755230251778506,0.934066
11,59,7,1,0,0,Poor,0.8855,72.11,36.06,0.112,0.02862696819029048,0.01970517570385124,0.9069
11,59,7,1,0,0,Poor,0.8855,72.11,36.06,0.112,0.02862696819029048,0.01970517570385124,0.934093
15,59,7,4,3,3,Poor,0.8642,87.45,43.72,0.132,0.03395453595308684,0.021530166163022123,0.947697
15,59,7,4,3,3,Poor,0.8642,87.45,43.72,0.132,0.03395453595308684,0.021530166163022123,0.947587
11,37,6,1,1,1,Excellent,0.9922,8.05,4.03,0.0071,0.0019468507565837123,0.0012896611419177901,0.984782
11,37,6,1,1,1,Excellent,0.9922,8.05,4.03,0.0071,0.0019468507565837123,0.0012896611419177901,0.982736
8,28,6,1,1,1,Excellent,0.9942,6.42,3.21,0.0061,0.001449591741635975,0.002591675370523039,0.994053
8,28,6,1,1,1,Excellent,0.9942,6.42,3.21,0.0061,0.001449591741635975,0.002591675370523039,0.990179
15,39,4,1,1,1,Poor,0.8573,96.88,48.44,0.1434,0.03566985164335579,0.027928084809335077,0.929796
15,39,4,1,1,1,Poor,0.8573,96.88,48.44,0.1434,0.03566985164335579,0.027928084809335077,0.923055
20,124,7,1,1,1,Good,0.983,18.25,9.13,0.0181,0.00425773044269892,0.006907056916146465,0.96151
20,124,7,1,1,1,Good,0.983,18.25,9.13,0.0181,0.00425773044269892,0.006907056916146465,0.963576
9,33,6,1,1,1,Good,0.9884,15.14,7.57,0.014,0.0029074227935119434,0.003079609574586542,0.985481
9,33,6,1,1,1,Good,0.9884,15.14,7.57,0.014,0.0029074227935119434,0.003079609574586542,0.990838
19,56,5,3,3,3,Poor,0.8735,70.49,35.25,0.129,0.031637194311943284,0.02559345558309528,0.97881
19,56,5,3,3,3,Poor,0.8735,70.49,35.25,0.129,0.031637194311943284,0.02559345558309528,0.967856
12,45,6,2,1,1,Good,0.9851,15.39,7.7,0.0139,0.0037268847767150393,0.006491872700940406,0.981966
12,45,6,2,1,1,Good,0.9851,15.39,7.7,0.0139,0.0037268847767150393,0.006491872700940406,0.983971
14,49,5,2,0,0,Good,0.9725,18.86,9.43,0.028,0.006871139048786862,0.0030076439957415326,0.990014
14,49,5,2,0,0,Good,0.9725,18.86,9.43,0.028,0.006871139048786862,0.0030076439957415326,0.989847
11,54,7,2,1,1,Excellent,0.998,5.3,2.65,0.004,0.001,0.0013280281994139395,0.966764
11,54,7,2,1,1,Excellent,0.998,5.3,2.65,0.004,0.001,0.0013280281994139395,0.957048
13,45,5,1,0,0,Good,0.9672,18.44,9.22,0.0299,0.008197694400270572,0.006488322749781658,0.987045
13,45,5,1,0,0,Good,0.9672,18.44,9.22,0.0299,0.008197694400270572,0.006488322749781658,0.988391
18,88,8,1,0,0,Good,0.9843,12.14,6.07,0.0197,0.003917940185741209,0.0033332071455019173,0.909896
18,88,8,1,0,0,Good,0.9843,12.14,6.07,0.0197,0.003917940185741209,0.0033332071455019173,0.901607
18,96,8,2,1,1,Good,0.9872,13.98,6.99,0.0121,0.00318864066048552,0.004218811183128722,0.921419
18,96,8,2,1,1,Good,0.9872,13.98,6.99,0.0121,0.00318864066048552,0.004218811183128722,0.928607
10,44,8,2,1,1,Excellent,0.9938,8.37,4.18,0.0085,0.0015451471421362162,0.0014476115010578574,0.972623
10,44,8,2,1,1,Excellent,0.9938,8.37,4.18,0.0085,0.0015451471421362162,0.0014476115010578574,0.976088
20,55,5,1,0,0,Excellent,1.0011,7.64,3.82,0.0033,0.001,0.0024725663951184534,0.992805
20,55,5,1,0,0,Excellent,1.0011,7.64,3.82,0.0033,0.001,0.0024725663951184534,0.99095
21,105,7,1,0,0,Poor,0.9291,54.75,27.37,0.0735,0.01773018100766066,0.025850275013994506,0.918343
21,105,7,1,0,0,Poor,0.9291,54.75,27.37,0.0735,0.01773018100766066,0.025850275013994506,0.912109
11,48,8,2,2,2,Excellent,0.9909,8.17,4.09,0.0093,0.002279214252490086,0.002712601194593149,0.935594
11,48,8,2,2,2,Excellent,0.9909,8.17,4.09,0.0093,0.002279214252490086,0.002712601194593149,0.933448
20,129,7,1,1,1,Poor,0.8585,55.84,27.92,0.1435,0.03537743387584902,0.020285149362303724,0.966781
20,129,7,1,1,1,Poor,0.8585,55.84,27.92,0.1435,0.03537743387584902,0.020285149362303724,0.967101
19,88,8,2,1,1,Good,0.9856,15.41,7.71,0.016,0.0035926900096686365,0.003712780318690069,0.905767
19,88,8,2,1,1,Good,0.9856,15.41,7.71,0.016,0.0035926900096686365,0.003712780318690069,0.890458
10,22,4,1,0,0,Poor,0.8775,68.84,34.42,0.1257,0.030613685031001925,0.02300799869572433,0.979732
10,22,4,1,0,0,Poor,0.8775,68.84,34.42,0.1257,0.030613685031001925,0.02300799869572433,0.979174
9,41,8,1,1,1,Good,0.9871,13.24,6.62,0.0141,0.003228843437672879,0.005372706459924709,0.954092
9,41,8,1,1,1,Good,0.9871,13.24,6.62,0.0141,0.003228843437672879,0.005372706459924709,0.950581
13,58,6,1,1,1,Average,0.94,40.13,20.07,0.0551,0.01501016463678051,0.01055470119346226,0.931504
13,58,6,1,1,1,Average,0.94,40.13,20.07,0.0551,0.01501016463678051,0.01055470119346226,0.948039
10,41,6,1,1,1,Excellent,0.9902,7.23,3.61,0.0063,0.002461705481826282,0.0022346850993038075,0.976124
10,41,6,1,1,1,Excellent,0.9902,7.23,3.61,0.0063,0.002461705481826282,0.0022346850993038075,0.977857
15,53,7,5,3,3,Excellent,0.9932,8.82,4.41,0.0057,0.001694342571018359,0.0010431873733168224,0.96931
15,53,7,5,3,3,Excellent,0.9932,8.82,4.41,0.0057,0.001694342571018359,0.0010431873733168224,0.96836
21,73,6,6,4,4,Average,0.9461,36.77,18.39,0.0574,0.013479318747301572,0.009273813033439405,0.975393
21,73,6,6,4,4,Average,0.9461,36.77,18.39,0.0574,0.013479318747301572,0.009273813033439405,0.96381
8,35,6,1,1,1,Good,0.9774,18.03,9.01,0.026,0.0056424635780205346,0.00345017824801664,0.979547
8,35,6,1,1,1,Good,0.9774,18.03,9.01,0.026,0.0056424635780205346,0.00345017824801664,0.981769
18,58,5,1,1,1,Excellent,0.9979,9.99,4.99,0.0029,0.001,0.0010559087584200665,0.993386
18,58,5,1,1,1,Excellent,0.9979,9.99,4.99,0.0029,0.001,0.0010559087584200665,0.991425
9,32,5,1,0,0,Excellent,0.9982,5.82,2.91,0.0014,0.001,0.0017934152394565158,0.994821
9,32,5,1,0,0,Excellent,0.9982,5.82,2.91,0.0014,0.001,0.0017934152394565158,0.992921
12,61,8,3,3,3,Excellent,1.0001,6.65,3.32,0.0031,0.001,0.0021021304612899,0.934217
12,61,8,3,3,3,Excellent,1.0001,6.65,3.32,0.0031,0.001,0.0021021304612899,0.925098
21,89,8,5,2,2,Average,0.9363,45.0,22.5,0.0597,0.015920162544139527,0.009781063879489543,0.905417
21,89,8,5,2,2,Average,0.9363,45.0,22.5,0.0597,0.015920162544139527,0.009781063879489543,0.889865
20,48,5,1,1,1,Average,0.9652,47.46,23.73,0.0319,0.008690297807689817,0.0124372563567706,0.967176
20,48,5,1,1,1,Average,0.9652,47.46,23.73,0.0319,0.008690297807689817,0.0124372563567706,0.971405
18,63,7,2,0,0,Excellent,0.9923,7.96,3.98,0.0087,0.0019324963432301445,0.0022900986254707836,0.955897
18,63,7,2,0,0,Excellent,0.9923,7.96,3.98,0.0087,0.0019324963432301445,0.0022900986254707836,0.958853
15,50,7,2,1,1,Excellent,0.9892,7.79,3.89,0.0077,0.0026891805555646353,0.001876549839656769,0.973006
15,50,7,2,1,1,Excellent,0.9892,7.79,3.89,0.0077,0.0026891805555646353,0.001876549839656769,0.968849
20,97,7,1,0,0,Excellent,0.9974,7.51,3.76,0.0048,0.001,0.0010390113540534331,0.943248
20,97,7,1,0,0,Excellent,0.9974,7.51,3.76,0.0048,0.001,0.0010390113540534331,0.966443
19,90,5,2,2,2,Excellent,0.9907,5.16,2.58,0.0063,0.002317446196868883,0.001744722468980485,0.991677
19,90,5,2,2,2,Excellent,0.9907,5.16,2.58,0.0063,0.002317446196868883,0.001744722468980485,0.99163
15,66,6,1,1,1,Average,0.9416,23.95,11.97,0.0538,0.014594895436599392,0.010871583716527147,0.959787
15,66,6,1,1,1,Average,0.9416,23.95,11.97,0.0538,0.014594895436599392,0.010871583716527147,0.969948
18,112,8,1,0,0,Average,0.9312,24.95,12.47,0.0676,0.01720541063719827,0.013299179481155799,0.922685
18,112,8,1,0,0,Average,0.9312,24.95,12.47,0.0676,0.01720541063719827,0.013299179481155799,0.911921
17,61,6,1,0,0,Poor,0.9234,93.61,46.81,0.081,0.019157443122899936,0.026521776077701946,0.948371
17,61,6,1,0,0,Poor,0.9234,93.61,46.81,0.081,0.019157443122899936,0.026521776077701946,0.929976
11,33,5,1,1,1,Excellent,0.9938,8.04,4.02,0.0033,0.001540825912804189,0.00227040454220051,0.990883
11,33,5,1,1,1,Excellent,0.9938,8.04,4.02,0.0033,0.001540825912804189,0.00227040454220051,0.989853
20,73,6,2,1,1,Excellent,1.0009,6.29,3.15,0.0031,0.001,0.0016071479848203635,0.982196
20,73,6,2,1,1,Excellent,1.0009,6.29,3.15,0.0031,0.001,0.0016071479848203635,0.985582
19,123,8,1,0,0,Average,0.9393,25.12,12.56,0.0639,0.015186578744362994,0.011275020433975706,0.921789
19,123,8,1,0,0,Average,0.9393,25.12,12.56,0.0639,0.015186578744362994,0.011275020433975706,0.920361
15,43,5,1,1,1,Average,0.9579,41.86,20.93,0.0387,0.010516053246427182,0.013631195775380894,0.989655
15,43,5,1,1,1,Average,0.9579,41.86,20.93,0.0387,0.010516053246427182,0.013631195775380894,0.992532
7,37,8,2,0,0,Excellent,0.9976,8.71,4.35,0.0039,0.001,0.0028930097086936916,0.98363
7,37,8,2,0,0,Excellent,0.9976,8.71,4.35,0.0039,0.001,0.0028930097086936916,0.984317
21,45,4,1,0,0,Good,0.9785,19.23,9.62,0.0228,0.005367194215142396,0.00485325773044388,0.993256
21,45,4,1,0,0,Good,0.9785,19.23,9.62,0.0228,0.005367194215142396,0.00485325773044388,0.994866
19,61,5,1,1,1,Average,0.9456,36.08,18.04,0.0518,0.01358982613884921,0.009772040400247876,0.993197
19,61,5,1,1,1,Average,0.9456,36.08,18.04,0.0518,0.01358982613884921,0.009772040400247876,0.989363
16,67,6,1,1,1,Average,0.9447,25.13,12.56,0.0534,0.01383137474775431,0.012450142791372427,0.957941
16,67,6,1,1,1,Average,0.9447,25.13,12.56,0.0534,0.01383137474775431,0.012450142791372427,0.977044
10,35,6,1,1,1,Average,0.9654,23.04,11.52,0.0346,0.008650668888954466,0.010914028308882915,0.982406
10,35,6,1,1,1,Average,0.9654,23.04,11.52,0.0346,0.008650668888954466,0.010914028308882915,0.980979
8,36,7,1,0,0,Excellent,1.003,6.68,3.34,0.0005,0.001,0.0010943272167931914,0.991862
8,36,7,1,0,0,Excellent,1.003,6.68,3.34,0.0005,0.001,0.0010943272167931914,0.983732
20,75,6,1,1,1,Poor,0.8949,65.36,32.68,0.1077,0.026270604123854013,0.024579428607392005,0.979391
20,75,6,1,1,1,Poor,0.8949,65.36,32.68,0.1077,0.026270604123854013,0.024579428607392005,0.972363
10,33,6,1,1,1,Average,0.9513,33.15,16.58,0.0512,0.012180869208164996,0.012857989388453757,0.980436
10,33,6,1,1,1,Average,0.9513,33.15,16.58,0.0512,0.012180869208164996,0.012857989388453757,0.976487
17,38,4,2,2,2,Average,0.9304,41.07,20.53,0.0692,0.017401167155892877,0.009079659777247008,0.993647
17,38,4,2,2,2,Average,0.9304,41.07,20.53,0.0692,0.017401167155892877,0.009079659777247008,0.996131
21,61,5,1,1,1,Excellent,0.9959,6.11,3.06,0.0012,0.0010175963138894517,0.001166291771439417,0.988467
21,61,5,1,1,1,Excellent,0.9959,6.11,3.06,0.0012,0.0010175963138894517,0.001166291771439417,0.989674
11,37,5,2,0,0,Poor,0.889,96.82,48.41,0.111,0.027744528078670172,0.02834436660726546,0.829737
11,37,5,2,0,0,Poor,0.889,96.82,48.41,0.111,0.027744528078670172,0.02834436660726546,0.828939
8,40,8,1,0,0,Average,0.9506,43.83,21.92,0.0492,0.01236114561514784,0.007077141421153605,0.858289
8,40,8,1,0,0,Average,0.9506,43.83,21.92,0.0492,0.01236114561514784,0.007077141421153605,0.875125
19,99,8,4,4,4,Good,0.9856,13.16,6.58,0.0113,0.0036091262009869396,0.00478068136249511,0.928639
19,99,8,4,4,4,Good,0.9856,13.16,6.58,0.0113,0.0036091262009869396,0.00478068136249511,0.921197
13,42,6,1,1,1,Poor,0.8628,90.61,45.3,0.1327,0.034309972245122056,0.02267826090356615,0.956774
13,42,6,1,1,1,Poor,0.8628,90.61,45.3,0.1327,0.034309972245122056,0.02267826090356615,0.941897
17,52,4,3,3,3,Poor,0.9128,84.28,42.14,0.085,0.021811789674143156,0.020722738857928365,0.967976
17,52,4,3,3,3,Poor,0.9128,84.28,42.14,0.085,0.021811789674143156,0.020722738857928365,0.965381
21,44,4,3,3,3,Poor,0.8562,87.12,43.56,0.1447,0.03593908260560799,0.020962357363348862,0.93476
21,44,4,3,3,3,Poor,0.8562,87.12,43.56,0.1447,0.03593908260560799,0.020962357363348862,0.919012
12,35,5,2,1,1,Poor,0.8792,56.83,28.41,0.1184,0.03019964299567182,0.020641058902714955,0.982825
12,35,5,2,1,1,Poor,0.8792,56.83,28.41,0.1184,0.03019964299567182,0.020641058902714955,0.983662
14,57,7,2,2,2,Average,0.9474,21.58,10.79,0.0535,0.013160826238061585,0.007231945138543471,0.949523
14,57,7,2,2,2,Average,0.9474,21.58,10.79,0.0535,0.013160826238061585,0.007231945138543471,0.942318
9,21,4,1,1,1,Excellent,0.9943,7.66,3.83,0.0055,0.0014360325618164305,0.002154878884806661,0.991492
9,21,4,1,1,1,Excellent,0.9943,7.66,3.83,0.0055,0.0014360325618164305,0.002154878884806661,0.995177
13,56,8,1,0,0,Average,0.9422,24.91,12.46,0.0582,0.014441960970787093,0.010276790002797312,0.904263
13,56,8,1,0,0,Average,0.9422,24.91,12.46,0.0582,0.014441960970787093,0.010276790002797312,0.912872
17,80,8,6,4,4,Poor,0.8558,58.53,29.27,0.1429,0.03603943512199165,0.026626954848673147,0.837487
17,80,8,6,4,4,Poor,0.8558,58.53,29.27,0.1429,0.03603943512199165,0.026626954848673147,0.850806
17,74,8,3,3,3,Good,0.9786,19.45,9.73,0.0248,0.005353018727712128,0.003205368524168435,0.922466
17,74,8,3,3,3,Good,0.9786,19.45,9.73,0.0248,0.005353018727712128,0.003205368524168435,0.918898
8,29,5,1,1,1,Poor,0.8934,87.26,43.63,0.107,0.026658182632919802,0.024904997449054646,0.989329
8,29,5,1,1,1,Poor,0.8934,87.26,43.63,0.107,0.026658182632919802,0.024904997449054646,0.987421
20,105,8,2,1,1,Excellent,0.9932,7.31,3.66,0.0093,0.0016890437481471565,0.0020582418039329156,0.909287
20,105,8,2,1,1,Excellent,0.9932,7.31,3.66,0.0093,0.0016890437481471565,0.0020582418039329156,0.922981
16,51,6,3,1,1,Excellent,0.9891,8.95,4.47,0.0079,0.002721735881651005,0.0019926794880710456,0.984149
16,51,6,3,1,1,Excellent,0.9891,8.95,4.47,0.0079,0.002721735881651005,0.0019926794880710456,0.982727
18,69,5,1,1,1,Excellent,0.9941,5.42,2.71,0.0073,0.0014698103291532483,0.0014198400903964506,0.989233
18,69,5,1,1,1,Excellent,0.9941,5.42,2.71,0.0073,0.0014698103291532483,0.0014198400903964506,0.993346
16,89,8,2,2,2,Poor,0.9167,92.45,46.22,0.0791,0.020826748732938688,0.01868642534424602,0.866483
16,89,8,2,2,2,Poor,0.9167,92.45,46.22,0.0791,0.020826748732938688,0.01868642534424602,0.877113
8,46,7,1,0,0,Average,0.9517,48.36,24.18,0.0435,0.012087202377957185,0.013568529368797773,0.957972
8,46,7,1,0,0,Average,0.9517,48.36,24.18,0.0435,0.012087202377957185,0.013568529368797773,0.964175
11,60,8,2,1,1,Excellent,0.9929,7.23,3.61,0.0058,0.0017667141692968291,0.001295613923076898,0.951999
11,60,8,2,1,1,Excellent,0.9929,7.23,3.61,0.0058,0.0017667141692968291,0.001295613923076898,0.954778
19,79,7,2,1,1,Good,0.9701,12.21,6.11,0.0258,0.0074730175197000315,0.006316235651284246,0.949485
19,79,7,2,1,1,Good,0.9701,12.21,6.11,0.0258,0.0074730175197000315,0.006316235651284246,0.950955
12,54,6,1,1,1,Good,0.992,16.73,8.37,0.0104,0.001988842941275243,0.0034874421529672525,0.977639
12,54,6,1,1,1,Good,0.992,16.73,8.37,0.0104,0.001988842941275243,0.0034874421529672525,0.988213
10,47,8,1,0,0,Poor,0.8764,65.37,32.68,0.1217,0.030888493369883946,0.016818938729541297,0.84736
10,47,8,1,0,0,Poor,0.8764,65.37,32.68,0.1217,0.030888493369883946,0.016818938729541297,0.855092
7,31,7,2,2,2,Excellent,0.9971,8.45,4.23,0.0033,0.001,0.0012021286615071483,0.98691
7,31,7,2,2,2,Excellent,0.9971,8.45,4.23,0.0033,0.001,0.0012021286615071483,0.980001
9,52,8,1,1,1,Excellent,0.9957,6.42,3.21,0.0006,0.0010634188275781276,0.0014243548320924289,0.945365
9,52,8,1,1,1,Excellent,0.9957,6.42,3.21,0.0006,0.0010634188275781276,0.0014243548320924289,0.93729
12,57,7,1,1,1,Poor,0.9045,53.48,26.74,0.0975,0.023872120541823194,0.026805266946285548,0.947227
12,57,7,1,1,1,Poor,0.9045,53.48,26.74,0.0975,0.023872120541823194,0.026805266946285548,0.933996
20,64,5,3,2,2,Excellent,0.9987,6.09,3.04,0.0035,0.001,0.0018018864626936605,0.987815
20,64,5,3,2,2,Excellent,0.9987,6.09,3.04,0.0035,0.001,0.0018018864626936605,0.990199
16,48,4,1,1,1,Average,0.9344,49.26,24.63,0.0691,0.016411836520472706,0.010441614454409335,0.98505
16,48,4,1,1,1,Average,0.9344,49.26,24.63,0.0691,0.016411836520472706,0.010441614454409335,0.984085
15,61,6,1,1,1,Poor,0.9215,83.28,41.64,0.0769,0.019633183746496558,0.020787509883241136,0.925767
15,61,6,1,1,1,Poor,0.9215,83.28,41.64,0.0769,0.019633183746496558,0.020787509883241136,0.927397
13,48,7,2,1,1,Poor,0.9043,78.4,39.2,0.0986,0.02391673233167302,0.01673535247533716,0.912864
13,48,7,2,1,1,Poor,0.9043,78.4,39.2,0.0986,0.02391673233167302,0.01673535247533716,0.899165
15,72,7,1,1,1,Good,0.9718,13.93,6.96,0.0236,0.007037744998314666,0.003536095703790163,0.962296
15,72,7,1,1,1,Good,0.9718,13.93,6.96,0.0236,0.007037744998314666,0.003536095703790163,0.958389
21,93,7,2,0,0,Good,0.9733,14.57,7.28,0.0271,0.006664545884771528,0.004687296837471976,0.963397
21,93,7,2,0,0,Good,0.9733,14.57,7.28,0.0271,0.006664545884771528,0.004687296837471976,0.957519
15,63,5,1,1,1,Good,0.98,15.21,7.61,0.0176,0.005001336398684442,0.0032747520153820577,0.981086
15,63,5,1,1,1,Good,0.98,15.21,7.61,0.0176,0.005001336398684442,0.0032747520153820577,0.983955
20,99,8,3,3,3,Average,0.9622,39.04,19.52,0.0382,0.009458844074362066,0.013545082249332277,0.885987
20,99,8,3,3,3,Average,0.9622,39.04,19.52,0.0382,0.009458844074362066,0.013545082249332277,0.882658
19,68,6,1,0,0,Average,0.9513,21.29,10.64,0.0449,0.012171950467226356,0.008511275033311774,0.978092
19,68,6,1,0,0,Average,0.9513,21.29,10.64,0.0449,0.012171950467226356,0.008511275033311774,0.973445
21,52,5,1,1,1,Good,0.9863,10.08,5.04,0.0129,0.0034143035442509018,0.004688882712552574,0.992419
21,52,5,1,1,1,Good,0.9863,10.08,5.04,0.0129,0.0034143035442509018,0.004688882712552574,0.99148
20,64,6,2,2,2,Excellent,0.9951,7.64,3.82,0.0058,0.0012175848505073805,0.0025884938569577724,0.981392
20,64,6,2,2,2,Excellent,0.9951,7.64,3.82,0.0058,0.0012175848505073805,0.0025884938569577724,0.977156
7,38,8,1,1,1,Poor,0.9118,74.76,37.38,0.0908,0.022062125908226093,0.02876164093531023,0.910942
7,38,8,1,1,1,Poor,0.9118,74.76,37.38,0.0908,0.022062125908226093,0.02876164093531023,0.904928
16,51,6,1,1,1,Average,0.945,23.36,11.68,0.0583,0.013741223255490626,0.01313535388282843,0.979434
16,51,6,1,1,1,Average,0.945,23.36,11.68,0.0583,0.013741223255490626,0.01313535388282843,0.988844
20,112,8,2,1,1,Good,0.9852,18.46,9.23,0.0125,0.0037017242613948675,0.0037861839539192013,0.920211
20,112,8,2,1,1,Good,0.9852,18.46,9.23,0.0125,0.0037017242613948675,0.0037861839539192013,0.923196
15,35,5,1,0,0,Good,0.9788,15.91,7.95,0.0252,0.005297168772303101,0.0050290285197918914,0.994425
15,35,5,1,0,0,Good,0.9788,15.91,7.95,0.0252,0.005297168772303101,0.0050290285197918914,0.989961
13,57,8,5,4,4,Good,0.9841,12.14,6.07,0.0157,0.003982582596548934,0.0030556982406795053,0.947646
13,57,8,5,4,4,Good,0.9841,12.14,6.07,0.0157,0.003982582596548934,0.0030556982406795053,0.93708
6,43,8,1,1,1,Excellent,0.9966,9.71,4.86,0.0035,0.001,0.0022738311867914742,0.968214
6,43,8,1,1,1,Excellent,0.9966,9.71,4.86,0.0035,0.001,0.0022738311867914742,0.968042
10,57,7,2,2,2,Average,0.9587,27.94,13.97,0.0367,0.01031978940508746,0.00909572858022571,0.9646
10,57,7,2,2,2,Average,0.9587,27.94,13.97,0.0367,0.01031978940508746,0.00909572858022571,0.959614
13,50,5,1,1,1,Excellent,0.9913,8.06,4.03,0.0072,0.00217015423257208,0.0019236505796603933,0.989395
13,50,5,1,1,1,Excellent,0.9913,8.06,4.03,0.0072,0.00217015423257208,0.0019236505796603933,0.99133
14,49,4,1,1,1,Average,0.9696,21.99,10.99,0.0323,0.007590617841749581,0.012515736376736471,0.997097
14,49,4,1,1,1,Average,0.9696,21.99,10.99,0.0323,0.007590617841749581,0.012515736376736471,0.995746
9,30,6,1,1,1,Good,0.9854,11.6,5.8,0.0174,0.0036541992939163603,0.006360754774535843,0.948858
9,30,6,1,1,1,Good,0.9854,11.6,5.8,0.0174,0.0036541992939163603,0.006360754774535843,0.947557
7,17,4,1,1,1,Poor,0.9098,85.73,42.86,0.0948,0.022554448845908653,0.028853953906645198,0.928915
7,17,4,1,1,1,Poor,0.9098,85.73,42.86,0.0948,0.022554448845908653,0.028853953906645198,0.933729
21,61,4,1,1,1,Good,0.974,17.44,8.72,0.0297,0.0065009425129409215,0.005297345024552162,0.996277
21,61,4,1,1,1,Good,0.974,17.44,8.72,0.0297,0.0065009425129409215,0.005297345024552162,0.996238
21,50,4,2,1,1,Average,0.9577,43.8,21.9,0.0374,0.010570249760401162,0.013659053855542773,0.983246
21,50,4,2,1,1,Average,0.9577,43.8,21.9,0.0374,0.010570249760401162,0.013659053855542773,0.989788
11,29,5,2,1,1,Poor,0.8885,54.98,27.49,0.1127,0.027866745620516664,0.015531690514730538,0.927526
11,29,5,2,1,1,Poor,0.8885,54.98,27.49,0.1127,0.027866745620516664,0.015531690514730538,0.931697
19,83,8,3,3,3,Excellent,0.9976,8.44,4.22,0.0022,0.001,0.0012986185781084796,0.924373
19,83,8,3,3,3,Excellent,0.9976,8.44,4.22,0.0022,0.001,0.0012986185781084796,0.911403
20,82,7,5,3,3,Good,0.9742,10.56,5.28,0.0286,0.006452245270232582,0.003127190130786801,0.964043
20,82,7,5,3,3,Good,0.9742,10.56,5.28,0.0286,0.006452245270232582,0.003127190130786801,0.961043
13,50,6,4,3,3,Poor,0.8932,94.66,47.33,0.1031,0.02669323669190435,0.023568618598624053,0.97052
13,50,6,4,3,3,Poor,0.8932,94.66,47.33,0.1031,0.02669323669190435,0.023568618598624053,0.957293
21,72,7,2,1,1,Average,0.9636,20.9,10.45,0.0338,0.009099309385626947,0.00966830682488173,0.962212
21,72,7,2,1,1,Average,0.9636,20.9,10.45,0.0338,0.009099309385626947,0.00966830682488173,0.962692
6,35,8,1,0,0,Excellent,0.9975,8.99,4.5,0.0022,0.001,0.0013790131174420599,0.988386
6,35,8,1,0,0,Excellent,0.9975,8.99,4.5,0.0022,0.001,0.0013790131174420599,0.989503
18,59,5,1,1,1,Excellent,0.991,8.72,4.36,0.0047,0.0022426087265743633,0.0017796951159181336,0.985268
18,59,5,1,1,1,Excellent,0.991,8.72,4.36,0.0047,0.0022426087265743633,0.0017796951159181336,0.992003
11,40,5,1,0,0,Excellent,0.9899,5.12,2.56,0.0082,0.0025185351704014036,0.0028440986530474605,0.994476
11,40,5,1,0,0,Excellent,0.9899,5.12,2.56,0.0082,0.0025185351704014036,0.0028440986530474605,0.994813
19,109,6,1,1,1,Excellent,0.9956,9.99,5.0,0.0011,0.0011094386693522862,0.002615486159813553,0.98229
19,109,6,1,1,1,Excellent,0.9956,9.99,5.0,0.0011,0.0011094386693522862,0.002615486159813553,0.982044
21,62,4,2,2,2,Excellent,0.996,7.27,3.64,0.0031,0.001,0.0029665007737036163,0.997412
21,62,4,2,2,2,Excellent,0.996,7.27,3.64,0.0031,0.001,0.0029665007737036163,0.995395
11,31,5,1,0,0,Average,0.9392,24.33,12.16,0.0559,0.0151909660630892,0.009738569747274143,0.985401
11,31,5,1,0,0,Average,0.9392,24.33,12.16,0.0559,0.0151909660630892,0.009738569747274143,0.989024
14,52,5,1,1,1,Excellent,0.997,5.71,2.85,0.0073,0.001,0.002460850730791951,0.994948
14,52,5,1,1,1,Excellent,0.997,5.71,2.85,0.0073,0.001,0.002460850730791951,0.990301
14,60,8,2,1,1,Average,0.9556,42.26,21.13,0.0478,0.011104350922943762,0.014066415439861686,0.921715
14,60,8,2,1,1,Average,0.9556,42.26,21.13,0.0478,0.011104350922943762,0.014066415439861686,0.9248
6,31,7,2,1,1,Good,0.9828,16.74,8.37,0.0184,0.004289556498266456,0.00426322508139531,0.977276
6,31,7,2,1,1,Good,0.9828,16.74,8.37,0.0184,0.004289556498266456,0.00426322508139531,0.984072
10,26,5,1,0,0,Poor,0.8789,70.45,35.22,0.1221,0.03027421880339473,0.01950161919596047,0.949215
10,26,5,1,0,0,Poor,0.8789,70.45,35.22,0.1221,0.03027421880339473,0.01950161919596047,0.940319
14,40,5,1,0,0,Average,0.956,44.81,22.41,0.0444,0.010990778207529861,0.00789557405604511,0.97897
14,40,5,1,0,0,Average,0.956,44.81,22.41,0.0444,0.010990778207529861,0.00789557405604511,0.976907
9,43,8,2,0,0,Average,0.9527,48.65,24.33,0.0515,0.011814772328067102,0.007727350364370914,0.946394
9,43,8,2,0,0,Average,0.9527,48.65,24.33,0.0515,0.011814772328067102,0.007727350364370914,0.94232
18,111,7,1,0,0,Average,0.9418,41.98,20.99,0.0621,0.01456109709534456,0.009042394070563882,0.94493
18,111,7,1,0,0,Average,0.9418,41.98,20.99,0.0621,0.01456109709534456,0.009042394070563882,0.941488
19,82,8,2,1,1,Poor,0.8979,56.35,28.17,0.1071,0.025524361189010858,0.028617819027193445,0.900319
19,82,8,2,1,1,Poor,0.8979,56.35,28.17,0.1071,0.025524361189010858,0.028617819027193445,0.89119
20,88,6,1,1,1,Average,0.9394,20.71,10.35,0.06,0.015146209338717548,0.012258793566077366,0.969746
20,88,6,1,1,1,Average,0.9394,20.71,10.35,0.06,0.015146209338717548,0.012258793566077366,0.977217
15,71,7,3,2,2,Good,0.9795,10.86,5.43,0.016,0.005127997914022964,0.0052851224165253955,0.964111
15,71,7,3,2,2,Good,0.9795,10.86,5.43,0.016,0.005127997914022964,0.0052851224165253955,0.961369
10,53,7,1,0,0,Good,0.9682,17.85,8.93,0.0296,0.007951730842154281,0.004076062068637058,0.947216
10,53,7,1,0,0,Good,0.9682,17.85,8.93,0.0296,0.007951730842154281,0.004076062068637058,0.948107
14,85,7,1,1,1,Poor,0.9235,97.23,48.61,0.0731,0.01913715308375824,0.018360021625543115,0.960268
14,85,7,1,1,1,Poor,0.9235,97.23,48.61,0.0731,0.01913715308375824,0.018360021625543115,0.962831
19,97,8,2,2,2,Average,0.9646,28.23,14.11,0.0375,0.008838876816191776,0.007077826748381409,0.912861
19,97,8,2,2,2,Average,0.9646,28.23,14.11,0.0375,0.008838876816191776,0.007077826748381409,0.924203
11,28,4,1,1,1,Good,0.9846,17.43,8.72,0.0198,0.0038613388245943014,0.003593537594861386,0.992552
11,28,4,1,1,1,Good,0.9846,17.43,8.72,0.0198,0.0038613388245943014,0.003593537594861386,0.994822
15,49,5,1,0,0,Poor,0.8836,72.67,36.34,0.1175,0.02909440787294898,0.015050380324888002,0.983216
15,49,5,1,0,0,Poor,0.8836,72.67,36.34,0.1175,0.02909440787294898,0.015050380324888002,0.984739
18,48,4,2,1,1,Excellent,0.994,5.12,2.56,0.0095,0.0015113756202818351,0.0017689661915260167,0.997784
18,48,4,2,1,1,Excellent,0.994,5.12,2.56,0.0095,0.0015113756202818351,0.0017689661915260167,0.996771
13,32,5,1,0,0,Good,0.9855,16.86,8.43,0.014,0.0036158418119973113,0.006326676773487695,0.98223
13,32,5,1,0,0,Good,0.9855,16.86,8.43,0.014,0.0036158418119973113,0.006326676773487695,0.982599
16,87,8,1,0,0,Average,0.9321,36.3,18.15,0.0637,0.016970951033030007,0.013836558632051991,0.896188
16,87,8,1,0,0,Average,0.9321,36.3,18.15,0.0637,0.016970951033030007,0.013836558632051991,0.908999
14,75,7,1,0,0,Poor,0.9302,62.25,31.12,0.0741,0.017459845553855158,0.027239034716914315,0.931852
14,75,7,1,0,0,Poor,0.9302,62.25,31.12,0.0741,0.017459845553855158,0.027239034716914315,0.923218
14,81,8,1,0,0,Good,0.9836,12.49,6.25,0.0124,0.004101750814497929,0.006340130574831918,0.921837
14,81,8,1,0,0,Good,0.9836,12.49,6.25,0.0124,0.004101750814497929,0.006340130574831918,0.918727
8,37,7,1,1,1,Excellent,0.9951,7.62,3.81,0.0009,0.0012317401106690384,0.0022082581155791277,0.97286
8,37,7,1,1,1,Excellent,0.9951,7.62,3.81,0.0009,0.0012317401106690384,0.0022082581155791277,0.973265
15,96,8,2,2,2,Good,0.9838,19.73,9.86,0.0138,0.004046127264703131,0.0063914576966980306,0.931541
15,96,8,2,2,2,Good,0.9838,19.73,9.86,0.0138,0.004046127264703131,0.0063914576966980306,0.927699
8,25,4,2,1,1,Average,0.9373,26.1,13.05,0.0605,0.015682056146558765,0.010288926483987052,0.972299
8,25,4,2,1,1,Average,0.9373,26.1,13.05,0.0605,0.015682056146558765,0.010288926483987052,0.975341
14,51,7,1,1,1,Average,0.9455,37.46,18.73,0.0582,0.01363246088268108,0.01045553949127297,0.946248
14,51,7,1,1,1,Average,0.9455,37.46,18.73,0.0582,0.01363246088268108,0.01045553949127297,0.930088
7,24,4,1,1,1,Good,0.9723,12.67,6.33,0.0229,0.006929732144473538,0.003557116589139103,0.997362
7,24,4,1,1,1,Good,0.9723,12.67,6.33,0.0229,0.006929732144473538,0.003557116589139103,0.996986
13,44,5,1,0,0,Poor,0.8733,79.82,39.91,0.1314,0.031670793300694944,0.01723937719624181,0.985831
13,44,5,1,0,0,Poor,0.8733,79.82,39.91,0.1314,0.031670793300694944,0.01723937719624181,0.977252
17,55,4,2,2,2,Excellent,0.9972,7.48,3.74,0.0069,0.001,0.0019351379756242263,0.994909
17,55,4,2,2,2,Excellent,0.9972,7.48,3.74,0.0069,0.001,0.0019351379756242263,0.995366
12,39,6,2,2,2,Poor,0.8511,65.58,32.79,0.1461,0.03721502645127431,0.029936186610285243,0.965584
12,39,6,2,2,2,Poor,0.8511,65.58,32.79,0.1461,0.03721502645127431,0.029936186610285243,0.967796
8,32,6,1,0,0,Good,0.9708,16.2,8.1,0.0298,0.007312417562916146,0.0035579569206136605,0.980241
8,32,6,1,0,0,Good,0.9708,16.2,8.1,0.0298,0.007312417562916146,0.0035579569206136605,0.977866
9,42,8,1,1,1,Poor,0.8826,96.91,48.46,0.1203,0.029351081303916282,0.029618292524743524,0.8446
9,42,8,1,1,1,Poor,0.8826,96.91,48.46,0.1203,0.029351081303916282,0.029618292524743524,0.836153
18,57,6,1,0,0,Excellent,1.0004,9.42,4.71,0.0006,0.001,0.0014381265350488035,0.984711
18,57,6,1,0,0,Excellent,1.0004,9.42,4.71,0.0006,0.001,0.0014381265350488035,0.983023
19,106,6,1,1,1,Poor,0.9238,51.18,25.59,0.0768,0.019051166917756046,0.02283557386807996,0.984003
19,106,6,1,1,1,Poor,0.9238,51.18,25.59,0.0768,0.019051166917756046,0.02283557386807996,0.972499
8,34,7,1,0,0,Excellent,0.9953,5.45,2.72,0.0088,0.001179008345489535,0.0014010076669396338,0.975516
8,34,7,1,0,0,Excellent,0.9953,5.45,2.72,0.0088,0.001179008345489535,0.0014010076669396338,0.974671
19,65,5,1,0,0,Excellent,1.0003,6.75,3.38,0.0013,0.001,0.0015289839200154527,0.992767
19,65,5,1,0,0,Excellent,1.0003,6.75,3.38,0.0013,0.001,0.0015289839200154527,0.994762
19,100,7,1,0,0,Average,0.9413,26.73,13.37,0.0626,0.014670953589623836,0.014307571230742555,0.952804
19,100,7,1,0,0,Average,0.9413,26.73,13.37,0.0626,0.014670953589623836,0.014307571230742555,0.957463
11,46,6,1,1,1,Good,0.9788,19.78,9.89,0.0184,0.005297902042474989,0.0055360523551656535,0.973104
11,46,6,1,1,1,Good,0.9788,19.78,9.89,0.0184,0.005297902042474989,0.0055360523551656535,0.979673
6,27,7,1,0,0,Excellent,0.9917,8.11,4.06,0.0033,0.002065131792251901,0.001998441170441784,0.975565
6,27,7,1,0,0,Excellent,0.9917,8.11,4.06,0.0033,0.002065131792251901,0.001998441170441784,0.96532
11,41,7,1,0,0,Good,0.9774,19.4,9.7,0.0251,0.005660678362915755,0.003504870409549777,0.975305
11,41,7,1,0,0,Good,0.9774,19.4,9.7,0.0251,0.005660678362915755,0.003504870409549777,0.970884
20,81,7,3,2,2,Excellent,0.9936,7.55,3.77,0.0085,0.0016092790962954073,0.001774853705390504,0.962853
20,81,7,3,2,2,Excellent,0.9936,7.55,3.77,0.0085,0.0016092790962954073,0.001774853705390504,0.960569
8,45,6,1,1,1,Poor,0.8978,94.19,47.1,0.1027,0.025560951388932995,0.022659550851910477,0.983681
8,45,6,1,1,1,Poor,0.8978,94.19,47.1,0.1027,0.025560951388932995,0.022659550851910477,0.979582
7,41,8,1,1,1,Good,0.994,13.62,6.81,0.0107,0.0014950790795108804,0.003435412401147973,0.968581
7,41,8,1,1,1,Good,0.994,13.62,6.81,0.0107,0.0014950790795108804,0.003435412401147973,0.975129
15,71,8,1,1,1,Poor,0.8484,99.67,49.84,0.1479,0.037907201106274546,0.019698105103980124,0.912184
15,71,8,1,1,1,Poor,0.8484,99.67,49.84,0.1479,0.037907201106274546,0.019698105103980124,0.903679
19,69,6,1,1,1,Poor,0.8507,77.38,38.69,0.1458,0.037322445861936004,0.02004417633160538,0.971526
19,69,6,1,1,1,Poor,0.8507,77.38,38.69,0.1458,0.037322445861936004,0.02004417633160538,0.962202
14,59,7,2,1,1,Average,0.9626,24.91,12.45,0.0403,0.009353642298416426,0.007137535272234473,0.960315
14,59,7,2,1,1,Average,0.9626,24.91,12.45,0.0403,0.009353642298416426,0.007137535272234473,0.96161
14,62,7,4,4,4,Average,0.9627,39.28,19.64,0.0335,0.009320102165724792,0.012364644927397814,0.958039
14,62,7,4,4,4,Average,0.9627,39.28,19.64,0.0335,0.009320102165724792,0.012364644927397814,0.96583
21,91,8,4,2,2,Good,0.9849,15.47,7.73,0.0116,0.003784659963078668,0.003996310532168193,0.92601
21,91,8,4,2,2,Good,0.9849,15.47,7.73,0.0116,0.003784659963078668,0.003996310532168193,0.920674
13,46,6,2,0,0,Average,0.9384,40.32,20.16,0.0616,0.015388443214363778,0.013912000626485956,0.982536
13,46,6,2,0,0,Average,0.9384,40.32,20.16,0.0616,0.015388443214363778,0.013912000626485956,0.984813
8,20,5,2,0,0,Average,0.9484,37.6,18.8,0.0468,0.012889756693584636,0.01024121435911367,0.981269
8,20,5,2,0,0,Average,0.9484,37.6,18.8,0.0468,0.012889756693584636,0.01024121435911367,0.981541
9,44,6,1,1,1,Excellent,0.9948,9.96,4.98,0.0018,0.0013018674268560626,0.0027563253100375824,0.979222
9,44,6,1,1,1,Excellent,0.9948,9.96,4.98,0.0018,0.0013018674268560626,0.0027563253100375824,0.980875
7,32,7,1,1,1,Average,0.9312,38.34,19.17,0.068,0.017200908551130073,0.013590365108607297,0.964823
7,32,7,1,1,1,Average,0.9312,38.34,19.17,0.068,0.017200908551130073,0.013590365108607297,0.971626
21,89,5,1,1,1,Good,0.9791,11.0,5.5,0.0246,0.005219166293339489,0.004540202231790762,0.990607
21,89,5,1,1,1,Good,0.9791,11.0,5.5,0.0246,0.005219166293339489,0.004540202231790762,0.991657
12,45,4,1,1,1,Good,0.9721,10.62,5.31,0.024,0.0069817503692324034,0.004786887244902813,0.994135
12,45,4,1,1,1,Good,0.9721,10.62,5.31,0.024,0.0069817503692324034,0.004786887244902813,0.995798
7,33,8,1,1,1,Excellent,1.0016,5.45,2.72,0.0028,0.001,0.001419713203576416,0.981493
7,33,8,1,1,1,Excellent,1.0016,5.45,2.72,0.0028,0.001,0.001419713203576416,0.981687
9,28,5,2,1,1,Poor,0.8825,87.38,43.69,0.1172,0.02937729321083349,0.024783473337602897,0.80718
9,28,5,2,1,1,Poor,0.8825,87.38,43.69,0.1172,0.02937729321083349,0.024783473337602897,0.817185
17,47,5,2,2,2,Excellent,0.9982,8.61,4.3,0.0026,0.001,0.0015697906888336092,0.994716
17,47,5,2,2,2,Excellent,0.9982,8.61,4.3,0.0026,0.001,0.0015697906888336092,0.993559
16,80,7,1,1,1,Average,0.9406,47.64,23.82,0.0551,0.014844259885621963,0.014665635313841671,0.931336
16,80,7,1,1,1,Average,0.9406,47.64,23.82,0.0551,0.014844259885621963,0.014665635313841671,0.934763
11,37,6,1,1,1,Excellent,0.9914,5.11,2.56,0.0092,0.0021612806737047463,0.0023519914279465128,0.986751
11,37,6,1,1,1,Excellent,0.9914,5.11,2.56,0.0092,0.0021612806737047463,0.0023519914279465128,0.983194
6,31,7,1,1,1,Poor,0.8952,56.88,28.44,0.1074,0.026208508140104197,0.025725883084539054,0.926084
6,31,7,1,1,1,Poor,0.8952,56.88,28.44,0.1074,0.026208508140104197,0.025725883084539054,0.923575
9,36,7,1,1,1,Poor,0.9297,55.29,27.64,0.0722,0.01757415894247988,0.016666022924244094,0.960723
9,36,7,1,1,1,Poor,0.9297,55.29,27.64,0.0722,0.01757415894247988,0.016666022924244094,0.951737
21,95,8,5,4,4,Good,0.9869,11.3,5.65,0.0141,0.003274708324569775,0.006032672333362061,0.919774
21,95,8,5,4,4,Good,0.9869,11.3,5.65,0.0141,0.003274708324569775,0.006032672333362061,0.913617
14,90,7,2,1,1,Poor,0.9173,74.52,37.26,0.0796,0.020667375601802512,0.020082720015663795,0.964934
14,90,7,2,1,1,Poor,0.9173,74.52,37.26,0.0796,0.020667375601802512,0.020082720015663795,0.960786
19,101,7,4,3,3,Excellent,1.0029,9.5,4.75,0.0001,0.001,0.0020940597655612877,0.954008
19,101,7,4,3,3,Excellent,1.0029,9.5,4.75,0.0001,0.001,0.0020940597655612877,0.963334
20,72,6,1,1,1,Excellent,0.9952,5.07,2.54,0.0065,0.0012055054193132742,0.0015863204478346504,0.986226
20,72,6,1,1,1,Excellent,0.9952,5.07,2.54,0.0065,0.0012055054193132742,0.0015863204478346504,0.978592
11,44,7,1,1,1,Good,0.9884,19.7,9.85,0.0124,0.002895007892388002,0.006157368063727444,0.967071
11,44,7,1,1,1,Good,0.9884,19.7,9.85,0.0124,0.002895007892388002,0.006157368063727444,0.955058
18,63,7,3,1,1,Average,0.9613,45.41,22.7,0.0404,0.009679861499396786,0.007159384810264918,0.962345
18,63,7,3,1,1,Average,0.9613,45.41,22.7,0.0404,0.009679861499396786,0.007159384810264918,0.966587
17,87,7,2,1,1,Excellent,0.9906,7.18,3.59,0.0069,0.0023604643072994425,0.002699408933260184,0.961545
17,87,7,2,1,1,Excellent,0.9906,7.18,3.59,0.0069,0.0023604643072994425,0.002699408933260184,0.958842
16,40,4,3,1,1,Excellent,0.9956,8.68,4.34,0.0084,0.0011102011074941853,0.0026469028613744917,0.996004
16,40,4,3,1,1,Excellent,0.9956,8.68,4.34,0.0084,0.0011102011074941853,0.0026469028613744917,0.997114
8,35,7,2,1,1,Excellent,0.9969,7.4,3.7,0.0001,0.001,0.0010928413268808293,0.980625
8,35,7,2,1,1,Excellent,0.9969,7.4,3.7,0.0001,0.001,0.0010928413268808293,0.977467
10,63,8,2,1,1,Average,0.9539,36.25,18.13,0.0417,0.011513453308365618,0.007188680709017449,0.951178
10,63,8,2,1,1,Average,0.9539,36.25,18.13,0.0417,0.011513453308365618,0.007188680709017449,0.952855
9,31,6,1,1,1,Poor,0.8684,80.03,40.02,0.1348,0.03290467270801373,0.019745892344953674,0.941084
9,31,6,1,1,1,Poor,0.8684,80.03,40.02,0.1348,0.03290467270801373,0.019745892344953674,0.952675
7,24,5,1,0,0,Good,0.9705,11.01,5.5,0.0282,0.007365317338449223,0.005878780614278567,0.988141
7,24,5,1,0,0,Good,0.9705,11.01,5.5,0.0282,0.007365317338449223,0.005878780614278567,0.993548
13,31,5,1,1,1,Average,0.9439,26.98,13.49,0.052,0.014015825155372197,0.009606813074176072,0.980875
13,31,5,1,1,1,Average,0.9439,26.98,13.49,0.052,0.014015825155372197,0.009606813074176072,0.977495
14,30,4,2,1,1,Poor,0.8651,71.03,35.52,0.1315,0.03373547795151205,0.022583465183555654,0.990971
14,30,4,2,1,1,Poor,0.8651,71.03,35.52,0.1315,0.03373547795151205,0.022583465183555654,0.99305
19,102,8,2,1,1,Excellent,0.9959,6.6,3.3,0.0025,0.001024554674157102,0.002488919999672746,0.919031
19,102,8,2,1,1,Excellent,0.9959,6.6,3.3,0.0025,0.001024554674157102,0.002488919999672746,0.926001
10,22,4,1,1,1,Excellent,0.9892,9.53,4.76,0.0091,0.002695228935880589,0.0011969611068663954,0.997433
10,22,4,1,1,1,Excellent,0.9892,9.53,4.76,0.0091,0.002695228935880589,0.0011969611068663954,0.998304
17,43,5,2,1,1,Poor,0.9003,75.33,37.67,0.0973,0.024928329861601428,0.02064570820190928,0.985266
17,43,5,2,1,1,Poor,0.9003,75.33,37.67,0.0973,0.024928329861601428,0.02064570820190928,0.983712
20,44,4,1,1,1,Good,0.9789,12.27,6.14,0.0177,0.005282991244310253,0.006147071549079381,0.994273
20,44,4,1,1,1,Good,0.9789,12.27,6.14,0.0177,0.005282991244310253,0.006147071549079381,0.994964
17,56,7,1,0,0,Average,0.9479,32.69,16.34,0.0485,0.013022393767490564,0.009864824358502498,0.956691
17,56,7,1,0,0,Average,0.9479,32.69,16.34,0.0485,0.013022393767490564,0.009864824358502498,0.962416
16,57,7,3,1,1,Average,0.9516,49.36,24.68,0.0512,0.012109971081429555,0.014109338190692693,0.935506
16,57,7,3,1,1,Average,0.9516,49.36,24.68,0.0512,0.012109971081429555,0.014109338190692693,0.961652
11,47,7,2,2,2,Poor,0.8833,52.49,26.25,0.115,0.029171622807579234,0.0265586672445842,0.956486
11,47,7,2,2,2,Poor,0.8833,52.49,26.25,0.115,0.029171622807579234,0.0265586672445842,0.945315
18,87,7,2,1,1,Good,0.9864,18.94,9.47,0.0137,0.0033891964196431368,0.004201029539019813,0.956862
18,87,7,2,1,1,Good,0.9864,18.94,9.47,0.0137,0.0033891964196431368,0.004201029539019813,0.95554
20,45,4,2,1,1,Poor,0.9186,71.43,35.72,0.0809,0.020358836006924175,0.028385519874533298,0.988178
20,45,4,2,1,1,Poor,0.9186,71.43,35.72,0.0809,0.020358836006924175,0.028385519874533298,0.972198
8,35,7,2,0,0,Good,0.9863,19.43,9.72,0.0142,0.003420004462569265,0.006683387410667143,0.936661
8,35,7,2,0,0,Good,0.9863,19.43,9.72,0.0142,0.003420004462569265,0.006683387410667143,0.927921
17,41,5,1,1,1,Good,0.9816,12.18,6.09,0.0206,0.0045899802140616786,0.006343582376098141,0.990634
17,41,5,1,1,1,Good,0.9816,12.18,6.09,0.0206,0.0045899802140616786,0.006343582376098141,0.987827
13,78,8,3,3,3,Good,0.982,10.58,5.29,0.0167,0.004496753696034167,0.003941268153777964,0.958523
13,78,8,3,3,3,Good,0.982,10.58,5.29,0.0167,0.004496753696034167,0.003941268153777964,0.960354
17,53,4,1,1,1,Excellent,0.9916,8.44,4.22,0.0094,0.002099015304115437,0.0012895805161336864,0.996773
17,53,4,1,1,1,Excellent,0.9916,8.44,4.22,0.0094,0.002099015304115437,0.0012895805161336864,0.996536
19,65,5,1,0,0,Excellent,1.0003,9.78,4.89,0.0033,0.001,0.001858128606551062,0.991779
19,65,5,1,0,0,Excellent,1.0003,9.78,4.89,0.0033,0.001,0.001858128606551062,0.99153
12,54,6,1,0,0,Average,0.9674,32.34,16.17,0.0323,0.008143505127109402,0.011763030045141929,0.969781
12,54,6,1,0,0,Average,0.9674,32.34,16.17,0.0323,0.008143505127109402,0.011763030045141929,0.98265
21,117,7,2,2,2,Average,0.9672,30.33,15.16,0.0364,0.008211506263694934,0.0116935722651758,0.953008
21,117,7,2,2,2,Average,0.9672,30.33,15.16,0.0364,0.008211506263694934,0.0116935722651758,0.947908
14,89,8,1,0,0,Good,0.9841,18.45,9.23,0.0195,0.003983500898213588,0.005998316700377862,0.927031
14,89,8,1,0,0,Good,0.9841,18.45,9.23,0.0195,0.003983500898213588,0.005998316700377862,0.937519
20,86,5,1,0,0,Good,0.9726,11.8,5.9,0.0241,0.006842229802318578,0.005573859755612166,0.986941
20,86,5,1,0,0,Good,0.9726,11.8,5.9,0.0241,0.006842229802318578,0.005573859755612166,0.98746
17,59,7,2,1,1,Poor,0.9203,71.3,35.65,0.0797,0.01993429078987033,0.021344015765679812,0.943871
17,59,7,2,1,1,Poor,0.9203,71.3,35.65,0.0797,0.01993429078987033,0.021344015765679812,0.932014
15,48,4,1,1,1,Good,0.9753,16.17,8.08,0.0209,0.0061809265512031974,0.004072819466505936,0.996202
15,48,4,1,1,1,Good,0.9753,16.17,8.08,0.0209,0.0061809265512031974,0.004072819466505936,0.99457
18,95,8,2,1,1,Good,0.9825,10.32,5.16,0.0135,0.004369693715953249,0.00469932493434411,0.918453
18,95,8,2,1,1,Good,0.9825,10.32,5.16,0.0135,0.004369693715953249,0.00469932493434411,0.923693
6,31,8,1,1,1,Good,0.9707,15.85,7.92,0.0261,0.007314406881644475,0.006593955075150216,0.969734
6,31,8,1,1,1,Good,0.9707,15.85,7.92,0.0261,0.007314406881644475,0.006593955075150216,0.97356
18,41,5,1,1,1,Average,0.9661,34.86,17.43,0.0331,0.008468564426448805,0.007202186278602573,0.987926
18,41,5,1,1,1,Average,0.9661,34.86,17.43,0.0331,0.008468564426448805,0.007202186278602573,0.981274
15,32,4,3,3,3,Good,0.9813,12.09,6.04,0.0183,0.004669249104088585,0.004015220729017863,0.994998
15,32,4,3,3,3,Good,0.9813,12.09,6.04,0.0183,0.004669249104088585,0.004015220729017863,0.995588
18,57,6,3,2,2,Good,0.9721,18.53,9.26,0.0273,0.006963703529104026,0.005252805658538254,0.973775
18,57,6,3,2,2,Good,0.9721,18.53,9.26,0.0273,0.006963703529104026,0.005252805658538254,0.982637
19,77,7,4,2,2,Good,0.9871,19.16,9.58,0.0101,0.003220915871150032,0.00525128656722639,0.962059
19,77,7,4,2,2,Good,0.9871,19.16,9.58,0.0101,0.003220915871150032,0.00525128656722639,0.95175
16,88,7,1,0,0,Average,0.9359,21.83,10.91,0.0652,0.01602030846608149,0.011901985336400488,0.965557
16,88,7,1,0,0,Average,0.9359,21.83,10.91,0.0652,0.01602030846608149,0.011901985336400488,0.951945
16,73,8,5,3,3,Excellent,0.9989,8.49,4.25,0.0022,0.001,0.0012544411191644867,0.921382
16,73,8,5,3,3,Excellent,0.9989,8.49,4.25,0.0022,0.001,0.0012544411191644867,0.935839
21,49,5,2,1,1,Good,0.9922,15.41,7.7,0.0117,0.0019480139901403015,0.003471491778559877,0.99347
21,49,5,2,1,1,Good,0.9922,15.41,7.7,0.0117,0.0019480139901403015,0.003471491778559877,0.991465
13,69,7,1,0,0,Average,0.9608,39.57,19.78,0.0419,0.009803641146729686,0.013536833431079268,0.951377
13,69,7,1,0,0,Average,0.9608,39.57,19.78,0.0419,0.009803641146729686,0.013536833431079268,0.967476
10,36,4,1,0,0,Poor,0.8953,85.93,42.96,0.1062,0.02618654584195343,0.02736094204764576,0.993485
10,36,4,1,0,0,Poor,0.8953,85.93,42.96,0.1062,0.02618654584195343,0.02736094204764576,0.996717
15,112,8,2,1,1,Average,0.9441,49.32,24.66,0.0535,0.013969183570399502,0.01299134854236852,0.916808
15,112,8,2,1,1,Average,0.9441,49.32,24.66,0.0535,0.013969183570399502,0.01299134854236852,0.931989
17,109,8,1,1,1,Excellent,1.0036,7.26,3.63,0.0,0.001,0.0018696981117330882,0.919369
17,109,8,1,1,1,Excellent,1.0036,7.26,3.63,0.0,0.001,0.0018696981117330882,0.929559
19,43,4,1,0,0,Poor,0.8732,99.69,49.84,0.1303,0.03170452822803013,0.015325505975966843,0.977011
19,43,4,1,0,0,Poor,0.8732,99.69,49.84,0.1303,0.03170452822803013,0.015325505975966843,0.967303
7,39,8,1,0,0,Good,0.9872,11.86,5.93,0.0116,0.0032102625264154028,0.006301118312612071,0.974252
7,39,8,1,0,0,Good,0.9872,11.86,5.93,0.0116,0.0032102625264154028,0.006301118312612071,0.981274
13,56,8,2,2,2,Good,0.98,18.99,9.49,0.017,0.005011408266927503,0.0038251598827038157,0.92133
13,56,8,2,2,2,Good,0.98,18.99,9.49,0.017,0.005011408266927503,0.0038251598827038157,0.929101
7,16,4,2,2,2,Good,0.9749,18.1,9.05,0.0281,0.0062659393618361425,0.0043762098507138195,0.994853
7,16,4,2,2,2,Good,0.9749,18.1,9.05,0.0281,0.0062659393618361425,0.0043762098507138195,0.997752
13,76,8,3,2,2,Average,0.94,28.51,14.26,0.0618,0.01500477034550518,0.007267121984126348,0.946207
13,76,8,3,2,2,Average,0.94,28.51,14.26,0.0618,0.01500477034550518,0.007267121984126348,0.941424
15,73,7,3,1,1,Good,0.9724,16.24,8.12,0.0251,0.006911256934679699,0.006500588123863971,0.955982
15,73,7,3,1,1,Good,0.9724,16.24,8.12,0.0251,0.006911256934679699,0.006500588123863971,0.96316
13,61,6,1,1,1,Poor,0.879,95.96,47.98,0.1174,0.03026125320059797,0.027177685857274043,0.968487
13,61,6,1,1,1,Poor,0.879,95.96,47.98,0.1174,0.03026125320059797,0.027177685857274043,0.964373
17,40,4,2,2,2,Good,0.9763,11.22,5.61,0.0266,0.005936616094082026,0.006010634340948546,0.996904
17,40,4,2,2,2,Good,0.9763,11.22,5.61,0.0266,0.005936616094082026,0.006010634340948546,0.993103
11,32,4,1,1,1,Excellent,0.9977,7.22,3.61,0.0033,0.001,0.001626113845522307,0.997362
11,32,4,1,1,1,Excellent,0.9977,7.22,3.61,0.0033,0.001,0.001626113845522307,0.996358
10,46,8,1,1,1,Excellent,0.9975,5.59,2.79,0.0024,0.001,0.0013961758326776915,0.936466
10,46,8,1,1,1,Excellent,0.9975,5.59,2.79,0.0024,0.001,0.0013961758326776915,0.944701
20,72,7,1,1,1,Average,0.9545,37.64,18.82,0.0411,0.01136463555942846,0.0071190997590977415,0.966933
20,72,7,1,1,1,Average,0.9545,37.64,18.82,0.0411,0.01136463555942846,0.0071190997590977415,0.944473
16,71,7,2,0,0,Excellent,0.9977,7.93,3.96,0.0018,0.001,0.0024059812609714274,0.96285
16,71,7,2,0,0,Excellent,0.9977,7.93,3.96,0.0018,0.001,0.0024059812609714274,0.963202
21,54,4,1,1,1,Average,0.9584,26.96,13.48,0.046,0.010397437440024387,0.013839767214703001,0.982852
21,54,4,1,1,1,Average,0.9584,26.96,13.48,0.046,0.010397437440024387,0.013839767214703001,0.985288
21,103,6,1,1,1,Average,0.9372,24.53,12.27,0.0641,0.015706582108828693,0.010189134553186567,0.980797
21,103,6,1,1,1,Average,0.9372,24.53,12.27,0.0641,0.015706582108828693,0.010189134553186567,0.979504
6,27,5,1,0,0,Poor,0.8626,56.02,28.01,0.1347,0.03435160942571555,0.015067642022417697,0.985017
6,27,5,1,0,0,Poor,0.8626,56.02,28.01,0.1347,0.03435160942571555,0.015067642022417697,0.989897
10,36,6,3,2,2,Average,0.9594,21.83,10.92,0.0366,0.010147416624386008,0.009830663006966308,0.971533
10,36,6,3,2,2,Average,0.9594,21.83,10.92,0.0366,0.010147416624386008,0.009830663006966308,0.972137
6,21,6,2,2,2,Average,0.9643,22.82,11.41,0.0384,0.008919104705371106,0.007802940105312269,0.964714
6,21,6,2,2,2,Average,0.9643,22.82,11.41,0.0384,0.008919104705371106,0.007802940105312269,0.962538
20,95,8,2,2,2,Poor,0.8895,95.87,47.93,0.1069,0.0276207658060037,0.02199206645847834,0.873691
20,95,8,2,2,2,Poor,0.8895,95.87,47.93,0.1069,0.0276207658060037,0.02199206645847834,0.881726
17,75,5,1,1,1,Average,0.9598,45.8,22.9,0.0361,0.010049693442532287,0.011362049534098327,0.99003
17,75,5,1,1,1,Average,0.9598,45.8,22.9,0.0361,0.010049693442532287,0.011362049534098327,0.989853
16,56,6,1,1,1,Excellent,0.9973,7.95,3.98,0.0074,0.001,0.0016050222333023065,0.977761
16,56,6,1,1,1,Excellent,0.9973,7.95,3.98,0.0074,0.001,0.0016050222333023065,0.981242
21,101,8,1,1,1,Poor,0.8894,52.07,26.04,0.1094,0.027648676582479187,0.023618716656968845,0.853075
21,101,8,1,1,1,Poor,0.8894,52.07,26.04,0.1094,0.027648676582479187,0.023618716656968845,0.871095
19,50,5,1,0,0,Average,0.9395,22.86,11.43,0.0649,0.015119180724264797,0.008327433248775799,0.98667
19,50,5,1,0,0,Average,0.9395,22.86,11.43,0.0649,0.015119180724264797,0.008327433248775799,0.987433
15,95,7,1,0,0,Poor,0.8577,63.75,31.87,0.1407,0.035584549392044224,0.02255184271770829,0.946092
15,95,7,1,0,0,Poor,0.8577,63.75,31.87,0.1407,0.035584549392044224,0.02255184271770829,0.954147
11,67,8,1,0,0,Average,0.9414,40.98,20.49,0.0584,0.014661449772118834,0.010236246334823139,0.928365
11,67,8,1,0,0,Average,0.9414,40.98,20.49,0.0584,0.014661449772118834,0.010236246334823139,0.935868
14,78,8,2,1,1,Poor,0.8801,74.11,37.06,0.1227,0.02997194637558845,0.020436188947984227,0.915994
14,78,8,2,1,1,Poor,0.8801,74.11,37.06,0.1227,0.02997194637558845,0.020436188947984227,0.919382
16,43,5,1,1,1,Average,0.9433,22.4,11.2,0.0534,0.014184089824775453,0.008272191832817405,0.974229
16,43,5,1,1,1,Average,0.9433,22.4,11.2,0.0534,0.014184089824775453,0.008272191832817405,0.981371
17,61,5,1,1,1,Excellent,0.9932,8.77,4.39,0.0053,0.0017015372115003757,0.002591628829593781,0.992333
17,61,5,1,1,1,Excellent,0.9932,8.77,4.39,0.0053,0.0017015372115003757,0.002591628829593781,0.988207
14,43,5,1,1,1,Good,0.9926,16.46,8.23,0.0118,0.0018387883628278034,0.006171675686911501,0.989508
14,43,5,1,1,1,Good,0.9926,16.46,8.23,0.0118,0.0018387883628278034,0.006171675686911501,0.99145
11,62,8,1,0,0,Excellent,0.9955,8.94,4.47,0.0061,0.0011259006948147188,0.0017888379867410796,0.932899
11,62,8,1,0,0,Excellent,0.9955,8.94,4.47,0.0061,0.0011259006948147188,0.0017888379867410796,0.929727
7,28,7,2,1,1,Good,0.9942,14.1,7.05,0.01,0.0014548316540849981,0.006567420433243845,0.954564
7,28,7,2,1,1,Good,0.9942,14.1,7.05,0.01,0.0014548316540849981,0.006567420433243845,0.939352
8,24,5,1,1,1,Poor,0.8734,91.8,45.9,0.1218,0.03164341050381825,0.018473989808692397,0.97714
8,24,5,1,1,1,Poor,0.8734,91.8,45.9,0.1218,0.03164341050381825,0.018473989808692397,0.978964
13,30,4,1,0,0,Good,0.9872,13.71,6.85,0.014,0.0032059936020495394,0.0035378751206494004,0.990272
13,30,4,1,0,0,Good,0.9872,13.71,6.85,0.014,0.0032059936020495394,0.0035378751206494004,0.994775
21,93,7,3,2,2,Excellent,0.9933,6.6,3.3,0.0028,0.0016752233072512557,0.002370174687331353,0.963965
21,93,7,3,2,2,Excellent,0.9933,6.6,3.3,0.0028,0.0016752233072512557,0.002370174687331353,0.959189
19,122,7,1,1,1,Good,0.9859,13.91,6.95,0.0144,0.003527639241967251,0.006757571797191756,0.967373
19,122,7,1,1,1,Good,0.9859,13.91,6.95,0.0144,0.003527639241967251,0.006757571797191756,0.965255
16,70,8,4,2,2,Good,0.9852,14.63,7.32,0.014,0.0036902778307464357,0.004778771574084829,0.95101
16,70,8,4,2,2,Good,0.9852,14.63,7.32,0.014,0.0036902778307464357,0.004778771574084829,0.955957
12,34,5,2,1,1,Poor,0.8815,55.73,27.87,0.1214,0.029626871941194566,0.01888462814872499,0.984166
12,34,5,2,1,1,Poor,0.8815,55.73,27.87,0.1214,0.029626871941194566,0.01888462814872499,0.979828
19,44,4,2,0,0,Average,0.958,24.12,12.06,0.038,0.010502641917626843,0.009791728393794405,0.991167
19,44,4,2,0,0,Average,0.958,24.12,12.06,0.038,0.010502641917626843,0.009791728393794405,0.992058
9,41,6,2,2,2,Good,0.9823,14.6,7.3,0.0193,0.004423379172477454,0.004553445980648962,0.980522
9,41,6,2,2,2,Good,0.9823,14.6,7.3,0.0193,0.004423379172477454,0.004553445980648962,0.981422
21,100,6,2,1,1,Poor,0.8691,94.71,47.36,0.1302,0.032736062601106536,0.025388197773146805,0.970677
21,100,6,2,1,1,Poor,0.8691,94.71,47.36,0.1302,0.032736062601106536,0.025388197773146805,0.962578
15,51,6,2,0,0,Good,0.9869,16.24,8.12,0.0109,0.0032814064763035666,0.0047142675163999795,0.983328
15,51,6,2,0,0,Good,0.9869,16.24,8.12,0.0109,0.0032814064763035666,0.0047142675163999795,0.980852
21,69,4,1,1,1,Average,0.9665,45.75,22.88,0.034,0.008374670215044316,0.007158182561278666,0.995181
21,69,4,1,1,1,Average,0.9665,45.75,22.88,0.034,0.008374670215044316,0.007158182561278666,0.996415
21,58,4,2,1,1,Good,0.9715,11.72,5.86,0.0239,0.007133725164147092,0.0036748003449151257,0.992971
21,58,4,2,1,1,Good,0.9715,11.72,5.86,0.0239,0.007133725164147092,0.0036748003449151257,0.994759
15,81,7,4,2,2,Average,0.9669,43.14,21.57,0.0331,0.008287168478707058,0.008752194361011281,0.958363
15,81,7,4,2,2,Average,0.9669,43.14,21.57,0.0331,0.008287168478707058,0.008752194361011281,0.956796
12,47,6,1,1,1,Poor,0.8967,78.63,39.31,0.1059,0.025820566500811798,0.0151617040297584,0.975613
12,47,6,1,1,1,Poor,0.8967,78.63,39.31,0.1059,0.025820566500811798,0.0151617040297584,0.978279
15,48,6,1,1,1,Average,0.9575,42.36,21.18,0.0451,0.010632340409447466,0.010344172928298229,0.976883
15,48,6,1,1,1,Average,0.9575,42.36,21.18,0.0451,0.010632340409447466,0.010344172928298229,0.976511
20,99,6,1,0,0,Good,0.9834,11.98,5.99,0.0187,0.004154122680456618,0.003252877105857043,0.984421
20,99,6,1,0,0,Good,0.9834,11.98,5.99,0.0187,0.004154122680456618,0.003252877105857043,0.983178
16,48,5,1,1,1,Average,0.929,34.45,17.23,0.0677,0.0177501122836079,0.010126518650419294,0.988658
16,48,5,1,1,1,Average,0.929,34.45,17.23,0.0677,0.0177501122836079,0.010126518650419294,0.985347
13,48,6,1,1,1,Average,0.9492,43.41,21.7,0.0541,0.012695986186450903,0.007260011051985684,0.913519
13,48,6,1,1,1,Average,0.9492,43.41,21.7,0.0541,0.012695986186450903,0.007260011051985684,0.929655
8,46,8,1,0,0,Average,0.9679,40.16,20.08,0.032,0.008027287616812984,0.012180347182458104,0.965965
8,46,8,1,0,0,Average,0.9679,40.16,20.08,0.032,0.008027287616812984,0.012180347182458104,0.966673
13,51,6,3,3,3,Poor,0.8551,75.26,37.63,0.1425,0.03622577510596428,0.018184180012759166,0.979004
13,51,6,3,3,3,Poor,0.8551,75.26,37.63,0.1425,0.03622577510596428,0.018184180012759166,0.973095
20,89,8,3,2,2,Average,0.9589,46.35,23.18,0.0403,0.01027883754550124,0.010738830633841371,0.89774
20,89,8,3,2,2,Average,0.9589,46.35,23.18,0.0403,0.01027883754550124,0.010738830633841371,0.910038
13,78,7,1,1,1,Poor,0.8699,77.67,38.84,0.1347,0.032521014743083776,0.016007153432936554,0.956912
13,78,7,1,1,1,Poor,0.8699,77.67,38.84,0.1347,0.032521014743083776,0.016007153432936554,0.960722
17,100,8,4,1,1,Excellent,0.9983,9.69,4.85,0.0015,0.001,0.0023915559078296596,0.922345
17,100,8,4,1,1,Excellent,0.9983,9.69,4.85,0.0015,0.001,0.0023915559078296596,0.919054
15,38,4,1,1,1,Average,0.9552,21.23,10.62,0.0482,0.011191076203465822,0.01149679549843423,0.989454
15,38,4,1,1,1,Average,0.9552,21.23,10.62,0.0482,0.011191076203465822,0.01149679549843423,0.993096
15,32,4,1,1,1,Good,0.9742,13.63,6.82,0.0251,0.0064434821481134386,0.004349843707663574,0.995674
15,32,4,1,1,1,Good,0.9742,13.63,6.82,0.0251,0.0064434821481134386,0.004349843707663574,0.993183
13,30,4,1,0,0,Good,0.9726,14.44,7.22,0.0283,0.006843883867197004,0.003982588506080926,0.992516
13,30,4,1,0,0,Good,0.9726,14.44,7.22,0.0283,0.006843883867197004,0.003982588506080926,0.993237
20,99,7,1,1,1,Good,0.9839,10.22,5.11,0.0181,0.004020649979832536,0.006550656077407704,0.962156
20,99,7,1,1,1,Good,0.9839,10.22,5.11,0.0181,0.004020649979832536,0.006550656077407704,0.967176
10,24,4,1,0,0,Good,0.9855,17.35,8.67,0.0184,0.003633517082091503,0.004901499566770331,0.997671
10,24,4,1,0,0,Good,0.9855,17.35,8.67,0.0184,0.003633517082091503,0.004901499566770331,0.994336
14,72,8,3,2,2,Excellent,0.9918,8.07,4.04,0.0077,0.0020474384912068933,0.00229408545057575,0.923462
14,72,8,3,2,2,Excellent,0.9918,8.07,4.04,0.0077,0.0020474384912068933,0.00229408545057575,0.926248
16,59,7,3,2,2,Good,0.9844,15.02,7.51,0.0166,0.0039029651236565377,0.006305806459387863,0.961721
16,59,7,3,2,2,Good,0.9844,15.02,7.51,0.0166,0.0039029651236565377,0.006305806459387863,0.953708
21,92,7,4,4,4,Good,0.9877,15.73,7.86,0.0141,0.003072408378052588,0.0036766398458592765,0.954848
21,92,7,4,4,4,Good,0.9877,15.73,7.86,0.0141,0.003072408378052588,0.0036766398458592765,0.960096
21,106,8,3,2,2,Poor,0.8655,51.2,25.6,0.1375,0.033629642455373754,0.02456520698845232,0.879198
21,106,8,3,2,2,Poor,0.8655,51.2,25.6,0.1375,0.033629642455373754,0.02456520698845232,0.865287
15,37,4,1,0,0,Good,0.9872,11.39,5.69,0.0124,0.0032012130195322452,0.004049446989533654,0.994699
15,37,4,1,0,0,Good,0.9872,11.39,5.69,0.0124,0.0032012130195322452,0.004049446989533654,0.997074
19,89,8,4,2,2,Excellent,0.9982,7.73,3.86,0.004,0.001,0.0010594790936579548,0.917989
19,89,8,4,2,2,Excellent,0.9982,7.73,3.86,0.004,0.001,0.0010594790936579548,0.919525
7,32,5,1,1,1,Excellent,1.0027,7.01,3.51,0.0016,0.001,0.0023523320689248076,0.98849
7,32,5,1,1,1,Excellent,1.0027,7.01,3.51,0.0016,0.001,0.0023523320689248076,0.991611
21,60,4,1,0,0,Good,0.9752,19.44,9.72,0.0216,0.006207804612740314,0.006347911581664388,0.994067
21,60,4,1,0,0,Good,0.9752,19.44,9.72,0.0216,0.006207804612740314,0.006347911581664388,0.995016
9,53,7,1,1,1,Good,0.9874,14.19,7.09,0.0165,0.003155367619583127,0.0038162940970842543,0.974151
9,53,7,1,1,1,Good,0.9874,14.19,7.09,0.0165,0.003155367619583127,0.0038162940970842543,0.973572
20,50,4,3,2,2,Excellent,0.9899,7.67,3.83,0.0082,0.0025359938893413647,0.0015248290474953602,0.992943
20,50,4,3,2,2,Excellent,0.9899,7.67,3.83,0.0082,0.0025359938893413647,0.0015248290474953602,0.995393
15,48,6,1,0,0,Excellent,0.9971,5.56,2.78,0.0036,0.001,0.002956789544501108,0.982421
15,48,6,1,0,0,Excellent,0.9971,5.56,2.78,0.0036,0.001,0.002956789544501108,0.979866
11,57,7,1,1,1,Excellent,0.9912,8.08,4.04,0.0082,0.0022008420591942413,0.001003983518002397,0.958278
11,57,7,1,1,1,Excellent,0.9912,8.08,4.04,0.0082,0.0022008420591942413,0.001003983518002397,0.960168
13,70,6,1,1,1,Average,0.9557,39.76,19.88,0.0398,0.011067817798806667,0.008173584686685205,0.984099
13,70,6,1,1,1,Average,0.9557,39.76,19.88,0.0398,0.011067817798806667,0.008173584686685205,0.980016
20,48,4,1,0,0,Excellent,0.9993,7.07,3.54,0.005,0.001,0.001772729257256056,0.993761
20,48,4,1,0,0,Excellent,0.9993,7.07,3.54,0.005,0.001,0.001772729257256056,0.99223
18,54,4,2,2,2,Average,0.949,46.47,23.24,0.0532,0.012752404865359196,0.008135334962681085,0.997183
18,54,4,2,2,2,Average,0.949,46.47,23.24,0.0532,0.012752404865359196,0.008135334962681085,0.996212
7,32,7,1,1,1,Good,0.9835,14.12,7.06,0.016,0.004126052692629889,0.0031916963816758124,0.986162
7,32,7,1,1,1,Good,0.9835,14.12,7.06,0.016,0.004126052692629889,0.0031916963816758124,0.981282
10,45,7,2,0,0,Good,0.9784,16.01,8.0,0.0183,0.005388462346964579,0.006480475120854205,0.956813
10,45,7,2,0,0,Good,0.9784,16.01,8.0,0.0183,0.005388462346964579,0.006480475120854205,0.960823
15,51,6,3,1,1,Average,0.9723,42.57,21.28,0.0312,0.006925259765662495,0.010661146232325147,0.96723
15,51,6,3,1,1,Average,0.9723,42.57,21.28,0.0312,0.006925259765662495,0.010661146232325147,0.967546
16,72,8,3,1,1,Good,0.9784,16.42,8.21,0.0193,0.005395608175059297,0.0033010478740617146,0.927191
16,72,8,3,1,1,Good,0.9784,16.42,8.21,0.0193,0.005395608175059297,0.0033010478740617146,0.92224
6,45,8,1,0,0,Poor,0.8774,96.85,48.43,0.1248,0.030660378435604763,0.02826837456535692,0.942874
6,45,8,1,0,0,Poor,0.8774,96.85,48.43,0.1248,0.030660378435604763,0.02826837456535692,0.944022
9,36,7,2,2,2,Good,0.9782,18.0,9.0,0.0181,0.005449643298392565,0.005229877234491516,0.961049
9,36,7,2,2,2,Good,0.9782,18.0,9.0,0.0181,0.005449643298392565,0.005229877234491516,0.962094
10,45,8,1,0,0,Excellent,0.9944,6.2,3.1,0.0012,0.0014080707509198376,0.0025148199469516375,0.958527
10,45,8,1,0,0,Excellent,0.9944,6.2,3.1,0.0012,0.0014080707509198376,0.0025148199469516375,0.943317
14,52,5,3,2,2,Average,0.9579,28.08,14.04,0.043,0.01052348043454418,0.012041712561306997,0.991103
14,52,5,3,2,2,Average,0.9579,28.08,14.04,0.043,0.01052348043454418,0.012041712561306997,0.989423
14,51,5,1,1,1,Average,0.9465,49.95,24.97,0.0572,0.013367055706693387,0.01419992208515821,0.984819
14,51,5,1,1,1,Average,0.9465,49.95,24.97,0.0572,0.013367055706693387,0.01419992208515821,0.979124
15,36,4,1,1,1,Good,0.9756,12.98,6.49,0.0232,0.006103309738242274,0.004631287413736306,0.995888
15,36,4,1,1,1,Good,0.9756,12.98,6.49,0.0232,0.006103309738242274,0.004631287413736306,0.994618
13,41,5,1,1,1,Poor,0.9298,68.21,34.11,0.0707,0.017550799465768874,0.0189939019348334,0.989163
13,41,5,1,1,1,Poor,0.9298,68.21,34.11,0.0707,0.017550799465768874,0.0189939019348334,0.985211
6,26,7,1,1,1,Good,0.9829,19.18,9.59,0.0159,0.004279638308404388,0.003531830455197741,0.975914
6,26,7,1,1,1,Good,0.9829,19.18,9.59,0.0159,0.004279638308404388,0.003531830455197741,0.978954
17,69,6,1,1,1,Good,0.9815,16.98,8.49,0.0185,0.004621490962017055,0.0033166367620203587,0.978403
17,69,6,1,1,1,Good,0.9815,16.98,8.49,0.0185,0.004621490962017055,0.0033166367620203587,0.98062
20,107,8,5,4,4,Average,0.954,43.37,21.68,0.0411,0.011493142689536912,0.008944572560411928,0.904019
20,107,8,5,4,4,Average,0.954,43.37,21.68,0.0411,0.011493142689536912,0.008944572560411928,0.885703
14,66,7,1,1,1,Good,0.9732,11.19,5.59,0.0275,0.006696502640506807,0.006992310330224424,0.960566
14,66,7,1,1,1,Good,0.9732,11.19,5.59,0.0275,0.006696502640506807,0.006992310330224424,0.956211
17,45,5,1,1,1,Average,0.9505,48.17,24.09,0.046,0.012369982053439948,0.00858068412308277,0.857353
17,45,5,1,1,1,Average,0.9505,48.17,24.09,0.046,0.012369982053439948,0.00858068412308277,0.855796
18,68,7,1,0,0,Poor,0.8803,80.22,40.11,0.12,0.02992623927730126,0.01925555712565487,0.929308
18,68,7,1,0,0,Poor,0.8803,80.22,40.11,0.12,0.02992623927730126,0.01925555712565487,0.916281
10,22,4,1,1,1,Average,0.9472,37.44,18.72,0.0527,0.013207971477854935,0.014290968230683772,0.984855
10,22,4,1,1,1,Average,0.9472,37.44,18.72,0.0527,0.013207971477854935,0.014290968230683772,0.981477
10,32,5,1,1,1,Excellent,0.9984,9.76,4.88,0.0019,0.001,0.0013690377796558373,0.995861
10,32,5,1,1,1,Excellent,0.9984,9.76,4.88,0.0019,0.001,0.0013690377796558373,0.990442
18,84,7,3,2,2,Excellent,0.9912,9.83,4.92,0.0095,0.002198579429611741,0.0018163628455537665,0.968078
18,84,7,3,2,2,Excellent,0.9912,9.83,4.92,0.0095,0.002198579429611741,0.0018163628455537665,0.955315
13,56,8,2,1,1,Good,0.9787,13.21,6.6,0.0211,0.005320582028561199,0.00689015005230359,0.948129
13,56,8,2,1,1,Good,0.9787,13.21,6.6,0.0211,0.005320582028561199,0.00689015005230359,0.938878
20,82,7,2,1,1,Good,0.9695,13.72,6.86,0.0256,0.007624051525565778,0.0034856721832471804,0.9646
20,82,7,2,1,1,Good,0.9695,13.72,6.86,0.0256,0.007624051525565778,0.0034856721832471804,0.950631
13,57,8,1,0,0,Excellent,0.9964,6.64,3.32,0.006,0.001,0.0029520965034430593,0.929639
13,57,8,1,0,0,Excellent,0.9964,6.64,3.32,0.006,0.001,0.0029520965034430593,0.936056
8,43,8,1,0,0,Good,0.9772,19.91,9.96,0.018,0.0056889272670311575,0.006587219270065383,0.960705
8,43,8,1,0,0,Good,0.9772,19.91,9.96,0.018,0.0056889272670311575,0.006587219270065383,0.96419
10,61,7,1,1,1,Excellent,0.9985,9.78,4.89,0.003,0.001,0.0014536577292219857,0.970312
10,61,7,1,1,1,Excellent,0.9985,9.78,4.89,0.003,0.001,0.0014536577292219857,0.958384
8,39,8,1,1,1,Good,0.9898,13.01,6.5,0.0103,0.002541947897462593,0.00529964713739473,0.947245
8,39,8,1,1,1,Good,0.9898,13.01,6.5,0.0103,0.002541947897462593,0.00529964713739473,0.94354
21,119,8,3,2,2,Good,0.9771,10.33,5.17,0.0223,0.005727540933263775,0.004308899963880278,0.920066
21,119,8,3,2,2,Good,0.9771,10.33,5.17,0.0223,0.005727540933263775,0.004308899963880278,0.931053
15,91,7,1,1,1,Good,0.9786,17.42,8.71,0.0233,0.0053424096991161185,0.00418740588154169,0.964371
15,91,7,1,1,1,Good,0.9786,17.42,8.71,0.0233,0.0053424096991161185,0.00418740588154169,0.965967
16,42,4,1,1,1,Good,0.9847,10.56,5.28,0.0137,0.0038211732289830935,0.003928510011165745,0.996305
16,42,4,1,1,1,Good,0.9847,10.56,5.28,0.0137,0.0038211732289830935,0.003928510011165745,0.995196
21,109,8,2,1,1,Poor,0.8506,71.41,35.7,0.1454,0.037342425785601346,0.029149158179128776,0.892409
21,109,8,2,1,1,Poor,0.8506,71.41,35.7,0.1454,0.037342425785601346,0.029149158179128776,0.884146
7,26,5,1,1,1,Average,0.9598,32.07,16.03,0.0353,0.010056301307533155,0.010790864566497908,0.991994
7,26,5,1,1,1,Average,0.9598,32.07,16.03,0.0353,0.010056301307533155,0.010790864566497908,0.988629
13,50,6,2,1,1,Excellent,0.9919,7.24,3.62,0.0041,0.0020199678553751155,0.002052384546855292,0.984265
13,50,6,2,1,1,Excellent,0.9919,7.24,3.62,0.0041,0.0020199678553751155,0.002052384546855292,0.980706
10,42,7,2,2,2,Average,0.9672,45.49,22.74,0.0303,0.008197503601071937,0.014515012103757479,0.942598
10,42,7,2,2,2,Average,0.9672,45.49,22.74,0.0303,0.008197503601071937,0.014515012103757479,0.935696
14,63,7,1,0,0,Excellent,1.0015,8.55,4.28,0.0032,0.001,0.0023132969169940227,0.969369
14,63,7,1,0,0,Excellent,1.0015,8.55,4.28,0.0032,0.001,0.0023132969169940227,0.971985
16,71,7,1,0,0,Poor,0.9258,54.85,27.42,0.0741,0.018561116111906945,0.017946739380325778,0.939116
16,71,7,1,0,0,Poor,0.9258,54.85,27.42,0.0741,0.018561116111906945,0.017946739380325778,0.952228
8,35,6,1,0,0,Good,0.9857,15.16,7.58,0.0139,0.0035678265314478264,0.0037595092147073143,0.981194
8,35,6,1,0,0,Good,0.9857,15.16,7.58,0.0139,0.0035678265314478264,0.0037595092147073143,0.987562
21,81,6,1,0,0,Poor,0.8704,51.28,25.64,0.13,0.03240948547151254,0.027990020527914626,0.964962
21,81,6,1,0,0,Poor,0.8704,51.28,25.64,0.13,0.03240948547151254,0.027990020527914626,0.970054
16,39,5,1,1,1,Excellent,0.9931,9.62,4.81,0.0088,0.0017325669185854209,0.0019408720644345707,0.995447
16,39,5,1,1,1,Excellent,0.9931,9.62,4.81,0.0088,0.0017325669185854209,0.0019408720644345707,0.99286
18,59,6,3,3,3,Good,0.9924,19.72,9.86,0.0107,0.0019003393899027499,0.00523337756975847,0.985269
18,59,6,3,3,3,Good,0.9924,19.72,9.86,0.0107,0.0019003393899027499,0.00523337756975847,0.987054
17,56,6,1,1,1,Excellent,0.9901,8.64,4.32,0.0081,0.0024669988863214587,0.00267033562737542,0.976188
17,56,6,1,1,1,Excellent,0.9901,8.64,4.32,0.0081,0.0024669988863214587,0.00267033562737542,0.982091
14,54,6,1,1,1,Poor,0.9118,83.45,41.73,0.0899,0.022061513563641277,0.02882738251965921,0.955011
14,54,6,1,1,1,Poor,0.9118,83.45,41.73,0.0899,0.022061513563641277,0.02882738251965921,0.966469
21,45,4,1,1,1,Poor,0.9081,50.13,25.07,0.0928,0.0229815484740703,0.028383910823115102,0.990363
21,45,4,1,1,1,Poor,0.9081,50.13,25.07,0.0928,0.0229815484740703,0.028383910823115102,0.992011
15,54,6,3,2,2,Excellent,0.9951,7.7,3.85,0.0098,0.0012256275351575918,0.0014972891450555172,0.979687
15,54,6,3,2,2,Excellent,0.9951,7.7,3.85,0.0098,0.0012256275351575918,0.0014972891450555172,0.985398
10,56,8,1,1,1,Good,0.981,10.81,5.41,0.0208,0.004745706689344015,0.005354265403229563,0.92961
10,56,8,1,1,1,Good,0.981,10.81,5.41,0.0208,0.004745706689344015,0.005354265403229563,0.940173
11,54,7,1,0,0,Excellent,0.9995,6.19,3.1,0.0037,0.001,0.0021093658566376594,0.973191
11,54,7,1,0,0,Excellent,0.9995,6.19,3.1,0.0037,0.001,0.0021093658566376594,0.966374
6,25,6,1,1,1,Poor,0.9279,76.71,38.35,0.071,0.0180195961313456,0.01736171762735551,0.983968
6,25,6,1,1,1,Poor,0.9279,76.71,38.35,0.071,0.0180195961313456,0.01736171762735551,0.985906
15,68,7,1,0,0,Poor,0.9105,85.46,42.73,0.0865,0.022373622752972666,0.01855094984276732,0.934302
15,68,7,1,0,0,Poor,0.9105,85.46,42.73,0.0865,0.022373622752972666,0.01855094984276732,0.929524
10,64,7,1,1,1,Good,0.9911,10.55,5.28,0.0138,0.0022357332658279883,0.0041999242086305354,0.969044
10,64,7,1,1,1,Good,0.9911,10.55,5.28,0.0138,0.0022357332658279883,0.0041999242086305354,0.967734
21,68,7,3,2,2,Excellent,0.9909,7.53,3.76,0.0096,0.0022664134785933543,0.0029848004127863235,0.949483
21,68,7,3,2,2,Excellent,0.9909,7.53,3.76,0.0096,0.0022664134785933543,0.0029848004127863235,0.958285
11,31,4,1,1,1,Excellent,0.9938,9.9,4.95,0.0072,0.0015403837974777845,0.0022302673025825087,0.996094
11,31,4,1,1,1,Excellent,0.9938,9.9,4.95,0.0072,0.0015403837974777845,0.0022302673025825087,0.99471
12,28,4,1,0,0,Good,0.9784,18.11,9.05,0.0176,0.005402240303628791,0.005148455449213893,0.994364
12,28,4,1,0,0,Good,0.9784,18.11,9.05,0.0176,0.005402240303628791,0.005148455449213893,0.993902
7,43,8,1,1,1,Average,0.9509,24.89,12.45,0.046,0.01227723017904414,0.007954438991036318,0.934569
7,43,8,1,1,1,Average,0.9509,24.89,12.45,0.046,0.01227723017904414,0.007954438991036318,0.931862
18,80,8,3,2,2,Excellent,0.9973,6.48,3.24,0.0045,0.001,0.0029755770289738807,0.914401
18,80,8,3,2,2,Excellent,0.9973,6.48,3.24,0.0045,0.001,0.0029755770289738807,0.929885
14,45,6,2,2,2,Average,0.945,34.41,17.2,0.0579,0.013757340848028932,0.013908345671404754,0.968914
14,45,6,2,2,2,Average,0.945,34.41,17.2,0.0579,0.013757340848028932,0.013908345671404754,0.970105
16,68,8,2,1,1,Good,0.9845,15.77,7.88,0.0184,0.003874442321562782,0.00621562598310369,0.94081
16,68,8,2,1,1,Good,0.9845,15.77,7.88,0.0184,0.003874442321562782,0.00621562598310369,0.946866
17,46,4,1,0,0,Good,0.9861,19.76,9.88,0.0128,0.0034784212228731737,0.005959452525813,0.995765
17,46,4,1,0,0,Good,0.9861,19.76,9.88,0.0128,0.0034784212228731737,0.005959452525813,0.997927
17,53,5,3,3,3,Poor,0.8525,90.65,45.32,0.1426,0.03687947512364598,0.028602742819666294,0.975907
17,53,5,3,3,3,Poor,0.8525,90.65,45.32,0.1426,0.03687947512364598,0.028602742819666294,0.978867
18,87,8,3,1,1,Excellent,0.9908,6.65,3.33,0.0081,0.0022980753856772507,0.0010830599128637704,0.910103
18,87,8,3,1,1,Excellent,0.9908,6.65,3.33,0.0081,0.0022980753856772507,0.0010830599128637704,0.928691
7,24,6,1,1,1,Good,0.9681,17.31,8.65,0.0277,0.00796617207369138,0.005533149523405278,0.984728
7,24,6,1,1,1,Good,0.9681,17.31,8.65,0.0277,0.00796617207369138,0.005533149523405278,0.977882
6,31,6,1,0,0,Excellent,0.9933,5.05,2.53,0.0022,0.0016813846676475563,0.0012365312574570866,0.991696
6,31,6,1,0,0,Excellent,0.9933,5.05,2.53,0.0022,0.0016813846676475563,0.0012365312574570866,0.990492
7,25,5,1,1,1,Good,0.9835,16.39,8.2,0.0129,0.004127672942473876,0.005433240183064113,0.990777
7,25,5,1,1,1,Good,0.9835,16.39,8.2,0.0129,0.004127672942473876,0.005433240183064113,0.991345
11,46,6,1,1,1,Good,0.9795,17.67,8.84,0.0192,0.005122771597384085,0.0048699636070762215,0.980087
11,46,6,1,1,1,Good,0.9795,17.67,8.84,0.0192,0.005122771597384085,0.0048699636070762215,0.981662
17,102,8,2,1,1,Good,0.9818,18.57,9.29,0.0215,0.004561440946755202,0.006876703244221901,0.914446
17,102,8,2,1,1,Good,0.9818,18.57,9.29,0.0215,0.004561440946755202,0.006876703244221901,0.906032
7,18,4,1,0,0,Poor,0.8606,52.15,26.07,0.139,0.034852133139730374,0.028758471922732242,0.936332
7,18,4,1,0,0,Poor,0.8606,52.15,26.07,0.139,0.034852133139730374,0.028758471922732242,0.939472
14,47,6,5,4,4,Average,0.9427,49.44,24.72,0.0536,0.014312702990387227,0.00955218215500295,0.978062
14,47,6,5,4,4,Average,0.9427,49.44,24.72,0.0536,0.014312702990387227,0.00955218215500295,0.975322
15,64,8,3,1,1,Average,0.9569,47.77,23.89,0.039,0.010774883216821074,0.011459503532426953,0.91521
15,64,8,3,1,1,Average,0.9569,47.77,23.89,0.039,0.010774883216821074,0.011459503532426953,0.905692
18,76,8,3,3,3,Average,0.9467,38.88,19.44,0.0512,0.013335441368802103,0.01371174119980742,0.916168
18,76,8,3,3,3,Average,0.9467,38.88,19.44,0.0512,0.013335441368802103,0.01371174119980742,0.917391
16,79,6,1,1,1,Poor,0.9141,99.02,49.51,0.0826,0.021468320308970834,0.026913029516394668,0.976302
16,79,6,1,1,1,Poor,0.9141,99.02,49.51,0.0826,0.021468320308970834,0.026913029516394668,0.97365
10,41,6,3,1,1,Excellent,0.9932,7.47,3.73,0.005,0.0017003605953030687,0.0018148024436814513,0.991126
10,41,6,3,1,1,Excellent,0.9932,7.47,3.73,0.005,0.0017003605953030687,0.0018148024436814513,0.992537
9,43,7,2,1,1,Poor,0.9045,92.02,46.01,0.0948,0.023884295472942352,0.021714674235562045,0.953894
9,43,7,2,1,1,Poor,0.9045,92.02,46.01,0.0948,0.023884295472942352,0.021714674235562045,0.955385
20,66,6,2,1,1,Good,0.971,17.58,8.79,0.028,0.007243725542481538,0.003524327313802848,0.977278
20,66,6,2,1,1,Good,0.971,17.58,8.79,0.028,0.007243725542481538,0.003524327313802848,0.977993
8,29,6,1,1,1,Average,0.9677,35.12,17.56,0.0311,0.008085584329983825,0.008592382233196215,0.979381
8,29,6,1,1,1,Average,0.9677,35.12,17.56,0.0311,0.008085584329983825,0.008592382233196215,0.986547
19,43,4,1,1,1,Poor,0.9003,90.45,45.22,0.0953,0.024935746305419365,0.022898389559988422,0.988321
19,43,4,1,1,1,Poor,0.9003,90.45,45.22,0.0953,0.024935746305419365,0.022898389559988422,0.987615
7,37,8,1,0,0,Average,0.9555,23.87,11.93,0.0402,0.011118967309588557,0.008962359642429984,0.966066
7,37,8,1,0,0,Average,0.9555,23.87,11.93,0.0402,0.011118967309588557,0.008962359642429984,0.967604
15,63,6,1,0,0,Poor,0.9242,78.36,39.18,0.0745,0.018943847654547763,0.018963216475984777,0.980068
15,63,6,1,0,0,Poor,0.9242,78.36,39.18,0.0745,0.018943847654547763,0.018963216475984777,0.978285
12,39,6,1,0,0,Excellent,1.0012,8.4,4.2,0.0032,0.001,0.00283580180209187,0.985576
12,39,6,1,0,0,Excellent,1.0012,8.4,4.2,0.0032,0.001,0.00283580180209187,0.984925
20,100,6,1,0,0,Excellent,0.9952,7.86,3.93,0.0074,0.001192171116116747,0.0028648117709862116,0.973564
20,100,6,1,0,0,Excellent,0.9952,7.86,3.93,0.0074,0.001192171116116747,0.0028648117709862116,0.982512
15,73,7,3,2,2,Poor,0.8945,79.04,39.52,0.1044,0.02637284570849699,0.016845830144777404,0.924871
15,73,7,3,2,2,Poor,0.8945,79.04,39.52,0.1044,0.02637284570849699,0.016845830144777404,0.918431
20,72,6,1,0,0,Poor,0.9313,77.35,38.67,0.0706,0.01717164949561162,0.01573764042243325,0.966813
20,72,6,1,0,0,Poor,0.9313,77.35,38.67,0.0706,0.01717164949561162,0.01573764042243325,0.97812
14,33,4,4,2,2,Good,0.9699,18.56,9.28,0.0261,0.00752789953204086,0.0037424343575222013,0.991173
14,33,4,4,2,2,Good,0.9699,18.56,9.28,0.0261,0.00752789953204086,0.0037424343575222013,0.995838
17,45,4,1,1,1,Poor,0.9161,74.44,37.22,0.0874,0.020964505331587974,0.01715484690184182,0.993862
17,45,4,1,1,1,Poor,0.9161,74.44,37.22,0.0874,0.020964505331587974,0.01715484690184182,0.995821
21,112,8,3,2,2,Good,0.988,17.86,8.93,0.0127,0.003002501082092046,0.0064424439193270355,0.913606
21,112,8,3,2,2,Good,0.988,17.86,8.93,0.0127,0.003002501082092046,0.0064424439193270355,0.897395
14,62,6,1,1,1,Excellent,0.9907,5.93,2.97,0.0056,0.0023182490393407473,0.0014801461363298679,0.984195
14,62,6,1,1,1,Excellent,0.9907,5.93,2.97,0.0056,0.0023182490393407473,0.0014801461363298679,0.981838
18,64,5,2,0,0,Poor,0.8628,68.8,34.4,0.1388,0.0343074725673177,0.01887430956572345,0.989046
18,64,5,2,0,0,Poor,0.8628,68.8,34.4,0.1388,0.0343074725673177,0.01887430956572345,0.991351
21,78,7,2,0,0,Good,0.9731,16.22,8.11,0.0242,0.006735957127026793,0.005139669950826948,0.954413
21,78,7,2,0,0,Good,0.9731,16.22,8.11,0.0242,0.006735957127026793,0.005139669950826948,0.95637
10,37,6,2,0,0,Excellent,0.9884,5.68,2.84,0.0069,0.0029107985758619337,0.0011878414638543454,0.976986
10,37,6,2,0,0,Excellent,0.9884,5.68,2.84,0.0069,0.0029107985758619337,0.0011878414638543454,0.984477
12,53,7,1,0,0,Good,0.9843,17.61,8.81,0.0135,0.003928685164809154,0.003553200430048043,0.940792
12,53,7,1,0,0,Good,0.9843,17.61,8.81,0.0135,0.003928685164809154,0.003553200430048043,0.967748
10,34,4,1,1,1,Excellent,0.9984,9.0,4.5,0.0048,0.001,0.002724035383524056,0.995966
10,34,4,1,1,1,Excellent,0.9984,9.0,4.5,0.0048,0.001,0.002724035383524056,0.998059
14,47,6,2,0,0,Average,0.9586,23.81,11.9,0.0456,0.010352943359023592,0.010540524561620203,0.969171
14,47,6,2,0,0,Average,0.9586,23.81,11.9,0.0456,0.010352943359023592,0.010540524561620203,0.964086
8,35,7,1,0,0,Good,0.9809,15.51,7.76,0.0144,0.004782049995751214,0.00586648401118333,0.980111
8,35,7,1,0,0,Good,0.9809,15.51,7.76,0.0144,0.004782049995751214,0.00586648401118333,0.977865
15,54,7,4,3,3,Good,0.9896,12.13,6.07,0.0131,0.0025899852739692253,0.0047299838660030125,0.965822
15,54,7,4,3,3,Good,0.9896,12.13,6.07,0.0131,0.0025899852739692253,0.0047299838660030125,0.967409
10,24,5,1,1,1,Poor,0.8897,72.47,36.24,0.1073,0.027577862493833843,0.016131483548972845,0.978249
10,24,5,1,1,1,Poor,0.8897,72.47,36.24,0.1073,0.027577862493833843,0.016131483548972845,0.980035
7,37,8,2,1,1,Poor,0.9059,70.09,35.05,0.0939,0.023529398940738827,0.028882696532009727,0.91171
7,37,8,2,1,1,Poor,0.9059,70.09,35.05,0.0939,0.023529398940738827,0.028882696532009727,0.912219
6,24,7,1,0,0,Good,0.9877,15.59,7.79,0.011,0.0030656693815907243,0.003138212810011449,0.976267
6,24,7,1,0,0,Good,0.9877,15.59,7.79,0.011,0.0030656693815907243,0.003138212810011449,0.981788
16,87,8,1,1,1,Good,0.9704,16.24,8.12,0.0259,0.007392564303768723,0.004150655778789948,0.91813
16,87,8,1,1,1,Good,0.9704,16.24,8.12,0.0259,0.007392564303768723,0.004150655778789948,0.908885
21,62,4,2,1,1,Average,0.9647,41.84,20.92,0.0353,0.008832616756129619,0.007148021022999138,0.99689
21,62,4,2,1,1,Average,0.9647,41.84,20.92,0.0353,0.008832616756129619,0.007148021022999138,0.998042
11,51,6,1,0,0,Poor,0.9197,72.67,36.34,0.081,0.02008146543137726,0.015036305357723385,0.811047
11,51,6,1,0,0,Poor,0.9197,72.67,36.34,0.081,0.02008146543137726,0.015036305357723385,0.830087
7,16,4,1,1,1,Good,0.9863,17.07,8.53,0.0138,0.0034336597090091625,0.006928447585011428,0.987549
7,16,4,1,1,1,Good,0.9863,17.07,8.53,0.0138,0.0034336597090091625,0.006928447585011428,0.990705
8,37,7,1,1,1,Average,0.9603,37.21,18.61,0.0407,0.009935126393559285,0.012165510987412805,0.964832
8,37,7,1,1,1,Average,0.9603,37.21,18.61,0.0407,0.009935126393559285,0.012165510987412805,0.965873
12,84,8,2,1,1,Poor,0.865,87.43,43.71,0.1371,0.03375268843128665,0.02763170320509998,0.903352
12,84,8,2,1,1,Poor,0.865,87.43,43.71,0.1371,0.03375268843128665,0.02763170320509998,0.914079
19,62,6,1,1,1,Excellent,0.9919,7.95,3.97,0.0062,0.002013066971206595,0.0016271653922528928,0.984012
19,62,6,1,1,1,Excellent,0.9919,7.95,3.97,0.0062,0.002013066971206595,0.0016271653922528928,0.982766
15,63,7,2,0,0,Good,0.9798,11.28,5.64,0.0249,0.005038108636706812,0.004029039647972235,0.968075
15,63,7,2,0,0,Good,0.9798,11.28,5.64,0.0249,0.005038108636706812,0.004029039647972235,0.960188
9,43,7,1,0,0,Good,0.9765,11.01,5.5,0.0244,0.005878695610765677,0.006738241460338834,0.966039
9,43,7,1,0,0,Good,0.9765,11.01,5.5,0.0244,0.005878695610765677,0.006738241460338834,0.961557
8,55,8,2,1,1,Excellent,1.0014,6.65,3.32,0.0029,0.001,0.001455956865124074,0.949429
8,55,8,2,1,1,Excellent,1.0014,6.65,3.32,0.0029,0.001,0.001455956865124074,0.951889
19,123,7,2,1,1,Good,0.9871,11.37,5.69,0.0139,0.0032365968387773614,0.005124218157029122,0.967815
19,123,7,2,1,1,Good,0.9871,11.37,5.69,0.0139,0.0032365968387773614,0.005124218157029122,0.9703
21,67,6,1,1,1,Average,0.9358,25.18,12.59,0.0656,0.016052599745894958,0.009728063607078294,0.970667
21,67,6,1,1,1,Average,0.9358,25.18,12.59,0.0656,0.016052599745894958,0.009728063607078294,0.976292
10,26,4,1,1,1,Good,0.9799,12.05,6.03,0.0205,0.005014207412246396,0.004932315470510977,0.996938
10,26,4,1,1,1,Good,0.9799,12.05,6.03,0.0205,0.005014207412246396,0.004932315470510977,0.993926
15,51,6,2,1,1,Excellent,1.0015,6.94,3.47,0.0005,0.001,0.0029748992581857337,0.976013
15,51,6,2,1,1,Excellent,1.0015,6.94,3.47,0.0005,0.001,0.0029748992581857337,0.986139
14,44,5,2,2,2,Average,0.9561,32.02,16.01,0.0487,0.010976531699587011,0.011795667143850335,0.989362
14,44,5,2,2,2,Average,0.9561,32.02,16.01,0.0487,0.010976531699587011,0.011795667143850335,0.990781
18,87,8,5,2,2,Good,0.9839,18.84,9.42,0.0208,0.004030220126345296,0.006425264168408378,0.920727
18,87,8,5,2,2,Good,0.9839,18.84,9.42,0.0208,0.004030220126345296,0.006425264168408378,0.911071
10,53,8,1,0,0,Poor,0.893,54.18,27.09,0.1021,0.026746999099111407,0.02128041993707249,0.925394
10,53,8,1,0,0,Poor,0.893,54.18,27.09,0.1021,0.026746999099111407,0.02128041993707249,0.91321
16,75,6,2,1,1,Poor,0.8872,83.28,41.64,0.1118,0.028208277286099315,0.01991667405720143,0.856638
16,75,6,2,1,1,Poor,0.8872,83.28,41.64,0.1118,0.028208277286099315,0.01991667405720143,0.866367
21,79,6,1,0,0,Average,0.9289,23.0,11.5,0.0686,0.017773712784393353,0.01044762714353783,0.968928
21,79,6,1,0,0,Average,0.9289,23.0,11.5,0.0686,0.017773712784393353,0.01044762714353783,0.966776
18,52,4,1,1,1,Poor,0.8662,66.88,33.44,0.133,0.033450617653615844,0.02296431729821519,0.991373
18,52,4,1,1,1,Poor,0.8662,66.88,33.44,0.133,0.033450617653615844,0.02296431729821519,0.988989
17,47,4,2,2,2,Excellent,0.9947,7.07,3.54,0.0035,0.0013195102875836473,0.0013078124996293349,0.992797
17,47,4,2,2,2,Excellent,0.9947,7.07,3.54,0.0035,0.0013195102875836473,0.0013078124996293349,0.994082
21,117,8,1,1,1,Average,0.9413,20.15,10.07,0.0621,0.01468378493916997,0.008612727375583867,0.914625
21,117,8,1,1,1,Average,0.9413,20.15,10.07,0.0621,0.01468378493916997,0.008612727375583867,0.897745
19,83,7,3,2,2,Excellent,0.9958,7.56,3.78,0.0023,0.0010377594645305521,0.0019399039725551451,0.966318
19,83,7,3,2,2,Excellent,0.9958,7.56,3.78,0.0023,0.0010377594645305521,0.0019399039725551451,0.965779
6,29,7,1,1,1,Good,0.9903,14.08,7.04,0.0109,0.0024223819834272298,0.006239561228055053,0.985344
6,29,7,1,1,1,Good,0.9903,14.08,7.04,0.0109,0.0024223819834272298,0.006239561228055053,0.986757
12,42,4,2,1,1,Average,0.9722,40.04,20.02,0.0305,0.006945764904884022,0.012103760365618083,0.987001
12,42,4,2,1,1,Average,0.9722,40.04,20.02,0.0305,0.006945764904884022,0.012103760365618083,0.991426
21,114,8,3,3,3,Good,0.9798,18.41,9.2,0.0167,0.005051035367414858,0.0040749046537135805,0.918499
21,114,8,3,3,3,Good,0.9798,18.41,9.2,0.0167,0.005051035367414858,0.0040749046537135805,0.917537
17,65,5,1,1,1,Poor,0.8859,80.47,40.23,0.1121,0.02853547503776263,0.0287155944901225,0.987387
17,65,5,1,1,1,Poor,0.8859,80.47,40.23,0.1121,0.02853547503776263,0.0287155944901225,0.986396
18,88,6,1,0,0,Poor,0.8941,64.96,32.48,0.1108,0.02647961413069258,0.023595553560763753,0.979829
18,88,6,1,0,0,Poor,0.8941,64.96,32.48,0.1108,0.02647961413069258,0.023595553560763753,0.967726
13,51,7,3,2,2,Average,0.9353,40.3,20.15,0.0655,0.01617151652497692,0.012023498520926735,0.963397
13,51,7,3,2,2,Average,0.9353,40.3,20.15,0.0655,0.01617151652497692,0.012023498520926735,0.964493
13,34,4,2,1,1,Excellent,0.9994,6.77,3.38,0.0053,0.001,0.001279824097933226,0.994876
13,34,4,2,1,1,Excellent,0.9994,6.77,3.38,0.0053,0.001,0.001279824097933226,0.99651
19,75,6,4,1,1,Poor,0.9053,68.13,34.06,0.0992,0.023684445238330604,0.024844590348239527,0.949999
19,75,6,4,1,1,Poor,0.9053,68.13,34.06,0.0992,0.023684445238330604,0.024844590348239527,0.953338
11,46,6,1,0,0,Good,0.9818,10.04,5.02,0.0204,0.004550139221923294,0.006356396246146376,0.973908
11,46,6,1,0,0,Good,0.9818,10.04,5.02,0.0204,0.004550139221923294,0.006356396246146376,0.977602
18,69,6,1,1,1,Average,0.9506,23.18,11.59,0.0468,0.012341114878468062,0.013131624652134365,0.979098
18,69,6,1,1,1,Average,0.9506,23.18,11.59,0.0468,0.012341114878468062,0.013131624652134365,0.97834
19,44,5,1,1,1,Excellent,0.9969,8.68,4.34,0.0036,0.001,0.0024328630212353255,0.994099
19,44,5,1,1,1,Excellent,0.9969,8.68,4.34,0.0036,0.001,0.0024328630212353255,0.993281
19,76,7,5,3,3,Poor,0.8847,64.63,32.31,0.1113,0.028830432255361027,0.02973285247871122,0.879545
19,76,7,5,3,3,Poor,0.8847,64.63,32.31,0.1113,0.028830432255361027,0.02973285247871122,0.890168
18,82,7,2,1,1,Good,0.9904,18.43,9.22,0.0143,0.0024016660949618407,0.0066590327823574,0.951892
18,82,7,2,1,1,Good,0.9904,18.43,9.22,0.0143,0.0024016660949618407,0.0066590327823574,0.960213
17,60,4,1,0,0,Excellent,0.9986,9.91,4.95,0.0053,0.001,0.0025287124826062933,0.991863
17,60,4,1,0,0,Excellent,0.9986,9.91,4.95,0.0053,0.001,0.0025287124826062933,0.997369
10,64,7,1,1,1,Average,0.9378,43.37,21.68,0.0655,0.015555218125956588,0.01357361843227659,0.961993
10,64,7,1,1,1,Average,0.9378,43.37,21.68,0.0655,0.015555218125956588,0.01357361843227659,0.967486
15,97,8,2,2,2,Poor,0.8777,81.14,40.57,0.1175,0.030565887088966376,0.021306127078218502,0.909365
15,97,8,2,2,2,Poor,0.8777,81.14,40.57,0.1175,0.030565887088966376,0.021306127078218502,0.910067
13,30,5,1,0,0,Good,0.9886,14.6,7.3,0.0129,0.002837650123357238,0.0034761884644719946,0.990737
13,30,5,1,0,0,Good,0.9886,14.6,7.3,0.0129,0.002837650123357238,0.0034761884644719946,0.991016
11,50,5,1,0,0,Good,0.969,14.72,7.36,0.0266,0.0077460875755270275,0.005833717728035193,0.991955
11,50,5,1,0,0,Good,0.969,14.72,7.36,0.0266,0.0077460875755270275,0.005833717728035193,0.991309
16,92,7,1,1,1,Average,0.9427,46.19,23.09,0.0586,0.014325455120407976,0.010584167960621643,0.949802
16,92,7,1,1,1,Average,0.9427,46.19,23.09,0.0586,0.014325455120407976,0.010584167960621643,0.952528
20,65,7,2,1,1,Average,0.9701,41.1,20.55,0.0328,0.007478358988898065,0.010365754157090162,0.958778
20,65,7,2,1,1,Average,0.9701,41.1,20.55,0.0328,0.007478358988898065,0.010365754157090162,0.967921
16,61,6,1,0,0,Good,0.9916,15.93,7.97,0.0115,0.0020906117949474334,0.006459579275388898,0.963261
16,61,6,1,0,0,Good,0.9916,15.93,7.97,0.0115,0.0020906117949474334,0.006459579275388898,0.96716
12,44,7,2,1,1,Poor,0.8974,75.71,37.85,0.0982,0.025642842358817863,0.022411687553211466,0.935929
12,44,7,2,1,1,Poor,0.8974,75.71,37.85,0.0982,0.025642842358817863,0.022411687553211466,0.928344
18,79,6,3,1,1,Good,0.9791,14.05,7.02,0.021,0.005235820583191164,0.00520197613572259,0.97674
18,79,6,3,1,1,Good,0.9791,14.05,7.02,0.021,0.005235820583191164,0.00520197613572259,0.975614
11,25,4,1,1,1,Excellent,0.9932,9.68,4.84,0.0079,0.0017093100704260455,0.002264069674159953,0.996263
11,25,4,1,1,1,Excellent,0.9932,9.68,4.84,0.0079,0.0017093100704260455,0.002264069674159953,0.99512
8,28,6,3,0,0,Excellent,0.9972,5.77,2.89,0.0057,0.001,0.0020459894931849154,0.992254
8,28,6,3,0,0,Excellent,0.9972,5.77,2.89,0.0057,0.001,0.0020459894931849154,0.993069
9,41,7,2,1,1,Good,0.9927,18.15,9.08,0.0105,0.0018139647843177786,0.0030281713579716793,0.971243
9,41,7,2,1,1,Good,0.9927,18.15,9.08,0.0105,0.0018139647843177786,0.0030281713579716793,0.961678
18,91,7,1,1,1,Excellent,1.0004,9.37,4.68,0.0005,0.001,0.0014388921332515424,0.963544
18,91,7,1,1,1,Excellent,1.0004,9.37,4.68,0.0005,0.001,0.0014388921332515424,0.962741
13,50,7,1,0,0,Good,0.9775,12.75,6.37,0.0241,0.005625316465144303,0.006398149413962927,0.976002
13,50,7,1,0,0,Good,0.9775,12.75,6.37,0.0241,0.005625316465144303,0.006398149413962927,0.963939
20,83,6,1,0,0,Excellent,0.996,6.21,3.11,0.0032,0.001,0.0016558072635567437,0.985183
20,83,6,1,0,0,Excellent,0.996,6.21,3.11,0.0032,0.001,0.0016558072635567437,0.981007
13,74,8,5,5,5,Good,0.9713,13.38,6.69,0.0238,0.007169410755705402,0.004947353555031394,0.950777
13,74,8,5,5,5,Good,0.9713,13.38,6.69,0.0238,0.007169410755705402,0.004947353555031394,0.94133
9,35,5,2,2,2,Good,0.9806,18.4,9.2,0.0232,0.004841369699306319,0.003400600174752015,0.988274
9,35,5,2,2,2,Good,0.9806,18.4,9.2,0.0232,0.004841369699306319,0.003400600174752015,0.991617
16,56,6,1,0,0,Excellent,0.9917,8.41,4.2,0.0077,0.002069133643846449,0.0028101365869154715,0.980189
16,56,6,1,0,0,Excellent,0.9917,8.41,4.2,0.0077,0.002069133643846449,0.0028101365869154715,0.981937
10,40,6,2,1,1,Excellent,0.9956,7.62,3.81,0.0062,0.001105913626520516,0.0024783013943231653,0.988836
10,40,6,2,1,1,Excellent,0.9956,7.62,3.81,0.0062,0.001105913626520516,0.0024783013943231653,0.992256
14,64,8,1,1,1,Average,0.9624,27.9,13.95,0.0424,0.0094071573570646,0.011299159300877843,0.902731
14,64,8,1,1,1,Average,0.9624,27.9,13.95,0.0424,0.0094071573570646,0.011299159300877843,0.920541
21,99,6,3,3,3,Excellent,0.9955,8.26,4.13,0.007,0.0011225448912012825,0.002872418004674043,0.979829
21,99,6,3,3,3,Excellent,0.9955,8.26,4.13,0.007,0.0011225448912012825,0.002872418004674043,0.981094
18,77,5,1,0,0,Poor,0.8787,55.69,27.85,0.1202,0.03032184433529675,0.02901590743397672,0.987638
18,77,5,1,0,0,Poor,0.8787,55.69,27.85,0.1202,0.03032184433529675,0.02901590743397672,0.979468
20,106,7,4,3,3,Excellent,1.0,9.37,4.68,0.0014,0.001,0.0016051063210412346,0.966031
20,106,7,4,3,3,Excellent,1.0,9.37,4.68,0.0014,0.001,0.0016051063210412346,0.965834
17,81,6,1,1,1,Poor,0.9137,75.62,37.81,0.0911,0.021577275000942503,0.023617574663110666,0.972648
17,81,6,1,1,1,Poor,0.9137,75.62,37.81,0.0911,0.021577275000942503,0.023617574663110666,0.977768
15,50,7,3,3,3,Excellent,0.9942,5.33,2.67,0.0022,0.0014580415622233722,0.001638596005436269,0.973403
15,50,7,3,3,3,Excellent,0.9942,5.33,2.67,0.0022,0.0014580415622233722,0.001638596005436269,0.967967
21,55,5,4,3,3,Good,0.9873,18.69,9.34,0.0171,0.00316307795543902,0.00446420593419689,0.989595
21,55,5,4,3,3,Good,0.9873,18.69,9.34,0.0171,0.00316307795543902,0.00446420593419689,0.989202
13,50,7,1,1,1,Excellent,0.9931,7.55,3.77,0.0096,0.0017192717979945538,0.001416754613975739,0.963476
13,50,7,1,1,1,Excellent,0.9931,7.55,3.77,0.0096,0.0017192717979945538,0.001416754613975739,0.967722
8,47,8,1,0,0,Average,0.9347,36.78,18.39,0.0669,0.016312944600667484,0.012140263686399306,0.911151
8,47,8,1,0,0,Average,0.9347,36.78,18.39,0.0669,0.016312944600667484,0.012140263686399306,0.918991
15,51,5,2,1,1,Excellent,0.9888,6.88,3.44,0.0099,0.002799542353812884,0.002099980419083826,0.991808
15,51,5,2,1,1,Excellent,0.9888,6.88,3.44,0.0099,0.002799542353812884,0.002099980419083826,0.992496
13,53,6,2,2,2,Poor,0.9277,89.85,44.93,0.0719,0.01806291041268951,0.01810955926402186,0.961064
13,53,6,2,2,2,Poor,0.9277,89.85,44.93,0.0719,0.01806291041268951,0.01810955926402186,0.961431
18,78,6,1,1,1,Poor,0.9012,85.45,42.73,0.1011,0.02470763555338898,0.020180653714725053,0.970624
18,78,6,1,1,1,Poor,0.9012,85.45,42.73,0.1011,0.02470763555338898,0.020180653714725053,0.975592
15,74,8,5,3,3,Excellent,0.9975,9.61,4.8,0.0049,0.001,0.0028466971804065678,0.92723
15,74,8,5,3,3,Excellent,0.9975,9.61,4.8,0.0049,0.001,0.0028466971804065678,0.929856
8,47,7,2,2,2,Poor,0.9256,50.15,25.07,0.0711,0.018608653688596127,0.017483772271527635,0.968781
8,47,7,2,2,2,Poor,0.9256,50.15,25.07,0.0711,0.018608653688596127,0.017483772271527635,0.96165
15,41,5,1,0,0,Average,0.9584,40.03,20.01,0.0455,0.010392641718268897,0.012641867196011467,0.987496
15,41,5,1,0,0,Average,0.9584,40.03,20.01,0.0455,0.010392641718268897,0.012641867196011467,0.975781
20,96,7,1,0,0,Average,0.9311,20.77,10.39,0.0698,0.017233509825607396,0.012751724473203932,0.955369
20,96,7,1,0,0,Average,0.9311,20.77,10.39,0.0698,0.017233509825607396,0.012751724473203932,0.949872
19,84,5,1,1,1,Average,0.9408,49.08,24.54,0.06,0.014803167961393887,0.012166477178641708,0.986629
19,84,5,1,1,1,Average,0.9408,49.08,24.54,0.06,0.014803167961393887,0.012166477178641708,0.978777
18,73,7,2,0,0,Poor,0.8808,72.98,36.49,0.118,0.02980177894197575,0.021232318104862747,0.91676
18,73,7,2,0,0,Poor,0.8808,72.98,36.49,0.118,0.02980177894197575,0.021232318104862747,0.887808
8,34,7,3,2,2,Excellent,0.9958,5.7,2.85,0.0031,0.0010482281787569658,0.001481020618645621,0.994471
8,34,7,3,2,2,Excellent,0.9958,5.7,2.85,0.0031,0.0010482281787569658,0.001481020618645621,0.995594
7,29,5,1,0,0,Good,0.9696,17.93,8.97,0.0268,0.007607335906028051,0.005795793502892504,0.989802
7,29,5,1,0,0,Good,0.9696,17.93,8.97,0.0268,0.007607335906028051,0.005795793502892504,0.990253
7,34,8,3,0,0,Excellent,0.9973,9.5,4.75,0.0021,0.001,0.0018467534415979197,0.961268
7,34,8,3,0,0,Excellent,0.9973,9.5,4.75,0.0021,0.001,0.0018467534415979197,0.972875
19,64,5,1,1,1,Poor,0.8667,67.9,33.95,0.1292,0.03332291952622701,0.027963664395996124,0.972429
19,64,5,1,1,1,Poor,0.8667,67.9,33.95,0.1292,0.03332291952622701,0.027963664395996124,0.978363
15,64,6,3,1,1,Excellent,1.0007,8.08,4.04,0.0021,0.001,0.0017009237119952904,0.976019
15,64,6,3,1,1,Excellent,1.0007,8.08,4.04,0.0021,0.001,0.0017009237119952904,0.98135
17,77,7,4,1,1,Poor,0.9219,94.08,47.04,0.0812,0.0195297401132348,0.027203341802866737,0.928416
17,77,7,4,1,1,Poor,0.9219,94.08,47.04,0.0812,0.0195297401132348,0.027203341802866737,0.929314
18,41,4,1,0,0,Good,0.9846,14.9,7.45,0.0126,0.0038457402157175413,0.005270446615950957,0.99424
18,41,4,1,0,0,Good,0.9846,14.9,7.45,0.0126,0.0038457402157175413,0.005270446615950957,0.998064
18,58,6,4,2,2,Average,0.9411,30.68,15.34,0.0603,0.014730939147045763,0.01088774083169157,0.961407
18,58,6,4,2,2,Average,0.9411,30.68,15.34,0.0603,0.014730939147045763,0.01088774083169157,0.965436
18,69,7,2,2,2,Average,0.9535,44.36,22.18,0.0419,0.011623852633034781,0.0087306551293906,0.939796
18,69,7,2,2,2,Average,0.9535,44.36,22.18,0.0419,0.011623852633034781,0.0087306551293906,0.922725
11,26,4,1,0,0,Average,0.9456,30.3,15.15,0.0591,0.01358914927914251,0.013653947886037299,0.97591
11,26,4,1,0,0,Average,0.9456,30.3,15.15,0.0591,0.01358914927914251,0.013653947886037299,0.978656
18,84,6,1,0,0,Poor,0.8877,57.03,28.52,0.1127,0.028079042603376236,0.02358994368472624,0.984309
18,84,6,1,0,0,Poor,0.8877,57.03,28.52,0.1127,0.028079042603376236,0.02358994368472624,0.980033
13,36,5,2,2,2,Excellent,0.9952,6.26,3.13,0.0036,0.0012080666524316996,0.0024778742297851515,0.990747
13,36,5,2,2,2,Excellent,0.9952,6.26,3.13,0.0036,0.0012080666524316996,0.0024778742297851515,0.994499
17,44,4,1,1,1,Poor,0.8601,64.62,32.31,0.1364,0.034967130110155537,0.016391924893236536,0.969151
17,44,4,1,1,1,Poor,0.8601,64.62,32.31,0.1364,0.034967130110155537,0.016391924893236536,0.980879
20,90,8,5,5,5,Average,0.9665,26.41,13.2,0.0354,0.008369621680887729,0.009316105843422651,0.923871
20,90,8,5,5,5,Average,0.9665,26.41,13.2,0.0354,0.008369621680887729,0.009316105843422651,0.910291
16,75,8,2,1,1,Average,0.9495,27.32,13.66,0.0498,0.01261685431334375,0.007758068651785421,0.910395
16,75,8,2,1,1,Average,0.9495,27.32,13.66,0.0498,0.01261685431334375,0.007758068651785421,0.902375
17,75,8,3,0,0,Excellent,0.9931,5.3,2.65,0.0072,0.0017179327684694323,0.0029300584084273693,0.921097
17,75,8,3,0,0,Excellent,0.9931,5.3,2.65,0.0072,0.0017179327684694323,0.0029300584084273693,0.92385
8,30,5,1,1,1,Average,0.9647,22.76,11.38,0.0326,0.00882712925910109,0.010851048680237571,0.982658
8,30,5,1,1,1,Average,0.9647,22.76,11.38,0.0326,0.00882712925910109,0.010851048680237571,0.981244
20,141,8,1,0,0,Excellent,0.9946,5.23,2.61,0.0067,0.0013513154700562913,0.0016401670042163832,0.937305
20,141,8,1,0,0,Excellent,0.9946,5.23,2.61,0.0067,0.0013513154700562913,0.0016401670042163832,0.924358
20,70,6,2,1,1,Excellent,0.9979,7.03,3.52,0.0055,0.001,0.0012855758050639159,0.984613
20,70,6,2,1,1,Excellent,0.9979,7.03,3.52,0.0055,0.001,0.0012855758050639159,0.981036
12,51,7,1,0,0,Good,0.9743,19.24,9.62,0.0244,0.006426710769573962,0.004053111796951468,0.982838
12,51,7,1,0,0,Good,0.9743,19.24,9.62,0.0244,0.006426710769573962,0.004053111796951468,0.980675
7,37,7,1,0,0,Excellent,1.004,5.92,2.96,0.0005,0.001,0.0018634744267803241,0.982743
7,37,7,1,0,0,Excellent,1.004,5.92,2.96,0.0005,0.001,0.0018634744267803241,0.984847
16,74,6,2,0,0,Excellent,0.9872,8.38,4.19,0.0092,0.0031935176004235233,0.0015766132584348388,0.987452
16,74,6,2,0,0,Excellent,0.9872,8.38,4.19,0.0092,0.0031935176004235233,0.0015766132584348388,0.980598
18,44,4,4,1,1,Poor,0.9175,74.02,37.01,0.0782,0.020623466191146578,0.01979637754021607,0.996933
18,44,4,4,1,1,Poor,0.9175,74.02,37.01,0.0782,0.020623466191146578,0.01979637754021607,0.99433
19,67,7,2,0,0,Good,0.9716,12.06,6.03,0.0248,0.007099319024195666,0.0035427337841057943,0.967247
19,67,7,2,0,0,Good,0.9716,12.06,6.03,0.0248,0.007099319024195666,0.0035427337841057943,0.968763
7,16,4,1,0,0,Average,0.9272,26.96,13.48,0.0691,0.018196921165366392,0.012318713854318902,0.96866
7,16,4,1,0,0,Average,0.9272,26.96,13.48,0.0691,0.018196921165366392,0.012318713854318902,0.974106
14,59,5,1,0,0,Average,0.9439,26.27,13.14,0.053,0.014027653079038305,0.01213393879975732,0.991887
14,59,5,1,0,0,Average,0.9439,26.27,13.14,0.053,0.014027653079038305,0.01213393879975732,0.992791
11,37,6,1,1,1,Poor,0.9178,97.77,48.88,0.0793,0.02054818127703914,0.018648854650512792,0.939696
11,37,6,1,1,1,Poor,0.9178,97.77,48.88,0.0793,0.02054818127703914,0.018648854650512792,0.939652
14,62,8,1,0,0,Average,0.9514,44.97,22.49,0.0465,0.01215893379196234,0.008009923351799151,0.918324
14,62,8,1,0,0,Average,0.9514,44.97,22.49,0.0465,0.01215893379196234,0.008009923351799151,0.902289
11,37,6,1,1,1,Poor,0.8668,64.92,32.46,0.1343,0.03330961512291569,0.0214229519061429,0.945681
11,37,6,1,1,1,Poor,0.8668,64.92,32.46,0.1343,0.03330961512291569,0.0214229519061429,0.96616
11,41,4,1,1,1,Average,0.9497,37.51,18.75,0.0472,0.012567167625762016,0.008390941127861923,0.997102
11,41,4,1,1,1,Average,0.9497,37.51,18.75,0.0472,0.012567167625762016,0.008390941127861923,0.994433
17,41,4,2,2,2,Good,0.9826,14.37,7.19,0.0191,0.004344032943244314,0.005500409510878048,0.998791
17,41,4,2,2,2,Good,0.9826,14.37,7.19,0.0191,0.004344032943244314,0.005500409510878048,0.996217
14,52,5,1,1,1,Average,0.9484,25.32,12.66,0.0489,0.012888843770423875,0.010238126864125681,0.986273
14,52,5,1,1,1,Average,0.9484,25.32,12.66,0.0489,0.012888843770423875,0.010238126864125681,0.986735
8,27,6,1,0,0,Average,0.9387,34.64,17.32,0.0659,0.015321151621688928,0.009957855569573296,0.970988
8,27,6,1,0,0,Average,0.9387,34.64,17.32,0.0659,0.015321151621688928,0.009957855569573296,0.9773
19,80,8,5,4,4,Poor,0.9115,65.01,32.5,0.0913,0.022125130049683916,0.020542108701822402,0.858421
19,80,8,5,4,4,Poor,0.9115,65.01,32.5,0.0913,0.022125130049683916,0.020542108701822402,0.843403
14,48,7,1,1,1,Poor,0.9019,71.72,35.86,0.0954,0.02452230166638872,0.018125674899055772,0.947586
14,48,7,1,1,1,Poor,0.9019,71.72,35.86,0.0954,0.02452230166638872,0.018125674899055772,0.950252
21,91,7,2,0,0,Good,0.979,12.98,6.49,0.0168,0.005239283271003287,0.005563814534475403,0.961064
21,91,7,2,0,0,Good,0.979,12.98,6.49,0.0168,0.005239283271003287,0.005563814534475403,0.949646
12,57,7,1,1,1,Good,0.9873,13.24,6.62,0.0143,0.0031641409097938333,0.004643297152177357,0.960989
12,57,7,1,1,1,Good,0.9873,13.24,6.62,0.0143,0.0031641409097938333,0.004643297152177357,0.959723
6,19,5,1,0,0,Poor,0.8989,89.24,44.62,0.1015,0.025269927861145097,0.019440526503939938,0.961646
6,19,5,1,0,0,Poor,0.8989,89.24,44.62,0.1015,0.025269927861145097,0.019440526503939938,0.943193
12,66,8,2,0,0,Poor,0.9104,54.42,27.21,0.0896,0.022404105539965774,0.01812328884087322,0.896491
12,66,8,2,0,0,Poor,0.9104,54.42,27.21,0.0896,0.022404105539965774,0.01812328884087322,0.898004
21,59,4,1,0,0,Good,0.979,17.75,8.88,0.0255,0.005258871315283992,0.004095478729495569,0.987519
21,59,4,1,0,0,Good,0.979,17.75,8.88,0.0255,0.005258871315283992,0.004095478729495569,0.992363
19,126,8,1,1,1,Poor,0.8529,97.95,48.97,0.1423,0.03677897168578012,0.028443561509989716,0.919833
19,126,8,1,1,1,Poor,0.8529,97.95,48.97,0.1423,0.03677897168578012,0.028443561509989716,0.91274
12,70,8,1,0,0,Excellent,0.9966,5.66,2.83,0.0012,0.001,0.0025675086855360763,0.92809
12,70,8,1,0,0,Excellent,0.9966,5.66,2.83,0.0012,0.001,0.0025675086855360763,0.925941
15,67,8,1,0,0,Poor,0.9019,69.84,34.92,0.0959,0.02452136673594313,0.017162247570082386,0.933868
15,67,8,1,0,0,Poor,0.9019,69.84,34.92,0.0959,0.02452136673594313,0.017162247570082386,0.918936
15,54,7,1,1,1,Average,0.965,42.52,21.26,0.0382,0.00876128642777707,0.011782783335976883,0.955307
15,54,7,1,1,1,Average,0.965,42.52,21.26,0.0382,0.00876128642777707,0.011782783335976883,0.959037
15,73,8,1,1,1,Excellent,0.9894,6.08,3.04,0.0082,0.002645987329390448,0.002692961121573206,0.956874
15,73,8,1,1,1,Excellent,0.9894,6.08,3.04,0.0082,0.002645987329390448,0.002692961121573206,0.954912
20,117,8,2,1,1,Excellent,0.9972,8.1,4.05,0.0045,0.001,0.001823387826709867,0.926748
20,117,8,2,1,1,Excellent,0.9972,8.1,4.05,0.0045,0.001,0.001823387826709867,0.918855
16,57,5,2,2,2,Good,0.9939,16.0,8.0,0.0107,0.0015244759958261689,0.0034297446957173424,0.991404
16,57,5,2,2,2,Good,0.9939,16.0,8.0,0.0107,0.0015244759958261689,0.0034297446957173424,0.99074
18,62,4,1,1,1,Good,0.9854,15.68,7.84,0.0154,0.0036477903356566255,0.006045674435924011,0.997096
18,62,4,1,1,1,Good,0.9854,15.68,7.84,0.0154,0.0036477903356566255,0.006045674435924011,0.996263
13,42,5,1,0,0,Average,0.9656,49.16,24.58,0.0386,0.008610337045771438,0.010354096462323114,0.97296
13,42,5,1,0,0,Average,0.9656,49.16,24.58,0.0386,0.008610337045771438,0.010354096462323114,0.981104
12,55,7,1,1,1,Average,0.9614,36.0,18.0,0.034,0.009639932500203369,0.011506814035504777,0.975273
12,55,7,1,1,1,Average,0.9614,36.0,18.0,0.034,0.009639932500203369,0.011506814035504777,0.973761
8,31,6,1,0,0,Excellent,0.9913,9.78,4.89,0.0086,0.0021783785491001906,0.001433020249570865,0.989205
8,31,6,1,0,0,Excellent,0.9913,9.78,4.89,0.0086,0.0021783785491001906,0.001433020249570865,0.986348
8,54,8,1,0,0,Excellent,0.991,7.0,3.5,0.0098,0.002242444187933068,0.0024207544563757608,0.95022
8,54,8,1,0,0,Excellent,0.991,7.0,3.5,0.0098,0.002242444187933068,0.0024207544563757608,0.948943
7,24,5,1,1,1,Good,0.9726,15.3,7.65,0.0266,0.006860895713980963,0.004667975036079574,0.988252
7,24,5,1,1,1,Good,0.9726,15.3,7.65,0.0266,0.006860895713980963,0.004667975036079574,0.990626
7,40,8,2,2,2,Excellent,0.9914,9.38,4.69,0.006,0.002139434828377834,0.0012887589204608483,0.952366
7,40,8,2,2,2,Excellent,0.9914,9.38,4.69,0.006,0.002139434828377834,0.0012887589204608483,0.954332
16,112,8,1,0,0,Average,0.9394,36.61,18.3,0.0655,0.015140518836003397,0.008676238973096101,0.942522
16,112,8,1,0,0,Average,0.9394,36.61,18.3,0.0655,0.015140518836003397,0.008676238973096101,0.930802
7,26,7,1,0,0,Poor,0.8762,78.27,39.14,0.1237,0.03096183765552965,0.029088171079174725,0.916501
7,26,7,1,0,0,Poor,0.8762,78.27,39.14,0.1237,0.03096183765552965,0.029088171079174725,0.913684
9,47,8,3,2,2,Good,0.9782,19.21,9.6,0.0176,0.005461194194734009,0.006148817762152923,0.961367
9,47,8,3,2,2,Good,0.9782,19.21,9.6,0.0176,0.005461194194734009,0.006148817762152923,0.965604
9,46,7,2,1,1,Good,0.9703,18.77,9.38,0.0257,0.0074190517855414195,0.005727380672378452,0.970678
9,46,7,2,1,1,Good,0.9703,18.77,9.38,0.0257,0.0074190517855414195,0.005727380672378452,0.96676
20,66,6,2,2,2,Excellent,0.9912,5.81,2.9,0.0093,0.002193017522203744,0.0023104091448823347,0.985683
20,66,6,2,2,2,Excellent,0.9912,5.81,2.9,0.0093,0.002193017522203744,0.0023104091448823347,0.986677
8,31,6,1,1,1,Excellent,0.9982,5.66,2.83,0.0053,0.001,0.0015981479036377933,0.983507
8,31,6,1,1,1,Excellent,0.9982,5.66,2.83,0.0053,0.001,0.0015981479036377933,0.984347
21,91,7,2,1,1,Average,0.9575,34.73,17.36,0.0418,0.010623882082350988,0.011841570441230988,0.956946
21,91,7,2,1,1,Average,0.9575,34.73,17.36,0.0418,0.010623882082350988,0.011841570441230988,0.951782
15,68,8,2,0,0,Good,0.9854,12.5,6.25,0.013,0.0036378810546171536,0.0065079142167533965,0.923697
15,68,8,2,0,0,Good,0.9854,12.5,6.25,0.013,0.0036378810546171536,0.0065079142167533965,0.917317
13,32,4,2,1,1,Excellent,0.9933,9.6,4.8,0.0022,0.0016659895502129929,0.0021936239401021515,0.991189
13,32,4,2,1,1,Excellent,0.9933,9.6,4.8,0.0022,0.0016659895502129929,0.0021936239401021515,0.988251
11,43,7,1,0,0,Poor,0.8893,53.32,26.66,0.1138,0.027671978281471388,0.020057027395876573,0.956294
11,43,7,1,0,0,Poor,0.8893,53.32,26.66,0.1138,0.027671978281471388,0.020057027395876573,0.949604
11,45,6,1,0,0,Poor,0.8535,86.98,43.49,0.1415,0.03661338227729283,0.024494948763022287,0.966287
11,45,6,1,0,0,Poor,0.8535,86.98,43.49,0.1415,0.03661338227729283,0.024494948763022287,0.965734
19,57,4,1,0,0,Average,0.932,35.62,17.81,0.0666,0.017001794319848884,0.010123413896829428,0.995713
19,57,4,1,0,0,Average,0.932,35.62,17.81,0.0666,0.017001794319848884,0.010123413896829428,0.99036
13,42,6,3,2,2,Excellent,1.0038,5.15,2.58,0.0011,0.001,0.002401512380398347,0.989752
13,42,6,3,2,2,Excellent,1.0038,5.15,2.58,0.0011,0.001,0.002401512380398347,0.992583
17,100,7,1,0,0,Poor,0.9009,60.41,30.21,0.0991,0.02476906889919439,0.02829769046742222,0.951291
17,100,7,1,0,0,Poor,0.9009,60.41,30.21,0.0991,0.02476906889919439,0.02829769046742222,0.957225
20,55,4,2,2,2,Good,0.9889,13.9,6.95,0.0127,0.0027828197955939438,0.004620374452083061,0.996438
20,55,4,2,2,2,Good,0.9889,13.9,6.95,0.0127,0.0027828197955939438,0.004620374452083061,0.995619
13,40,4,1,0,0,Excellent,0.9977,9.93,4.97,0.0038,0.001,0.002922036788180162,0.994777
13,40,4,1,0,0,Excellent,0.9977,9.93,4.97,0.0038,0.001,0.002922036788180162,0.996749
14,47,5,2,0,0,Excellent,0.9977,8.94,4.47,0.0051,0.001,0.0012052148413203476,0.994318
14,47,5,2,0,0,Excellent,0.9977,8.94,4.47,0.0051,0.001,0.0012052148413203476,0.992991
19,67,7,2,1,1,Excellent,0.9932,8.36,4.18,0.0099,0.0017101712378170264,0.0012005812151113372,0.959481
19,67,7,2,1,1,Excellent,0.9932,8.36,4.18,0.0099,0.0017101712378170264,0.0012005812151113372,0.963116
10,36,5,2,0,0,Excellent,0.9983,7.36,3.68,0.0017,0.001,0.0012226413506524953,0.994758
10,36,5,2,0,0,Excellent,0.9983,7.36,3.68,0.0017,0.001,0.0012226413506524953,0.993314
11,36,6,1,1,1,Good,0.9758,12.29,6.15,0.021,0.006058617720774873,0.005224265580028987,0.972322
11,36,6,1,1,1,Good,0.9758,12.29,6.15,0.021,0.006058617720774873,0.005224265580028987,0.968715
6,21,6,1,0,0,Average,0.9356,34.13,17.07,0.0647,0.016098259863063208,0.009863326907153351,0.951823
6,21,6,1,0,0,Average,0.9356,34.13,17.07,0.0647,0.016098259863063208,0.009863326907153351,0.951252
15,71,8,1,0,0,Excellent,1.0013,5.01,2.5,0.0009,0.001,0.0021084895769950237,0.932726
15,71,8,1,0,0,Excellent,1.0013,5.01,2.5,0.0009,0.001,0.0021084895769950237,0.914951
17,43,5,1,0,0,Excellent,0.9891,8.52,4.26,0.0094,0.002722458067895117,0.0010594025079316298,0.99191
17,43,5,1,0,0,Excellent,0.9891,8.52,4.26,0.0094,0.002722458067895117,0.0010594025079316298,0.993945
12,60,6,2,2,2,Average,0.9365,49.02,24.51,0.0677,0.015867676858350027,0.008317855880626647,0.981357
12,60,6,2,2,2,Average,0.9365,49.02,24.51,0.0677,0.015867676858350027,0.008317855880626647,0.976902
10,66,8,1,1,1,Excellent,0.9918,8.96,4.48,0.0044,0.0020475511746427255,0.0024004177292586597,0.916005
10,66,8,1,1,1,Excellent,0.9918,8.96,4.48,0.0044,0.0020475511746427255,0.0024004177292586597,0.918153
7,38,8,1,1,1,Poor,0.9319,76.21,38.1,0.0723,0.01701762740464055,0.015257904326709431,0.951722
7,38,8,1,1,1,Poor,0.9319,76.21,38.1,0.0723,0.01701762740464055,0.015257904326709431,0.944961
9,38,6,1,1,1,Average,0.9398,47.3,23.65,0.0585,0.015049379477841851,0.009410258297753412,0.969253
9,38,6,1,1,1,Average,0.9398,47.3,23.65,0.0585,0.015049379477841851,0.009410258297753412,0.975667
16,100,8,2,1,1,Good,0.9839,17.87,8.93,0.0202,0.0040367176649401815,0.006719339658492401,0.910972
16,100,8,2,1,1,Good,0.9839,17.87,8.93,0.0202,0.0040367176649401815,0.006719339658492401,0.926861
19,88,7,1,0,0,Poor,0.8556,64.39,32.2,0.1407,0.03610348696782928,0.015546189752439354,0.950158
19,88,7,1,0,0,Poor,0.8556,64.39,32.2,0.1407,0.03610348696782928,0.015546189752439354,0.961209
20,85,5,1,0,0,Excellent,1.0023,8.34,4.17,0.001,0.001,0.002241130184015413,0.991455
20,85,5,1,0,0,Excellent,1.0023,8.34,4.17,0.001,0.001,0.002241130184015413,0.992017
18,45,5,1,1,1,Excellent,0.9949,6.59,3.3,0.0033,0.0012719269952685963,0.0016889612364018943,0.991983
18,45,5,1,1,1,Excellent,0.9949,6.59,3.3,0.0033,0.0012719269952685963,0.0016889612364018943,0.989501
17,85,7,2,1,1,Average,0.9718,40.94,20.47,0.0308,0.007059657497343941,0.00849257979249433,0.950257
17,85,7,2,1,1,Average,0.9718,40.94,20.47,0.0308,0.007059657497343941,0.00849257979249433,0.959335
19,110,8,2,1,1,Excellent,0.9929,8.45,4.22,0.0036,0.0017651497828595486,0.002215473783031145,0.932169
19,110,8,2,1,1,Excellent,0.9929,8.45,4.22,0.0036,0.0017651497828595486,0.002215473783031145,0.926371
19,127,8,1,1,1,Excellent,0.9916,6.89,3.44,0.0073,0.002098451065214557,0.0018407572427346966,0.924247
19,127,8,1,1,1,Excellent,0.9916,6.89,3.44,0.0073,0.002098451065214557,0.0018407572427346966,0.931773
13,34,5,1,0,0,Poor,0.9042,87.81,43.9,0.0997,0.02394089323485618,0.016244915284112822,0.989794
13,34,5,1,0,0,Poor,0.9042,87.81,43.9,0.0997,0.02394089323485618,0.016244915284112822,0.990589
19,104,7,1,0,0,Excellent,0.9964,9.63,4.82,0.0042,0.001,0.001597681858953027,0.969796
19,104,7,1,0,0,Excellent,0.9964,9.63,4.82,0.0042,0.001,0.001597681858953027,0.960892
14,62,8,1,1,1,Good,0.9832,14.79,7.39,0.018,0.004207889811530752,0.005560590941097426,0.929344
14,62,8,1,1,1,Good,0.9832,14.79,7.39,0.018,0.004207889811530752,0.005560590941097426,0.934151
15,71,7,3,3,3,Average,0.939,29.04,14.52,0.061,0.015241477163318057,0.01427518356921375,0.950263
15,71,7,3,3,3,Average,0.939,29.04,14.52,0.061,0.015241477163318057,0.01427518356921375,0.950298
14,34,5,1,1,1,Good,0.9824,12.13,6.06,0.0202,0.00439443796831418,0.004095626654625431,0.987556
14,34,5,1,1,1,Good,0.9824,12.13,6.06,0.0202,0.00439443796831418,0.004095626654625431,0.990878
16,79,6,1,1,1,Average,0.937,33.76,16.88,0.0638,0.015746047681171188,0.00723035409356193,0.979502
16,79,6,1,1,1,Average,0.937,33.76,16.88,0.0638,0.015746047681171188,0.00723035409356193,0.9745
21,70,5,1,1,1,Poor,0.9065,50.75,25.37,0.0922,0.023378701766285287,0.015921511714066767,0.966705
21,70,5,1,1,1,Poor,0.9065,50.75,25.37,0.0922,0.023378701766285287,0.015921511714066767,0.97051
10,35,6,1,1,1,Poor,0.9118,61.32,30.66,0.0924,0.022061561724802614,0.017097321779105907,0.96574
10,35,6,1,1,1,Poor,0.9118,61.32,30.66,0.0924,0.022061561724802614,0.017097321779105907,0.963617
18,89,7,1,1,1,Good,0.9772,19.05,9.52,0.0238,0.005700557215955637,0.004770487432418216,0.95263
18,89,7,1,1,1,Good,0.9772,19.05,9.52,0.0238,0.005700557215955637,0.004770487432418216,0.964141
21,60,4,1,0,0,Average,0.9493,48.54,24.27,0.054,0.01267933704749341,0.0072115424455425434,0.983355
21,60,4,1,0,0,Average,0.9493,48.54,24.27,0.054,0.01267933704749341,0.0072115424455425434,0.987337
11,51,7,1,1,1,Excellent,0.9944,6.8,3.4,0.0024,0.001411612475113816,0.001812240412569787,0.966783
11,51,7,1,1,1,Excellent,0.9944,6.8,3.4,0.0024,0.001411612475113816,0.001812240412569787,0.962824
12,67,8,1,1,1,Poor,0.8622,92.92,46.46,0.1367,0.03444371863861276,0.029793037190236363,0.932955
12,67,8,1,1,1,Poor,0.8622,92.92,46.46,0.1367,0.03444371863861276,0.029793037190236363,0.913731
9,30,5,1,1,1,Good,0.978,15.86,7.93,0.02,0.0054953824646524485,0.006120940087366732,0.990985
9,30,5,1,1,1,Good,0.978,15.86,7.93,0.02,0.0054953824646524485,0.006120940087366732,0.991955
6,25,6,1,1,1,Good,0.9834,11.51,5.76,0.0184,0.004161373164605353,0.003194995764083949,0.989696
6,25,6,1,1,1,Good,0.9834,11.51,5.76,0.0184,0.004161373164605353,0.003194995764083949,0.991285
13,59,8,2,0,0,Good,0.9775,12.12,6.06,0.0224,0.0056214533158985835,0.004948854270123024,0.92318
13,59,8,2,0,0,Good,0.9775,12.12,6.06,0.0224,0.0056214533158985835,0.004948854270123024,0.9238
16,75,8,3,2,2,Poor,0.9217,54.97,27.49,0.0817,0.0195702820296052,0.020648593908050142,0.883562
16,75,8,3,2,2,Poor,0.9217,54.97,27.49,0.0817,0.0195702820296052,0.020648593908050142,0.874793
21,83,6,1,1,1,Excellent,1.001,7.57,3.79,0.0037,0.001,0.0016182087064155542,0.987329
21,83,6,1,1,1,Excellent,1.001,7.57,3.79,0.0037,0.001,0.0016182087064155542,0.983665
6,19,5,1,0,0,Average,0.9593,43.82,21.91,0.0438,0.01018178352956492,0.008737561651272562,0.98104
6,19,5,1,0,0,Average,0.9593,43.82,21.91,0.0438,0.01018178352956492,0.008737561651272562,0.976164
20,135,7,1,1,1,Poor,0.883,95.8,47.9,0.1128,0.029250820574577396,0.01997246485689779,0.957362
20,135,7,1,1,1,Poor,0.883,95.8,47.9,0.1128,0.029250820574577396,0.01997246485689779,0.971392
20,72,6,2,2,2,Average,0.9551,45.14,22.57,0.0478,0.011233450571285636,0.00794615784972541,0.957593
20,72,6,2,2,2,Average,0.9551,45.14,22.57,0.0478,0.011233450571285636,0.00794615784972541,0.951584
17,60,6,1,0,0,Good,0.9721,16.78,8.39,0.024,0.006985472774223955,0.0033211178085231783,0.977597
17,60,6,1,0,0,Good,0.9721,16.78,8.39,0.024,0.006985472774223955,0.0033211178085231783,0.970082
21,128,7,1,1,1,Poor,0.8715,98.46,49.23,0.1269,0.032130014921830485,0.020169012752562217,0.953538
21,128,7,1,1,1,Poor,0.8715,98.46,49.23,0.1269,0.032130014921830485,0.020169012752562217,0.958302
10,36,4,1,1,1,Excellent,0.9943,8.92,4.46,0.0016,0.0014339510860369997,0.002400586406111762,0.995658
10,36,4,1,1,1,Excellent,0.9943,8.92,4.46,0.0016,0.0014339510860369997,0.002400586406111762,0.997529
21,96,6,2,1,1,Excellent,1.0015,7.03,3.52,0.0007,0.001,0.001119748207269306,0.986334
21,96,6,2,1,1,Excellent,1.0015,7.03,3.52,0.0007,0.001,0.001119748207269306,0.986321
13,37,5,1,1,1,Excellent,0.9974,8.38,4.19,0.0039,0.001,0.002359505324473395,0.989868
13,37,5,1,1,1,Excellent,0.9974,8.38,4.19,0.0039,0.001,0.002359505324473395,0.994119
21,103,7,1,1,1,Poor,0.9068,60.22,30.11,0.0897,0.02329356724182971,0.02525933028976929,0.940129
21,103,7,1,1,1,Poor,0.9068,60.22,30.11,0.0897,0.02329356724182971,0.02525933028976929,0.938339
17,51,4,1,0,0,Good,0.9904,10.72,5.36,0.0128,0.0023934588417660885,0.005067266932739667,0.996207
17,51,4,1,0,0,Good,0.9904,10.72,5.36,0.0128,0.0023934588417660885,0.005067266932739667,0.995389
8,32,7,2,2,2,Excellent,0.9966,6.43,3.22,0.0015,0.001,0.0010431468939787504,0.984144
8,32,7,2,2,2,Excellent,0.9966,6.43,3.22,0.0015,0.001,0.0010431468939787504,0.986399
12,45,7,2,1,1,Good,0.9753,19.71,9.85,0.0251,0.006186397098289387,0.004031418803432033,0.971732
12,45,7,2,1,1,Good,0.9753,19.71,9.85,0.0251,0.006186397098289387,0.004031418803432033,0.963086
19,105,7,1,1,1,Average,0.9331,37.1,18.55,0.0653,0.01672177847560885,0.008682474489173288,0.96134
19,105,7,1,1,1,Average,0.9331,37.1,18.55,0.0653,0.01672177847560885,0.008682474489173288,0.964767
14,45,4,1,1,1,Excellent,0.9886,9.07,4.54,0.008,0.0028504024753862878,0.0018559405713218353,0.996188
14,45,4,1,1,1,Excellent,0.9886,9.07,4.54,0.008,0.0028504024753862878,0.0018559405713218353,0.995957
20,84,7,2,1,1,Good,0.9857,18.72,9.36,0.0174,0.0035802958716215083,0.004951407020779809,0.955045
20,84,7,2,1,1,Good,0.9857,18.72,9.36,0.0174,0.0035802958716215083,0.004951407020779809,0.95929
16,51,6,3,3,3,Average,0.9352,26.62,13.31,0.0623,0.016205717197607106,0.01460145806279318,0.980618
16,51,6,3,3,3,Average,0.9352,26.62,13.31,0.0623,0.016205717197607106,0.01460145806279318,0.963959
21,97,8,4,2,2,Poor,0.8926,63.01,31.5,0.1053,0.026841973485458526,0.021387907321722365,0.89567
21,97,8,4,2,2,Poor,0.8926,63.01,31.5,0.1053,0.026841973485458526,0.021387907321722365,0.899605
15,76,8,1,1,1,Average,0.9682,44.91,22.46,0.0309,0.007949812218581043,0.008104718346291865,0.891785
15,76,8,1,1,1,Average,0.9682,44.91,22.46,0.0309,0.007949812218581043,0.008104718346291865,0.907574
19,48,4,1,0,0,Good,0.9805,19.71,9.85,0.0184,0.004886339458080952,0.00671523718040594,0.996366
19,48,4,1,0,0,Good,0.9805,19.71,9.85,0.0184,0.004886339458080952,0.00671523718040594,0.99378
21,139,7,1,1,1,Good,0.9836,15.97,7.99,0.0146,0.004108133516781715,0.0030871396247711463,0.965786
21,139,7,1,1,1,Good,0.9836,15.97,7.99,0.0146,0.004108133516781715,0.0030871396247711463,0.958309
12,55,7,1,1,1,Average,0.9556,40.54,20.27,0.0408,0.011096701256799346,0.008047923301191808,0.906967
12,55,7,1,1,1,Average,0.9556,40.54,20.27,0.0408,0.011096701256799346,0.008047923301191808,0.908786
15,52,4,1,1,1,Poor,0.8815,93.43,46.72,0.1225,0.029632277562573806,0.017790696898178488,0.998038
15,52,4,1,1,1,Poor,0.8815,93.43,46.72,0.1225,0.029632277562573806,0.017790696898178488,0.99663
20,83,7,2,1,1,Excellent,0.9965,6.43,3.22,0.0034,0.001,0.0021344754019922176,0.962922
20,83,7,2,1,1,Excellent,0.9965,6.43,3.22,0.0034,0.001,0.0021344754019922176,0.960674
20,45,4,3,3,3,Excellent,0.9938,6.02,3.01,0.0065,0.0015500757000783405,0.0011872144683093568,0.992567
20,45,4,3,3,3,Excellent,0.9938,6.02,3.01,0.0065,0.0015500757000783405,0.0011872144683093568,0.998755
12,35,5,1,1,1,Poor,0.8615,82.26,41.13,0.1405,0.034633079808063405,0.028896972227922008,0.979918
12,35,5,1,1,1,Poor,0.8615,82.26,41.13,0.1405,0.034633079808063405,0.028896972227922008,0.986529
18,72,7,2,1,1,Poor,0.9155,50.59,25.29,0.0858,0.021117256824602554,0.02506353525153824,0.934344
18,72,7,2,1,1,Poor,0.9155,50.59,25.29,0.0858,0.021117256824602554,0.02506353525153824,0.939275
19,84,8,1,1,1,Good,0.985,10.04,5.02,0.0113,0.003741022331520877,0.006175101364417115,0.933775
19,84,8,1,1,1,Good,0.985,10.04,5.02,0.0113,0.003741022331520877,0.006175101364417115,0.918604
15,40,4,2,2,2,Average,0.94,23.8,11.9,0.0627,0.014987980705645304,0.013957422825285021,0.995889
15,40,4,2,2,2,Average,0.94,23.8,11.9,0.0627,0.014987980705645304,0.013957422825285021,0.996047
18,102,8,2,1,1,Poor,0.8809,86.19,43.09,0.1211,0.029769469396760784,0.02071785885938187,0.838523
18,102,8,2,1,1,Poor,0.8809,86.19,43.09,0.1211,0.029769469396760784,0.02071785885938187,0.829047
14,73,7,1,0,0,Excellent,0.9957,5.57,2.78,0.0019,0.0010656156302232267,0.0017391823643982075,0.95924
14,73,7,1,0,0,Excellent,0.9957,5.57,2.78,0.0019,0.0010656156302232267,0.0017391823643982075,0.972609
18,59,6,3,1,1,Excellent,0.9924,7.38,3.69,0.0079,0.0018912170861705158,0.0023818462326314575,0.97683
18,59,6,3,1,1,Excellent,0.9924,7.38,3.69,0.0079,0.0018912170861705158,0.0023818462326314575,0.983647
13,51,6,1,0,0,Excellent,0.9962,6.74,3.37,0.0038,0.001,0.0011516955895290312,0.977219
13,51,6,1,0,0,Excellent,0.9962,6.74,3.37,0.0038,0.001,0.0011516955895290312,0.975556
16,61,5,1,1,1,Good,0.9747,15.22,7.61,0.0231,0.00633654964512223,0.005582904911555097,0.990619
16,61,5,1,1,1,Good,0.9747,15.22,7.61,0.0231,0.00633654964512223,0.005582904911555097,0.993088
7,28,6,1,0,0,Good,0.9732,10.42,5.21,0.0228,0.0066880352814098765,0.004613263533005703,0.988945
7,28,6,1,0,0,Good,0.9732,10.42,5.21,0.0228,0.0066880352814098765,0.004613263533005703,0.987277
21,63,4,1,1,1,Poor,0.9317,77.45,38.72,0.0729,0.017066667374270816,0.024122976292357046,0.993394
21,63,4,1,1,1,Poor,0.9317,77.45,38.72,0.0729,0.017066667374270816,0.024122976292357046,0.992991
20,56,5,3,2,2,Excellent,0.9959,7.02,3.51,0.0061,0.0010309862339563935,0.002291676084746185,0.98972
20,56,5,3,2,2,Excellent,0.9959,7.02,3.51,0.0061,0.0010309862339563935,0.002291676084746185,0.9931
19,49,4,2,1,1,Excellent,0.9937,5.53,2.77,0.0052,0.001566736670277069,0.0029619052380149536,0.995577
19,49,4,2,1,1,Excellent,0.9937,5.53,2.77,0.0052,0.001566736670277069,0.0029619052380149536,0.996696
21,90,8,2,0,0,Poor,0.8858,71.93,35.96,0.1163,0.028550832613658705,0.018029469549357396,0.870015
21,90,8,2,0,0,Poor,0.8858,71.93,35.96,0.1163,0.028550832613658705,0.018029469549357396,0.864332
8,32,7,1,0,0,Poor,0.8761,93.49,46.74,0.1276,0.03097624934350507,0.01999259188432022,0.94944
8,32,7,1,0,0,Poor,0.8761,93.49,46.74,0.1276,0.03097624934350507,0.01999259188432022,0.937959
12,61,8,1,1,1,Average,0.9561,25.69,12.84,0.0443,0.010967574408417974,0.011704499623046965,0.91583
12,61,8,1,1,1,Average,0.9561,25.69,12.84,0.0443,0.010967574408417974,0.011704499623046965,0.904913
16,65,7,3,3,3,Poor,0.8838,85.28,42.64,0.1136,0.02904136230409507,0.029277829889887804,0.930866
16,65,7,3,3,3,Poor,0.8838,85.28,42.64,0.1136,0.02904136230409507,0.029277829889887804,0.930276
11,37,6,2,2,2,Poor,0.9183,70.01,35.0,0.0814,0.020420213934941117,0.026651651490524307,0.973718
11,37,6,2,2,2,Poor,0.9183,70.01,35.0,0.0814,0.020420213934941117,0.026651651490524307,0.970844
16,64,7,5,3,3,Excellent,0.9998,5.33,2.67,0.0033,0.001,0.002858061081548369,0.953403
16,64,7,5,3,3,Excellent,0.9998,5.33,2.67,0.0033,0.001,0.002858061081548369,0.963738
21,74,7,3,1,1,Good,0.9695,10.04,5.02,0.0275,0.007618876631302313,0.0036064996358362764,0.956618
21,74,7,3,1,1,Good,0.9695,10.04,5.02,0.0275,0.007618876631302313,0.0036064996358362764,0.963353
11,52,7,2,1,1,Poor,0.8962,87.7,43.85,0.1044,0.025949510967900907,0.024710234912706006,0.961444
11,52,7,2,1,1,Poor,0.8962,87.7,43.85,0.1044,0.025949510967900907,0.024710234912706006,0.968084
17,93,8,3,2,2,Average,0.9263,32.79,16.4,0.0687,0.018421762718826923,0.011354948012060865,0.92625
17,93,8,3,2,2,Average,0.9263,32.79,16.4,0.0687,0.018421762718826923,0.011354948012060865,0.920253
21,129,8,1,1,1,Good,0.9745,18.86,9.43,0.0268,0.006364579118029484,0.00606210290874992,0.931156
21,129,8,1,1,1,Good,0.9745,18.86,9.43,0.0268,0.006364579118029484,0.00606210290874992,0.924438
21,85,7,4,3,3,Poor,0.8728,72.79,36.4,0.1298,0.03179873858550669,0.016813058727847753,0.860497
21,85,7,4,3,3,Poor,0.8728,72.79,36.4,0.1298,0.03179873858550669,0.016813058727847753,0.84557
15,95,8,1,1,1,Good,0.9759,13.19,6.6,0.0239,0.006014641594374592,0.005015817252443483,0.91977
15,95,8,1,1,1,Good,0.9759,13.19,6.6,0.0239,0.006014641594374592,0.005015817252443483,0.928122
14,43,5,1,0,0,Good,0.9764,11.93,5.97,0.0235,0.0059035288610296,0.0065537919008079315,0.990223
14,43,5,1,0,0,Good,0.9764,11.93,5.97,0.0235,0.0059035288610296,0.0065537919008079315,0.988348
17,42,4,2,1,1,Poor,0.8741,92.44,46.22,0.1253,0.03146720298216241,0.02204476588524159,0.995653
17,42,4,2,1,1,Poor,0.8741,92.44,46.22,0.1253,0.03146720298216241,0.02204476588524159,0.992663
21,51,4,1,1,1,Excellent,0.9922,6.88,3.44,0.0071,0.0019381854731598536,0.0025437614679151913,0.992005
21,51,4,1,1,1,Excellent,0.9922,6.88,3.44,0.0071,0.0019381854731598536,0.0025437614679151913,0.994478
15,75,7,2,1,1,Excellent,0.9915,8.04,4.02,0.0072,0.0021145043737673397,0.0027093888109107124,0.968307
15,75,7,2,1,1,Excellent,0.9915,8.04,4.02,0.0072,0.0021145043737673397,0.0027093888109107124,0.96663
15,42,5,1,0,0,Average,0.9441,20.48,10.24,0.0546,0.013983318911888837,0.00829181503869111,0.989128
15,42,5,1,0,0,Average,0.9441,20.48,10.24,0.0546,0.013983318911888837,0.00829181503869111,0.988882
20,58,5,1,1,1,Good,0.9897,19.57,9.79,0.0136,0.0025670233958610122,0.005317821653960312,0.990804
20,58,5,1,1,1,Good,0.9897,19.57,9.79,0.0136,0.0025670233958610122,0.005317821653960312,0.99318
6,36,8,1,1,1,Poor,0.8743,51.06,25.53,0.1255,0.03141998705648538,0.018648699941635143,0.937025
6,36,8,1,1,1,Poor,0.8743,51.06,25.53,0.1255,0.03141998705648538,0.018648699941635143,0.929767
9,25,4,1,0,0,Average,0.9405,34.79,17.39,0.0556,0.014869674057967214,0.014262983199637183,0.986244
9,25,4,1,0,0,Average,0.9405,34.79,17.39,0.0556,0.014869674057967214,0.014262983199637183,0.992976
18,46,4,1,1,1,Good,0.9847,14.19,7.1,0.0106,0.0038219082704426532,0.004605302850861819,0.989212
18,46,4,1,1,1,Good,0.9847,14.19,7.1,0.0106,0.0038219082704426532,0.004605302850861819,0.994706
20,92,6,3,2,2,Average,0.9396,37.94,18.97,0.0645,0.0150888858059669,0.008626464737692897,0.98692
20,92,6,3,2,2,Average,0.9396,37.94,18.97,0.0645,0.0150888858059669,0.008626464737692897,0.981236
15,32,4,1,1,1,Poor,0.9202,73.6,36.8,0.0773,0.019945420886598786,0.018636989701945245,0.959751
15,32,4,1,1,1,Poor,0.9202,73.6,36.8,0.0773,0.019945420886598786,0.018636989701945245,0.960381
10,39,5,1,1,1,Excellent,1.004,9.38,4.69,0.0009,0.001,0.001989710356185932,0.989823
10,39,5,1,1,1,Excellent,1.004,9.38,4.69,0.0009,0.001,0.001989710356185932,0.991418
19,56,5,2,0,0,Poor,0.8641,68.24,34.12,0.1323,0.03396863618562376,0.020892680831856213,0.97181
19,56,5,2,0,0,Poor,0.8641,68.24,34.12,0.1323,0.03396863618562376,0.020892680831856213,0.978291
14,50,6,1,0,0,Good,0.9763,19.89,9.94,0.02,0.005918960665343753,0.003010454894286325,0.982978
14,50,6,1,0,0,Good,0.9763,19.89,9.94,0.02,0.005918960665343753,0.003010454894286325,0.985139
18,81,6,1,1,1,Excellent,0.9947,6.6,3.3,0.0059,0.00132437482957537,0.0016758408588141702,0.977471
18,81,6,1,1,1,Excellent,0.9947,6.6,3.3,0.0059,0.00132437482957537,0.0016758408588141702,0.97994
12,76,7,1,1,1,Excellent,0.99,9.4,4.7,0.007,0.002494816328159344,0.0014689435559551156,0.965042
12,76,7,1,1,1,Excellent,0.99,9.4,4.7,0.007,0.002494816328159344,0.0014689435559551156,0.954967
12,63,7,1,1,1,Poor,0.873,79.91,39.96,0.131,0.031760638718680956,0.02717735286945814,0.946276
12,63,7,1,1,1,Poor,0.873,79.91,39.96,0.131,0.031760638718680956,0.02717735286945814,0.95193
7,16,4,1,1,1,Excellent,0.9944,8.61,4.31,0.0059,0.0014075238487060993,0.002190377303788726,0.99487
7,16,4,1,1,1,Excellent,0.9944,8.61,4.31,0.0059,0.0014075238487060993,0.002190377303788726,0.996167
20,139,8,2,1,1,Excellent,0.99,8.64,4.32,0.0081,0.0024995492228661598,0.0026478993822886716,0.931913
20,139,8,2,1,1,Excellent,0.99,8.64,4.32,0.0081,0.0024995492228661598,0.0026478993822886716,0.936531
13,87,8,1,1,1,Average,0.9572,40.97,20.49,0.0411,0.010699033154437682,0.014046249326665709,0.943734
13,87,8,1,1,1,Average,0.9572,40.97,20.49,0.0411,0.010699033154437682,0.014046249326665709,0.920595
11,48,8,3,2,2,Excellent,1.0019,8.11,4.05,0.0023,0.001,0.002412554237553851,0.958215
11,48,8,3,2,2,Excellent,1.0019,8.11,4.05,0.0023,0.001,0.002412554237553851,0.956194
19,101,7,2,1,1,Poor,0.8673,54.43,27.21,0.1316,0.03317151829916015,0.023006843840650094,0.956666
19,101,7,2,1,1,Poor,0.8673,54.43,27.21,0.1316,0.03317151829916015,0.023006843840650094,0.952661
8,38,7,1,1,1,Average,0.9361,45.59,22.8,0.0646,0.015971973850224724,0.013238478389910694,0.953923
8,38,7,1,1,1,Average,0.9361,45.59,22.8,0.0646,0.015971973850224724,0.013238478389910694,0.948899
17,46,4,2,1,1,Good,0.9784,10.74,5.37,0.0266,0.0053963803432518775,0.003145343481882756,0.994092
17,46,4,2,1,1,Good,0.9784,10.74,5.37,0.0266,0.0053963803432518775,0.003145343481882756,0.991724
12,39,6,3,3,3,Good,0.9777,10.08,5.04,0.0223,0.005571378002603211,0.0038112119914490068,0.961655
12,39,6,3,3,3,Good,0.9777,10.08,5.04,0.0223,0.005571378002603211,0.0038112119914490068,0.972028
15,60,7,2,2,2,Good,0.9746,10.95,5.47,0.0217,0.006360667780560908,0.004233698938486899,0.958447
15,60,7,2,2,2,Good,0.9746,10.95,5.47,0.0217,0.006360667780560908,0.004233698938486899,0.95977
19,62,7,3,1,1,Average,0.9357,39.43,19.71,0.0603,0.01606506657802234,0.013498355834831104,0.946204
19,62,7,3,1,1,Average,0.9357,39.43,19.71,0.0603,0.01606506657802234,0.013498355834831104,0.959108
21,89,7,2,1,1,Excellent,0.9989,7.55,3.77,0.0048,0.001,0.0012505305656522817,0.960416
21,89,7,2,1,1,Excellent,0.9989,7.55,3.77,0.0048,0.001,0.0012505305656522817,0.962632
13,60,7,1,1,1,Poor,0.8592,77.24,38.62,0.1425,0.03520412074329099,0.015368621917938616,0.944474
13,60,7,1,1,1,Poor,0.8592,77.24,38.62,0.1425,0.03520412074329099,0.015368621917938616,0.937417
12,78,8,2,1,1,Poor,0.9221,82.18,41.09,0.0769,0.019474571712451205,0.027255342937059474,0.921501
12,78,8,2,1,1,Poor,0.9221,82.18,41.09,0.0769,0.019474571712451205,0.027255342937059474,0.938692
15,51,7,1,1,1,Good,0.9747,18.08,9.04,0.0213,0.006312571706908604,0.004293835381907177,0.973887
15,51,7,1,1,1,Good,0.9747,18.08,9.04,0.0213,0.006312571706908604,0.004293835381907177,0.968068
20,99,7,2,0,0,Good,0.9739,14.34,7.17,0.0295,0.006532792797508041,0.0045207277028675615,0.958331
20,99,7,2,0,0,Good,0.9739,14.34,7.17,0.0295,0.006532792797508041,0.0045207277028675615,0.960209
17,130,8,1,1,1,Excellent,0.9949,6.59,3.29,0.0092,0.0012645541571426888,0.002882380767689167,0.941969
17,130,8,1,1,1,Excellent,0.9949,6.59,3.29,0.0092,0.0012645541571426888,0.002882380767689167,0.937843
16,73,7,3,2,2,Poor,0.9106,77.57,38.79,0.0851,0.02234449248052872,0.027344472386584627,0.938442
16,73,7,3,2,2,Poor,0.9106,77.57,38.79,0.0851,0.02234449248052872,0.027344472386584627,0.951562
17,76,8,4,2,2,Poor,0.9229,67.55,33.77,0.0774,0.019274059046686887,0.0162041820565187,0.90729
17,76,8,4,2,2,Poor,0.9229,67.55,33.77,0.0774,0.019274059046686887,0.0162041820565187,0.902313
15,43,4,1,0,0,Poor,0.8588,51.97,25.98,0.1398,0.03530809678953212,0.015653803311775936,0.991594
15,43,4,1,0,0,Poor,0.8588,51.97,25.98,0.1398,0.03530809678953212,0.015653803311775936,0.988836
14,56,6,1,1,1,Good,0.9844,15.23,7.61,0.0189,0.003897851989294654,0.004965101192879104,0.982491
14,56,6,1,1,1,Good,0.9844,15.23,7.61,0.0189,0.003897851989294654,0.004965101192879104,0.981924
21,44,4,4,3,3,Average,0.9351,25.13,12.56,0.0602,0.016234958813985012,0.012292541125007151,0.958864
21,44,4,4,3,3,Average,0.9351,25.13,12.56,0.0602,0.016234958813985012,0.012292541125007151,0.960937
17,78,8,3,1,1,Good,0.9903,19.95,9.98,0.0132,0.00243279953049666,0.004632297235868219,0.928912
17,78,8,3,1,1,Good,0.9903,19.95,9.98,0.0132,0.00243279953049666,0.004632297235868219,0.912268
9,28,5,1,1,1,Excellent,0.9863,6.92,3.46,0.0089,0.003431988568220079,0.002904451183952016,0.992955
9,28,5,1,1,1,Excellent,0.9863,6.92,3.46,0.0089,0.003431988568220079,0.002904451183952016,0.989249
14,45,5,3,1,1,Good,0.9762,19.05,9.52,0.023,0.005947354981345659,0.004038249483756692,0.98813
14,45,5,3,1,1,Good,0.9762,19.05,9.52,0.023,0.005947354981345659,0.004038249483756692,0.99064
20,108,8,4,1,1,Average,0.9345,27.18,13.59,0.0678,0.016364964442986324,0.009306242942460914,0.914922
20,108,8,4,1,1,Average,0.9345,27.18,13.59,0.0678,0.016364964442986324,0.009306242942460914,0.897218
15,67,6,1,0,0,Poor,0.8518,97.3,48.65,0.1469,0.037051925340279956,0.021120101214754133,0.932101
15,67,6,1,0,0,Poor,0.8518,97.3,48.65,0.1469,0.037051925340279956,0.021120101214754133,0.924845
21,98,8,3,2,2,Good,0.9883,13.62,6.81,0.0161,0.002920283714935662,0.0038754792289252852,0.928417
21,98,8,3,2,2,Good,0.9883,13.62,6.81,0.0161,0.002920283714935662,0.0038754792289252852,0.92186
18,66,6,2,0,0,Poor,0.8536,94.82,47.41,0.148,0.03659701247641728,0.02128249619386373,0.947546
18,66,6,2,0,0,Poor,0.8536,94.82,47.41,0.148,0.03659701247641728,0.02128249619386373,0.96036
13,46,6,1,1,1,Average,0.9335,39.65,19.82,0.0678,0.016622047043513832,0.013837408031016046,0.96888
13,46,6,1,1,1,Average,0.9335,39.65,19.82,0.0678,0.016622047043513832,0.013837408031016046,0.966065
10,31,5,1,1,1,Excellent,0.9916,9.3,4.65,0.0081,0.002096604445871064,0.002049049831494682,0.989512
10,31,5,1,1,1,Excellent,0.9916,9.3,4.65,0.0081,0.002096604445871064,0.002049049831494682,0.989906
15,36,4,1,0,0,Good,0.9714,11.59,5.8,0.0277,0.007147825817194503,0.006216727543177724,0.997355
15,36,4,1,0,0,Good,0.9714,11.59,5.8,0.0277,0.007147825817194503,0.006216727543177724,0.993514
12,65,8,2,2,2,Average,0.9374,29.02,14.51,0.0649,0.015640674782376074,0.01497453478557247,0.919752
12,65,8,2,2,2,Average,0.9374,29.02,14.51,0.0649,0.015640674782376074,0.01497453478557247,0.905199
6,33,6,1,1,1,Average,0.9726,29.57,14.79,0.0324,0.006859418577029958,0.0072550487277436675,0.982779
6,33,6,1,1,1,Average,0.9726,29.57,14.79,0.0324,0.006859418577029958,0.0072550487277436675,0.978424
20,71,4,1,0,0,Good,0.9742,12.8,6.4,0.0284,0.006443434159608824,0.00603394896376583,0.99768
20,71,4,1,0,0,Good,0.9742,12.8,6.4,0.0284,0.006443434159608824,0.00603394896376583,0.992494
20,73,7,2,1,1,Good,0.9766,19.15,9.57,0.0198,0.005845415572997836,0.0068884382125821856,0.958586
20,73,7,2,1,1,Good,0.9766,19.15,9.57,0.0198,0.005845415572997836,0.0068884382125821856,0.963659
19,40,4,2,1,1,Good,0.9662,13.35,6.68,0.0299,0.008439187153204936,0.0031538061999256623,0.994292
19,40,4,2,1,1,Good,0.9662,13.35,6.68,0.0299,0.008439187153204936,0.0031538061999256623,0.990645
16,85,6,2,2,2,Excellent,0.9863,8.29,4.14,0.0096,0.0034130204329392844,0.0014194354466113101,0.98516
16,85,6,2,2,2,Excellent,0.9863,8.29,4.14,0.0096,0.0034130204329392844,0.0014194354466113101,0.983443
20,70,5,1,0,0,Average,0.9444,43.15,21.58,0.0575,0.013905279831156164,0.013594913317191416,0.980491
20,70,5,1,0,0,Average,0.9444,43.15,21.58,0.0575,0.013905279831156164,0.013594913317191416,0.97368
9,20,4,1,1,1,Good,0.9782,12.39,6.2,0.0171,0.0054399829521298015,0.006975034829048433,0.979435
9,20,4,1,1,1,Good,0.9782,12.39,6.2,0.0171,0.0054399829521298015,0.006975034829048433,0.972861
18,84,5,2,0,0,Average,0.9492,25.54,12.77,0.0484,0.012696709877242779,0.011410885300286479,0.994424
18,84,5,2,0,0,Average,0.9492,25.54,12.77,0.0484,0.012696709877242779,0.011410885300286479,0.991873
11,44,7,2,0,0,Average,0.9666,23.33,11.67,0.032,0.008352432150363548,0.008787555606873615,0.961971
11,44,7,2,0,0,Average,0.9666,23.33,11.67,0.032,0.008352432150363548,0.008787555606873615,0.964728
17,52,5,2,0,0,Average,0.9294,28.78,14.39,0.0682,0.017646739141811946,0.013052791859590344,0.987305
17,52,5,2,0,0,Average,0.9294,28.78,14.39,0.0682,0.017646739141811946,0.013052791859590344,0.984573
17,66,6,1,1,1,Average,0.9445,29.38,14.69,0.0574,0.01387103685039881,0.012588301004841962,0.962851
17,66,6,1,1,1,Average,0.9445,29.38,14.69,0.0574,0.01387103685039881,0.012588301004841962,0.970961
9,46,8,2,1,1,Poor,0.9077,72.78,36.39,0.0898,0.023073565217718917,0.01643202524606371,0.913543
9,46,8,2,1,1,Poor,0.9077,72.78,36.39,0.0898,0.023073565217718917,0.01643202524606371,0.902628
20,98,8,3,1,1,Poor,0.8872,57.99,28.99,0.1171,0.028200835658466067,0.02135844654266014,0.878563
20,98,8,3,1,1,Poor,0.8872,57.99,28.99,0.1171,0.028200835658466067,0.02135844654266014,0.873399
19,89,8,5,2,2,Good,0.9773,10.2,5.1,0.0269,0.005663043891103475,0.005390851537466858,0.913265
19,89,8,5,2,2,Good,0.9773,10.2,5.1,0.0269,0.005663043891103475,0.005390851537466858,0.92491
7,31,7,2,2,2,Average,0.9437,30.07,15.03,0.0585,0.014070010365996033,0.013572048401246845,0.974551
7,31,7,2,2,2,Average,0.9437,30.07,15.03,0.0585,0.014070010365996033,0.013572048401246845,0.970319
19,78,5,1,0,0,Poor,0.8702,61.38,30.69,0.1343,0.032457473196581405,0.02928402395105984,0.974437
19,78,5,1,0,0,Poor,0.8702,61.38,30.69,0.1343,0.032457473196581405,0.02928402395105984,0.980934
7,34,5,1,1,1,Average,0.9319,35.06,17.53,0.064,0.017025961933386874,0.009334018686426453,0.990069
7,34,5,1,1,1,Average,0.9319,35.06,17.53,0.064,0.017025961933386874,0.009334018686426453,0.984096
17,42,5,2,1,1,Good,0.9863,14.01,7.0,0.0173,0.003433786358924107,0.0035790109501176192,0.985828
17,42,5,2,1,1,Good,0.9863,14.01,7.0,0.0173,0.003433786358924107,0.0035790109501176192,0.986491
20,92,6,1,1,1,Poor,0.8771,73.33,36.66,0.1185,0.030717762164154505,0.025775033123556758,0.971826
20,92,6,1,1,1,Poor,0.8771,73.33,36.66,0.1185,0.030717762164154505,0.025775033123556758,0.980217
6,21,6,2,2,2,Average,0.9581,38.86,19.43,0.0378,0.010478122831505954,0.013806716245844838,0.94014
6,21,6,2,2,2,Average,0.9581,38.86,19.43,0.0378,0.010478122831505954,0.013806716245844838,0.943061
8,25,5,1,1,1,Excellent,0.9931,8.43,4.21,0.0086,0.0017282032067973407,0.0021705115211577562,0.992837
8,25,5,1,1,1,Excellent,0.9931,8.43,4.21,0.0086,0.0017282032067973407,0.0021705115211577562,0.992742
16,34,4,1,1,1,Excellent,0.9893,7.04,3.52,0.0068,0.0026715691133555597,0.002346293210031504,0.993772
16,34,4,1,1,1,Excellent,0.9893,7.04,3.52,0.0068,0.0026715691133555597,0.002346293210031504,0.996027
16,73,7,1,0,0,Excellent,0.9945,9.55,4.77,0.0021,0.001379764421805707,0.00122308543088813,0.964013
16,73,7,1,0,0,Excellent,0.9945,9.55,4.77,0.0021,0.001379764421805707,0.00122308543088813,0.964534
10,54,7,1,0,0,Excellent,0.9926,8.72,4.36,0.0073,0.0018549562110534434,0.002640193873920338,0.985243
10,54,7,1,0,0,Excellent,0.9926,8.72,4.36,0.0073,0.0018549562110534434,0.002640193873920338,0.98284
11,40,5,1,0,0,Excellent,0.9982,7.97,3.98,0.0025,0.001,0.0011510320274061895,0.977804
11,40,5,1,0,0,Excellent,0.9982,7.97,3.98,0.0025,0.001,0.0011510320274061895,0.97589
20,93,6,1,0,0,Good,0.9811,16.79,8.4,0.0187,0.004715631407538806,0.006091504216995985,0.987309
20,93,6,1,0,0,Good,0.9811,16.79,8.4,0.0187,0.004715631407538806,0.006091504216995985,0.985346
10,38,6,3,2,2,Poor,0.8926,74.37,37.18,0.1054,0.02686137463527727,0.02775663989724854,0.957827
10,38,6,3,2,2,Poor,0.8926,74.37,37.18,0.1054,0.02686137463527727,0.02775663989724854,0.959909
8,51,8,1,0,0,Average,0.9655,45.9,22.95,0.0323,0.008629386829200891,0.007408947528025643,0.968446
8,51,8,1,0,0,Average,0.9655,45.9,22.95,0.0323,0.008629386829200891,0.007408947528025643,0.962087
21,156,8,1,0,0,Excellent,0.9906,9.44,4.72,0.0074,0.0023377437759596886,0.0016924402248933578,0.953089
21,156,8,1,0,0,Excellent,0.9906,9.44,4.72,0.0074,0.0023377437759596886,0.0016924402248933578,0.94166
16,68,8,2,2,2,Poor,0.8956,72.63,36.31,0.1017,0.026087667136067028,0.02668667112076924,0.904296
16,68,8,2,2,2,Poor,0.8956,72.63,36.31,0.1017,0.026087667136067028,0.02668667112076924,0.891899
6,22,6,1,1,1,Good,0.9759,12.73,6.37,0.0237,0.006026124911385183,0.004391942718553467,0.989164
6,22,6,1,1,1,Good,0.9759,12.73,6.37,0.0237,0.006026124911385183,0.004391942718553467,0.986793
19,51,5,3,1,1,Excellent,0.9944,5.22,2.61,0.0089,0.001396403288359327,0.0023300615717792876,0.986273
19,51,5,3,1,1,Excellent,0.9944,5.22,2.61,0.0089,0.001396403288359327,0.0023300615717792876,0.983844
11,50,7,1,1,1,Excellent,0.9885,5.24,2.62,0.0075,0.0028755346698665363,0.0014891343754651737,0.963363
11,50,7,1,1,1,Excellent,0.9885,5.24,2.62,0.0075,0.0028755346698665363,0.0014891343754651737,0.96191
15,32,4,1,1,1,Good,0.9884,11.49,5.74,0.012,0.002904157318407846,0.005187619631560414,0.991669
15,32,4,1,1,1,Good,0.9884,11.49,5.74,0.012,0.002904157318407846,0.005187619631560414,0.997138
12,62,8,2,0,0,Excellent,0.9935,9.41,4.7,0.0067,0.0016228662480632927,0.002447329652007448,0.953939
12,62,8,2,0,0,Excellent,0.9935,9.41,4.7,0.0067,0.0016228662480632927,0.002447329652007448,0.942888
13,52,7,1,0,0,Poor,0.9116,92.05,46.03,0.089,0.022087829776537254,0.025013466180885718,0.94171
13,52,7,1,0,0,Poor,0.9116,92.05,46.03,0.089,0.022087829776537254,0.025013466180885718,0.937942
18,71,5,1,1,1,Excellent,0.997,7.33,3.66,0.0051,0.001,0.0022960320932580817,0.993481
18,71,5,1,1,1,Excellent,0.997,7.33,3.66,0.0051,0.001,0.0022960320932580817,0.992266
6,15,4,1,0,0,Average,0.9619,23.88,11.94,0.0403,0.009526613199995343,0.013244346621653682,0.98691
6,15,4,1,0,0,Average,0.9619,23.88,11.94,0.0403,0.009526613199995343,0.013244346621653682,0.983758
6,32,7,1,1,1,Poor,0.9113,55.71,27.85,0.0893,0.022177312221131673,0.02807042283500847,0.950541
6,32,7,1,1,1,Poor,0.9113,55.71,27.85,0.0893,0.022177312221131673,0.02807042283500847,0.965911
16,35,4,3,2,2,Excellent,0.9957,5.9,2.95,0.0046,0.001074228689728396,0.0011618539506904454,0.994402
16,35,4,3,2,2,Excellent,0.9957,5.9,2.95,0.0046,0.001074228689728396,0.0011618539506904454,0.9962
8,21,4,1,1,1,Average,0.9554,43.96,21.98,0.0422,0.011140467645833069,0.00990694900872205,0.993958
8,21,4,1,1,1,Average,0.9554,43.96,21.98,0.0422,0.011140467645833069,0.00990694900872205,0.994389
18,56,5,2,2,2,Average,0.9381,30.15,15.08,0.0629,0.0154769263281202,0.010628156210648186,0.985006
18,56,5,2,2,2,Average,0.9381,30.15,15.08,0.0629,0.0154769263281202,0.010628156210648186,0.988324
8,45,7,2,2,2,Good,0.9784,14.39,7.2,0.0247,0.005394604993097157,0.005752394341088794,0.962855
8,45,7,2,2,2,Good,0.9784,14.39,7.2,0.0247,0.005394604993097157,0.005752394341088794,0.967846
19,129,8,1,0,0,Good,0.9837,18.46,9.23,0.0148,0.004066649857322052,0.0034262070099852085,0.928377
19,129,8,1,0,0,Good,0.9837,18.46,9.23,0.0148,0.004066649857322052,0.0034262070099852085,0.92081
18,116,7,1,1,1,Poor,0.8535,77.2,38.6,0.1452,0.036618474383626476,0.022416283138931528,0.942419
18,116,7,1,1,1,Poor,0.8535,77.2,38.6,0.1452,0.036618474383626476,0.022416283138931528,0.944491
8,32,7,2,0,0,Average,0.9532,28.91,14.46,0.0456,0.01170666496021816,0.010953912581459457,0.947913
8,32,7,2,0,0,Average,0.9532,28.91,14.46,0.0456,0.01170666496021816,0.010953912581459457,0.95132
12,35,5,2,1,1,Excellent,0.9889,6.48,3.24,0.0068,0.002770895907746901,0.001914157605411052,0.990194
12,35,5,2,1,1,Excellent,0.9889,6.48,3.24,0.0068,0.002770895907746901,0.001914157605411052,0.994632
15,33,4,1,1,1,Good,0.9848,16.26,8.13,0.012,0.0037974084253174223,0.0050454347797263925,0.994403
15,33,4,1,1,1,Good,0.9848,16.26,8.13,0.012,0.0037974084253174223,0.0050454347797263925,0.997743
18,38,4,1,1,1,Poor,0.8538,60.36,30.18,0.1438,0.03655680652421095,0.015408197325660166,0.993346
18,38,4,1,1,1,Poor,0.8538,60.36,30.18,0.1438,0.03655680652421095,0.015408197325660166,0.989982
21,111,8,1,0,0,Excellent,0.9973,6.08,3.04,0.0055,0.001,0.0014626532048432515,0.913775
21,111,8,1,0,0,Excellent,0.9973,6.08,3.04,0.0055,0.001,0.0014626532048432515,0.929903
14,41,4,1,1,1,Good,0.9793,14.86,7.43,0.0221,0.005165015805759093,0.00460625823524405,0.997268
14,41,4,1,1,1,Good,0.9793,14.86,7.43,0.0221,0.005165015805759093,0.00460625823524405,0.994825
8,33,5,1,1,1,Average,0.9673,37.3,18.65,0.0372,0.008181028325898815,0.013235714850124525,0.993035
8,33,5,1,1,1,Average,0.9673,37.3,18.65,0.0372,0.008181028325898815,0.013235714850124525,0.993256
9,47,8,2,2,2,Good,0.9871,14.83,7.41,0.0112,0.0032136790671999094,0.003892216809992777,0.929087
9,47,8,2,2,2,Good,0.9871,14.83,7.41,0.0112,0.0032136790671999094,0.003892216809992777,0.924098
10,46,7,1,0,0,Excellent,0.9918,5.41,2.7,0.0045,0.0020584503497327877,0.0013137563806886346,0.968094
10,46,7,1,0,0,Excellent,0.9918,5.41,2.7,0.0045,0.0020584503497327877,0.0013137563806886346,0.970013
9,50,7,1,0,0,Good,0.9787,10.2,5.1,0.0207,0.005316492720169985,0.005333555751224659,0.977068
9,50,7,1,0,0,Good,0.9787,10.2,5.1,0.0207,0.005316492720169985,0.005333555751224659,0.975739
7,46,7,1,1,1,Poor,0.8953,66.73,33.37,0.1059,0.026181936831725094,0.026850879844633246,0.956082
7,46,7,1,1,1,Poor,0.8953,66.73,33.37,0.1059,0.026181936831725094,0.026850879844633246,0.959983
21,124,8,1,0,0,Average,0.9531,37.45,18.72,0.048,0.01173728835657703,0.009525790641381138,0.893155
21,124,8,1,0,0,Average,0.9531,37.45,18.72,0.048,0.01173728835657703,0.009525790641381138,0.892877
9,32,7,2,2,2,Excellent,0.9944,6.4,3.2,0.0085,0.0014078496782754801,0.0029756895067916647,0.979348
9,32,7,2,2,2,Excellent,0.9944,6.4,3.2,0.0085,0.0014078496782754801,0.0029756895067916647,0.968157
9,32,6,1,0,0,Excellent,0.9862,9.97,4.99,0.0089,0.003454931723610166,0.0011539389713483455,0.989151
9,32,6,1,0,0,Excellent,0.9862,9.97,4.99,0.0089,0.003454931723610166,0.0011539389713483455,0.984691
16,60,5,1,1,1,Poor,0.9215,93.08,46.54,0.0776,0.01962442138688844,0.027436357821611877,0.971999
16,60,5,1,1,1,Poor,0.9215,93.08,46.54,0.0776,0.01962442138688844,0.027436357821611877,0.966221
17,65,6,2,0,0,Poor,0.8729,90.9,45.45,0.1296,0.03176369217260655,0.016550336191641434,0.905355
17,65,6,2,0,0,Poor,0.8729,90.9,45.45,0.1296,0.03176369217260655,0.016550336191641434,0.914444
15,82,8,3,3,3,Poor,0.857,60.9,30.45,0.1431,0.03575932760561626,0.016330199380288873,0.854867
15,82,8,3,3,3,Poor,0.857,60.9,30.45,0.1431,0.03575932760561626,0.016330199380288873,0.865385
7,22,5,1,1,1,Poor,0.8562,76.52,38.26,0.1458,0.03596094232585573,0.016707429747686884,0.920437
7,22,5,1,1,1,Poor,0.8562,76.52,38.26,0.1458,0.03596094232585573,0.016707429747686884,0.936656
8,36,7,1,0,0,Poor,0.9051,99.56,49.78,0.0978,0.023722818769978976,0.02543411014658293,0.952207
8,36,7,1,0,0,Poor,0.9051,99.56,49.78,0.0978,0.023722818769978976,0.02543411014658293,0.945998
9,39,7,4,2,2,Good,0.978,10.77,5.38,0.0223,0.0055023926569622295,0.0040710435086010605,0.965297
9,39,7,4,2,2,Good,0.978,10.77,5.38,0.0223,0.0055023926569622295,0.0040710435086010605,0.975896
7,19,4,1,1,1,Average,0.934,40.68,20.34,0.0634,0.016491256612332694,0.012380443046292197,0.992812
7,19,4,1,1,1,Average,0.934,40.68,20.34,0.0634,0.016491256612332694,0.012380443046292197,0.992043
16,82,8,3,3,3,Good,0.9863,13.42,6.71,0.0184,0.0034362751429394267,0.006470299072099329,0.921317
16,82,8,3,3,3,Good,0.9863,13.42,6.71,0.0184,0.0034362751429394267,0.006470299072099329,0.925984
12,39,6,1,0,0,Good,0.9882,11.45,5.73,0.0164,0.0029580980103912635,0.004368103000695747,0.983544
12,39,6,1,0,0,Good,0.9882,11.45,5.73,0.0164,0.0029580980103912635,0.004368103000695747,0.985153
14,50,7,1,0,0,Excellent,0.9898,9.17,4.58,0.007,0.002540769417157307,0.0021153029334632246,0.966116
14,50,7,1,0,0,Excellent,0.9898,9.17,4.58,0.007,0.002540769417157307,0.0021153029334632246,0.956346
19,104,7,2,2,2,Good,0.9899,19.05,9.52,0.0121,0.0025234308586706,0.003728788635333431,0.960046
19,104,7,2,2,2,Good,0.9899,19.05,9.52,0.0121,0.0025234308586706,0.003728788635333431,0.959158
18,47,5,3,0,0,Excellent,0.9919,5.61,2.8,0.0054,0.0020218225721962135,0.0021964682677555105,0.993776
18,47,5,3,0,0,Excellent,0.9919,5.61,2.8,0.0054,0.0020218225721962135,0.0021964682677555105,0.992144
14,51,6,1,1,1,Excellent,0.9933,9.12,4.56,0.0072,0.0016711729116899998,0.0016366780584119883,0.983486
14,51,6,1,1,1,Excellent,0.9933,9.12,4.56,0.0072,0.0016711729116899998,0.0016366780584119883,0.97615
16,47,4,1,1,1,Poor,0.9232,60.88,30.44,0.0742,0.019198521744761332,0.028421344508060713,0.981937
16,47,4,1,1,1,Poor,0.9232,60.88,30.44,0.0742,0.019198521744761332,0.028421344508060713,0.980253
18,103,7,1,1,1,Average,0.9466,43.26,21.63,0.0549,0.013341093353879119,0.01042919204805872,0.960769
18,103,7,1,1,1,Average,0.9466,43.26,21.63,0.0549,0.013341093353879119,0.01042919204805872,0.955253
17,67,6,4,3,3,Poor,0.9101,56.78,28.39,0.0922,0.022477852651574093,0.02343605026438141,0.958238
17,67,6,4,3,3,Poor,0.9101,56.78,28.39,0.0922,0.022477852651574093,0.02343605026438141,0.94076
11,66,8,1,0,0,Excellent,0.9976,7.3,3.65,0.0064,0.001,0.0016572440810628305,0.930498
11,66,8,1,0,0,Excellent,0.9976,7.3,3.65,0.0064,0.001,0.0016572440810628305,0.923258
19,46,4,1,1,1,Poor,0.9217,75.41,37.71,0.0753,0.019565361771787804,0.029444866510670638,0.91852
19,46,4,1,1,1,Poor,0.9217,75.41,37.71,0.0753,0.019565361771787804,0.029444866510670638,0.926467
21,52,4,2,1,1,Good,0.9789,11.21,5.61,0.0231,0.005267780537884514,0.006898483872747575,0.997628
21,52,4,2,1,1,Good,0.9789,11.21,5.61,0.0231,0.005267780537884514,0.006898483872747575,0.992683
13,41,4,1,1,1,Excellent,0.9877,7.06,3.53,0.0091,0.0030688380545399185,0.0014693769579213782,0.992786
13,41,4,1,1,1,Excellent,0.9877,7.06,3.53,0.0091,0.0030688380545399185,0.0014693769579213782,0.995354
15,60,6,1,1,1,Excellent,0.996,5.47,2.74,0.0054,0.001,0.0016200077725975106,0.983158
15,60,6,1,1,1,Excellent,0.996,5.47,2.74,0.0054,0.001,0.0016200077725975106,0.982135
14,75,6,1,1,1,Good,0.9732,16.69,8.35,0.0234,0.006697411264637632,0.004118042357106529,0.984933
14,75,6,1,1,1,Good,0.9732,16.69,8.35,0.0234,0.006697411264637632,0.004118042357106529,0.985453
15,88,8,1,0,0,Poor,0.8783,70.57,35.28,0.1261,0.030436084923608275,0.016770229973082352,0.893915
15,88,8,1,0,0,Poor,0.8783,70.57,35.28,0.1261,0.030436084923608275,0.016770229973082352,0.87845
19,97,8,2,1,1,Excellent,0.9936,9.9,4.95,0.0042,0.0016064099964057665,0.002225377199094096,0.916465
19,97,8,2,1,1,Excellent,0.9936,9.9,4.95,0.0042,0.0016064099964057665,0.002225377199094096,0.923667
20,63,5,1,1,1,Excellent,0.988,6.6,3.3,0.0083,0.002991457233879835,0.002677541409802257,0.983866
20,63,5,1,1,1,Excellent,0.988,6.6,3.3,0.0083,0.002991457233879835,0.002677541409802257,0.995439
11,57,8,1,1,1,Poor,0.8798,93.0,46.5,0.1234,0.03004342206632049,0.016058986860568975,0.761672
11,57,8,1,1,1,Poor,0.8798,93.0,46.5,0.1234,0.03004342206632049,0.016058986860568975,0.745944
16,52,5,2,1,1,Poor,0.9111,65.98,32.99,0.0914,0.022219983672201654,0.023904484658324336,0.983689
16,52,5,2,1,1,Poor,0.9111,65.98,32.99,0.0914,0.022219983672201654,0.023904484658324336,0.991065
19,68,7,3,3,3,Poor,0.8687,80.0,40.0,0.132,0.032832736112104244,0.01850591464695105,0.941992
19,68,7,3,3,3,Poor,0.8687,80.0,40.0,0.132,0.032832736112104244,0.01850591464695105,0.953397
18,106,8,3,1,1,Excellent,0.9947,7.84,3.92,0.0009,0.0013186004051873867,0.0026454402736092505,0.917909
18,106,8,3,1,1,Excellent,0.9947,7.84,3.92,0.0009,0.0013186004051873867,0.0026454402736092505,0.926784
13,60,8,4,3,3,Average,0.9474,23.8,11.9,0.0561,0.013140395681837724,0.00935244888080362,0.927512
13,60,8,4,3,3,Average,0.9474,23.8,11.9,0.0561,0.013140395681837724,0.00935244888080362,0.925148
19,96,7,2,1,1,Good,0.9853,15.12,7.56,0.0138,0.003663824561033452,0.003806287014661831,0.957346
19,96,7,2,1,1,Good,0.9853,15.12,7.56,0.0138,0.003663824561033452,0.003806287014661831,0.966354
13,54,6,3,0,0,Good,0.9766,12.57,6.29,0.0195,0.005856880076281407,0.006828264914082814,0.980198
13,54,6,3,0,0,Good,0.9766,12.57,6.29,0.0195,0.005856880076281407,0.006828264914082814,0.975468
18,100,8,2,1,1,Poor,0.905,95.13,47.56,0.0904,0.02374483008581227,0.02151986615092077,0.716776
18,100,8,2,1,1,Poor,0.905,95.13,47.56,0.0904,0.02374483008581227,0.02151986615092077,0.707765
11,38,5,1,1,1,Poor,0.855,97.19,48.59,0.1456,0.03625807707642459,0.02015288114780451,0.979746
11,38,5,1,1,1,Poor,0.855,97.19,48.59,0.1456,0.03625807707642459,0.02015288114780451,0.982788
14,62,7,2,0,0,Good,0.9741,13.4,6.7,0.0267,0.00647027489135879,0.0043895844865765934,0.963302
14,62,7,2,0,0,Good,0.9741,13.4,6.7,0.0267,0.00647027489135879,0.0043895844865765934,0.960006
17,97,8,3,1,1,Average,0.9366,46.37,23.19,0.0668,0.015852812496700536,0.013925030470386549,0.893077
17,97,8,3,1,1,Average,0.9366,46.37,23.19,0.0668,0.015852812496700536,0.013925030470386549,0.891414
19,75,5,1,1,1,Poor,0.9142,64.17,32.08,0.0868,0.02143823637600245,0.02759260295278062,0.983161
19,75,5,1,1,1,Poor,0.9142,64.17,32.08,0.0868,0.02143823637600245,0.02759260295278062,0.979678
18,77,7,4,2,2,Average,0.9547,21.34,10.67,0.0483,0.011322648803684027,0.011184269440258094,0.951672
18,77,7,4,2,2,Average,0.9547,21.34,10.67,0.0483,0.011322648803684027,0.011184269440258094,0.951736
20,143,8,1,1,1,Good,0.9727,19.35,9.67,0.0297,0.0068308457702375425,0.0054420824541168275,0.92475
20,143,8,1,1,1,Good,0.9727,19.35,9.67,0.0297,0.0068308457702375425,0.0054420824541168275,0.93644
19,115,8,2,1,1,Poor,0.8877,72.5,36.25,0.1131,0.028079401266427884,0.021854777188941958,0.837048
19,115,8,2,1,1,Poor,0.8877,72.5,36.25,0.1131,0.028079401266427884,0.021854777188941958,0.845917
6,29,7,3,1,1,Poor,0.9208,79.21,39.61,0.0768,0.019797914999518718,0.021604720977118425,0.922138
6,29,7,3,1,1,Poor,0.9208,79.21,39.61,0.0768,0.019797914999518718,0.021604720977118425,0.918279
12,27,4,2,0,0,Average,0.9363,43.88,21.94,0.068,0.015930057594887304,0.010584247058786692,0.983528
12,27,4,2,0,0,Average,0.9363,43.88,21.94,0.068,0.015930057594887304,0.010584247058786692,0.979435
18,64,6,3,1,1,Poor,0.8988,91.46,45.73,0.1035,0.025306887517334675,0.01500077277264959,0.970594
18,64,6,3,1,1,Poor,0.8988,91.46,45.73,0.1035,0.025306887517334675,0.01500077277264959,0.962706
14,52,6,1,1,1,Good,0.9808,12.04,6.02,0.0239,0.004797329389479438,0.004471749472936876,0.982897
14,52,6,1,1,1,Good,0.9808,12.04,6.02,0.0239,0.004797329389479438,0.004471749472936876,0.976921
19,64,6,2,2,2,Poor,0.8884,92.84,46.42,0.1161,0.027911303753006766,0.02226708829512697,0.943859
19,64,6,2,2,2,Poor,0.8884,92.84,46.42,0.1161,0.027911303753006766,0.02226708829512697,0.939353
19,51,5,3,3,3,Excellent,0.9938,7.36,3.68,0.007,0.0015379513310127269,0.002799017329977946,0.989235
19,51,5,3,3,3,Excellent,0.9938,7.36,3.68,0.007,0.0015379513310127269,0.002799017329977946,0.993143
16,58,5,2,1,1,Excellent,0.9906,9.9,4.95,0.0068,0.0023544285692339573,0.0016474522482051444,0.990933
16,58,5,2,1,1,Excellent,0.9906,9.9,4.95,0.0068,0.0023544285692339573,0.0016474522482051444,0.993977
8,34,6,2,1,1,Poor,0.9115,88.03,44.01,0.0899,0.022120300565862894,0.023594553535188786,0.979013
8,34,6,2,1,1,Poor,0.9115,88.03,44.01,0.0899,0.022120300565862894,0.023594553535188786,0.979988
7,41,7,1,0,0,Poor,0.8862,59.79,29.9,0.111,0.028441141765330108,0.02580135626791773,0.950727
7,41,7,1,0,0,Poor,0.8862,59.79,29.9,0.111,0.028441141765330108,0.02580135626791773,0.952501
10,24,4,2,1,1,Poor,0.8981,77.46,38.73,0.1002,0.025463791335459757,0.02950257034672564,0.951115
10,24,4,2,1,1,Poor,0.8981,77.46,38.73,0.1002,0.025463791335459757,0.02950257034672564,0.94887
12,57,8,3,1,1,Excellent,0.9936,8.8,4.4,0.0064,0.0015974632848241854,0.0017377469561611076,0.938884
12,57,8,3,1,1,Excellent,0.9936,8.8,4.4,0.0064,0.0015974632848241854,0.0017377469561611076,0.953796
20,76,7,1,0,0,Average,0.9351,35.73,17.86,0.0604,0.016217935215828178,0.008729879104333595,0.960314
20,76,7,1,0,0,Average,0.9351,35.73,17.86,0.0604,0.016217935215828178,0.008729879104333595,0.950546
19,61,6,2,0,0,Good,0.9853,10.52,5.26,0.0139,0.003665360068512785,0.00401491774034633,0.981321
19,61,6,2,0,0,Good,0.9853,10.52,5.26,0.0139,0.003665360068512785,0.00401491774034633,0.979355
14,81,8,1,0,0,Poor,0.8847,75.43,37.72,0.1178,0.028836966776874112,0.025780962360419907,0.927887
14,81,8,1,0,0,Poor,0.8847,75.43,37.72,0.1178,0.028836966776874112,0.025780962360419907,0.921135
19,87,7,4,4,4,Excellent,0.9956,7.38,3.69,0.0084,0.0011000895629630913,0.0018969864082752962,0.961953
19,87,7,4,4,4,Excellent,0.9956,7.38,3.69,0.0084,0.0011000895629630913,0.0018969864082752962,0.961077
17,69,6,1,0,0,Poor,0.8975,73.08,36.54,0.1042,0.02562214771231633,0.02835288284002671,0.923907
17,69,6,1,0,0,Poor,0.8975,73.08,36.54,0.1042,0.02562214771231633,0.02835288284002671,0.939805
20,119,7,1,1,1,Average,0.9536,40.9,20.45,0.0504,0.011590080364561134,0.0114341439553994,0.955526
20,119,7,1,1,1,Average,0.9536,40.9,20.45,0.0504,0.011590080364561134,0.0114341439553994,0.961221
21,124,8,2,2,2,Poor,0.8931,63.25,31.62,0.1097,0.026732447163589634,0.020615006716542955,0.867106
21,124,8,2,2,2,Poor,0.8931,63.25,31.62,0.1097,0.026732447163589634,0.020615006716542955,0.871623
15,61,6,1,1,1,Good,0.9753,19.41,9.7,0.0268,0.006164398690137796,0.003553349303824698,0.978712
15,61,6,1,1,1,Good,0.9753,19.41,9.7,0.0268,0.006164398690137796,0.003553349303824698,0.980843
12,50,6,2,1,1,Poor,0.8708,87.5,43.75,0.133,0.03229878571264766,0.028038193661067225,0.945821
12,50,6,2,1,1,Poor,0.8708,87.5,43.75,0.133,0.03229878571264766,0.028038193661067225,0.941915
20,80,7,1,0,0,Poor,0.9051,77.88,38.94,0.0925,0.0237150049829494,0.017254464740588595,0.913166
20,80,7,1,0,0,Poor,0.9051,77.88,38.94,0.0925,0.0237150049829494,0.017254464740588595,0.898068
19,81,7,4,3,3,Poor,0.9048,67.73,33.87,0.0947,0.023799627226282843,0.017995818737676094,0.898877
19,81,7,4,3,3,Poor,0.9048,67.73,33.87,0.0947,0.023799627226282843,0.017995818737676094,0.917526
21,67,6,1,1,1,Good,0.9871,16.52,8.26,0.0142,0.003234828906700543,0.0032327553864945876,0.977036
21,67,6,1,1,1,Good,0.9871,16.52,8.26,0.0142,0.003234828906700543,0.0032327553864945876,0.976653
7,19,4,1,1,1,Average,0.9369,42.15,21.08,0.0619,0.0157815858766015,0.009856546743272097,0.97912
7,19,4,1,1,1,Average,0.9369,42.15,21.08,0.0619,0.0157815858766015,0.009856546743272097,0.981254
10,44,8,2,2,2,Good,0.974,17.45,8.72,0.0244,0.006503244252551665,0.005101334988569944,0.964813
10,44,8,2,2,2,Good,0.974,17.45,8.72,0.0244,0.006503244252551665,0.005101334988569944,0.954219
19,62,6,2,0,0,Average,0.936,27.38,13.69,0.0682,0.016003840761648264,0.013919353525449872,0.971506
19,62,6,2,0,0,Average,0.936,27.38,13.69,0.0682,0.016003840761648264,0.013919353525449872,0.9723
19,43,5,3,2,2,Poor,0.8837,99.19,49.6,0.1205,0.029087402458355865,0.025066603209379125,0.967836
19,43,5,3,2,2,Poor,0.8837,99.19,49.6,0.1205,0.029087402458355865,0.025066603209379125,0.970967
20,73,6,3,0,0,Excellent,0.9901,9.28,4.64,0.0057,0.0024798462664098186,0.0011198600044192712,0.98322
20,73,6,3,0,0,Excellent,0.9901,9.28,4.64,0.0057,0.0024798462664098186,0.0011198600044192712,0.980478
17,90,8,1,1,1,Poor,0.8847,53.89,26.94,0.118,0.028836682660833474,0.022527963210012384,0.880213
17,90,8,1,1,1,Poor,0.8847,53.89,26.94,0.118,0.028836682660833474,0.022527963210012384,0.854572
18,106,8,1,1,1,Average,0.9625,49.81,24.9,0.0335,0.009363130601265035,0.014093851704495047,0.912247
18,106,8,1,1,1,Average,0.9625,49.81,24.9,0.0335,0.009363130601265035,0.014093851704495047,0.909325
12,77,8,1,0,0,Poor,0.9071,89.38,44.69,0.0921,0.02321767336014366,0.019679384387675622,0.909313
12,77,8,1,0,0,Poor,0.9071,89.38,44.69,0.0921,0.02321767336014366,0.019679384387675622,0.913863
21,79,6,2,2,2,Poor,0.924,71.25,35.63,0.0774,0.019003097663106372,0.02471864667628288,0.917058
21,79,6,2,2,2,Poor,0.924,71.25,35.63,0.0774,0.019003097663106372,0.02471864667628288,0.916502
21,149,8,2,1,1,Excellent,0.9962,6.4,3.2,0.0046,0.001,0.0017997905712010664,0.936544
21,149,8,2,1,1,Excellent,0.9962,6.4,3.2,0.0046,0.001,0.0017997905712010664,0.9275
18,68,6,4,4,4,Average,0.9417,49.34,24.67,0.0534,0.014569729323926472,0.012135230935741911,0.952513
18,68,6,4,4,4,Average,0.9417,49.34,24.67,0.0534,0.014569729323926472,0.012135230935741911,0.960442
19,119,8,2,1,1,Good,0.9842,19.15,9.57,0.0113,0.003948438803706322,0.003268930858858867,0.926749
19,119,8,2,1,1,Good,0.9842,19.15,9.57,0.0113,0.003948438803706322,0.003268930858858867,0.926043
18,45,4,1,0,0,Poor,0.8907,51.61,25.81,0.1088,0.027313401542466337,0.01865453975795366,0.993521
18,45,4,1,0,0,Poor,0.8907,51.61,25.81,0.1088,0.027313401542466337,0.01865453975795366,0.996546
8,43,8,1,1,1,Average,0.9388,33.61,16.81,0.0596,0.015307534836860565,0.009089201239061782,0.970252
8,43,8,1,1,1,Average,0.9388,33.61,16.81,0.0596,0.015307534836860565,0.009089201239061782,0.979631
15,61,6,1,1,1,Good,0.9811,10.03,5.01,0.0165,0.004730432777281635,0.003412446409961194,0.984342
15,61,6,1,1,1,Good,0.9811,10.03,5.01,0.0165,0.004730432777281635,0.003412446409961194,0.981473
21,124,8,2,1,1,Good,0.9705,18.38,9.19,0.0298,0.007367384550131806,0.005990875353871542,0.909031
21,124,8,2,1,1,Good,0.9705,18.38,9.19,0.0298,0.007367384550131806,0.005990875353871542,0.906679
19,92,7,2,0,0,Average,0.9352,47.77,23.89,0.0646,0.01619761045435736,0.007764096272217451,0.925419
19,92,7,2,0,0,Average,0.9352,47.77,23.89,0.0646,0.01619761045435736,0.007764096272217451,0.915068
8,41,6,1,1,1,Good,0.9816,10.09,5.04,0.0171,0.004591987372052658,0.0040701429814309475,0.982209
8,41,6,1,1,1,Good,0.9816,10.09,5.04,0.0171,0.004591987372052658,0.0040701429814309475,0.98168
8,48,8,1,0,0,Average,0.9454,26.3,13.15,0.0549,0.013651937171199169,0.011303714773933882,0.912916
8,48,8,1,0,0,Average,0.9454,26.3,13.15,0.0549,0.013651937171199169,0.011303714773933882,0.914058
7,35,6,1,1,1,Average,0.9476,41.18,20.59,0.0571,0.01309050167163156,0.014333389828849383,0.981527
7,35,6,1,1,1,Average,0.9476,41.18,20.59,0.0571,0.01309050167163156,0.014333389828849383,0.972418
18,83,8,1,1,1,Average,0.9531,30.83,15.42,0.0508,0.011720545056928156,0.01392280692521346,0.899266
18,83,8,1,1,1,Average,0.9531,30.83,15.42,0.0508,0.011720545056928156,0.01392280692521346,0.89614
20,76,7,2,0,0,Average,0.9633,42.74,21.37,0.0371,0.009183052883576515,0.014539712360728655,0.947918
20,76,7,2,0,0,Average,0.9633,42.74,21.37,0.0371,0.009183052883576515,0.014539712360728655,0.950553
13,47,4,1,1,1,Average,0.9277,35.97,17.99,0.0682,0.018066689441726125,0.014132228834419058,0.997604
13,47,4,1,1,1,Average,0.9277,35.97,17.99,0.0682,0.018066689441726125,0.014132228834419058,0.992801
8,30,5,1,0,0,Average,0.9587,45.98,22.99,0.0376,0.010322947750480593,0.011853602408291673,0.974516
8,30,5,1,0,0,Average,0.9587,45.98,22.99,0.0376,0.010322947750480593,0.011853602408291673,0.970384
15,65,5,3,2,2,Good,0.9765,11.03,5.51,0.0222,0.005866392258151776,0.004853241137998188,0.993802
15,65,5,3,2,2,Good,0.9765,11.03,5.51,0.0222,0.005866392258151776,0.004853241137998188,0.991672
7,20,5,1,1,1,Excellent,0.9914,5.87,2.93,0.0052,0.002150681947212907,0.0028092054157434695,0.992904
7,20,5,1,1,1,Excellent,0.9914,5.87,2.93,0.0052,0.002150681947212907,0.0028092054157434695,0.993668
8,33,7,1,0,0,Good,0.9848,12.49,6.25,0.0166,0.003808917448091309,0.004449772840612447,0.938144
8,33,7,1,0,0,Good,0.9848,12.49,6.25,0.0166,0.003808917448091309,0.004449772840612447,0.938327
12,36,4,1,1,1,Excellent,0.9965,9.04,4.52,0.003,0.001,0.002065647841810448,0.994501
12,36,4,1,1,1,Excellent,0.9965,9.04,4.52,0.003,0.001,0.002065647841810448,0.996305
7,17,4,1,1,1,Poor,0.8877,68.03,34.01,0.1139,0.028071482044767226,0.01969293128547445,0.972224
7,17,4,1,1,1,Poor,0.8877,68.03,34.01,0.1139,0.028071482044767226,0.01969293128547445,0.976438
19,90,7,1,1,1,Poor,0.8642,61.87,30.93,0.134,0.033940560826202115,0.02829517837281255,0.922481
19,90,7,1,1,1,Poor,0.8642,61.87,30.93,0.134,0.033940560826202115,0.02829517837281255,0.929828
11,28,4,2,1,1,Excellent,0.9942,5.71,2.85,0.0094,0.001452681416813928,0.0021959022472336992,0.990387
11,28,4,2,1,1,Excellent,0.9942,5.71,2.85,0.0094,0.001452681416813928,0.0021959022472336992,0.993359
19,40,4,1,0,0,Average,0.9368,40.53,20.27,0.0674,0.01580595360582232,0.013429531341968701,0.990328
19,40,4,1,0,0,Average,0.9368,40.53,20.27,0.0674,0.01580595360582232,0.013429531341968701,0.996614
19,43,4,2,2,2,Excellent,0.9973,9.59,4.79,0.0075,0.001,0.001761070768386449,0.995453
19,43,4,2,2,2,Excellent,0.9973,9.59,4.79,0.0075,0.001,0.001761070768386449,0.995584
8,36,8,1,0,0,Excellent,0.9959,5.29,2.65,0.0075,0.0010338829651170556,0.0024046401191757643,0.975287
8,36,8,1,0,0,Excellent,0.9959,5.29,2.65,0.0075,0.0010338829651170556,0.0024046401191757643,0.980651
10,78,8,1,0,0,Good,0.9897,16.64,8.32,0.0127,0.002569854547765593,0.0046179913740023145,0.946393
10,78,8,1,0,0,Good,0.9897,16.64,8.32,0.0127,0.002569854547765593,0.0046179913740023145,0.964603
10,66,8,1,1,1,Good,0.9773,16.87,8.44,0.0227,0.005666044955426164,0.006711482663096088,0.931989
10,66,8,1,1,1,Good,0.9773,16.87,8.44,0.0227,0.005666044955426164,0.006711482663096088,0.918952
18,87,7,1,0,0,Good,0.9838,10.3,5.15,0.0139,0.004040288566915046,0.0052917408585438416,0.966086
18,87,7,1,0,0,Good,0.9838,10.3,5.15,0.0139,0.004040288566915046,0.0052917408585438416,0.958279
17,40,4,1,0,0,Good,0.9753,11.39,5.7,0.026,0.00616488382864383,0.006747930227136129,0.996304
17,40,4,1,0,0,Good,0.9753,11.39,5.7,0.026,0.00616488382864383,0.006747930227136129,0.99667
21,68,6,2,0,0,Good,0.9785,17.6,8.8,0.021,0.005366678428006144,0.0058138367593657,0.974965
21,68,6,2,0,0,Good,0.9785,17.6,8.8,0.021,0.005366678428006144,0.0058138367593657,0.980672
21,108,8,2,2,2,Good,0.9858,12.54,6.27,0.0138,0.003549171391385192,0.0034883865161165015,0.913511
21,108,8,2,2,2,Good,0.9858,12.54,6.27,0.0138,0.003549171391385192,0.0034883865161165015,0.923022
17,108,8,3,0,0,Excellent,1.0003,6.48,3.24,0.0019,0.001,0.0010893918176171579,0.917652
17,108,8,3,0,0,Excellent,1.0003,6.48,3.24,0.0019,0.001,0.0010893918176171579,0.939578
18,64,5,3,2,2,Excellent,1.0001,9.03,4.52,0.0004,0.001,0.001347005021442397,0.984509
18,64,5,3,2,2,Excellent,1.0001,9.03,4.52,0.0004,0.001,0.001347005021442397,0.992199
19,40,4,5,3,3,Average,0.9322,45.42,22.71,0.0655,0.016955363814854435,0.014636954772749164,0.97045
19,40,4,5,3,3,Average,0.9322,45.42,22.71,0.0655,0.016955363814854435,0.014636954772749164,0.968375
16,80,7,1,1,1,Excellent,1.0035,8.59,4.3,0.0002,0.001,0.002269128643016166,0.956128
16,80,7,1,1,1,Excellent,1.0035,8.59,4.3,0.0002,0.001,0.002269128643016166,0.961611
18,116,7,1,1,1,Average,0.9651,26.13,13.06,0.0338,0.008715361678471617,0.012016039898455,0.959962
18,116,7,1,1,1,Average,0.9651,26.13,13.06,0.0338,0.008715361678471617,0.012016039898455,0.968791
21,111,8,2,1,1,Poor,0.8988,86.4,43.2,0.1005,0.025304419362610214,0.029738041934891334,0.843141
21,111,8,2,1,1,Poor,0.8988,86.4,43.2,0.1005,0.025304419362610214,0.029738041934891334,0.82345
13,92,8,1,1,1,Excellent,0.9889,6.03,3.02,0.0066,0.0027663377214649787,0.0022943086494203947,0.925505
13,92,8,1,1,1,Excellent,0.9889,6.03,3.02,0.0066,0.0027663377214649787,0.0022943086494203947,0.921455
9,21,4,1,0,0,Good,0.9876,15.56,7.78,0.0102,0.003097002065968052,0.0063228314396477255,0.98259
9,21,4,1,0,0,Good,0.9876,15.56,7.78,0.0102,0.003097002065968052,0.0063228314396477255,0.98241
6,18,5,2,2,2,Good,0.9771,13.29,6.65,0.0252,0.005723949227215919,0.0064273515640133035,0.989166
6,18,5,2,2,2,Good,0.9771,13.29,6.65,0.0252,0.005723949227215919,0.0064273515640133035,0.987403
16,81,8,1,0,0,Good,0.9717,15.6,7.8,0.029,0.007079847569515352,0.004232158841890628,0.9382
16,81,8,1,0,0,Good,0.9717,15.6,7.8,0.029,0.007079847569515352,0.004232158841890628,0.936509
20,68,6,2,2,2,Excellent,0.9971,9.79,4.89,0.0023,0.001,0.0021215885019208267,0.981781
20,68,6,2,2,2,Excellent,0.9971,9.79,4.89,0.0023,0.001,0.0021215885019208267,0.979861
17,96,8,1,0,0,Excellent,0.9931,9.79,4.89,0.0041,0.0017344663075102018,0.001112590906323097,0.939591
17,96,8,1,0,0,Excellent,0.9931,9.79,4.89,0.0041,0.0017344663075102018,0.001112590906323097,0.930153
16,107,8,1,1,1,Good,0.9753,11.26,5.63,0.0246,0.006167207616937537,0.0062313135730204935,0.928765
16,107,8,1,1,1,Good,0.9753,11.26,5.63,0.0246,0.006167207616937537,0.0062313135730204935,0.9343
19,86,8,2,1,1,Average,0.9445,31.4,15.7,0.0564,0.013875792337694759,0.008334392092678545,0.90504
19,86,8,2,1,1,Average,0.9445,31.4,15.7,0.0564,0.013875792337694759,0.008334392092678545,0.905115
12,26,4,2,0,0,Good,0.9852,12.45,6.23,0.0142,0.00370636890055967,0.005039812967605568,0.992151
12,26,4,2,0,0,Good,0.9852,12.45,6.23,0.0142,0.00370636890055967,0.005039812967605568,0.988449
19,62,6,1,1,1,Average,0.9366,40.45,20.22,0.0633,0.015855635214279823,0.01027603373760811,0.979478
19,62,6,1,1,1,Average,0.9366,40.45,20.22,0.0633,0.015855635214279823,0.01027603373760811,0.980505
16,71,6,1,0,0,Poor,0.9222,66.74,33.37,0.0763,0.019443452771980868,0.018009991617630526,0.956231
16,71,6,1,0,0,Poor,0.9222,66.74,33.37,0.0763,0.019443452771980868,0.018009991617630526,0.954137
16,77,7,2,2,2,Average,0.9426,40.51,20.26,0.0584,0.014341942010270503,0.008269125755057678,0.943385
16,77,7,2,2,2,Average,0.9426,40.51,20.26,0.0584,0.014341942010270503,0.008269125755057678,0.942139
21,112,8,2,2,2,Average,0.9495,36.12,18.06,0.0483,0.01263245475989741,0.014735743861545993,0.893699
21,112,8,2,2,2,Average,0.9495,36.12,18.06,0.0483,0.01263245475989741,0.014735743861545993,0.885557
18,106,8,1,0,0,Good,0.9797,14.29,7.14,0.0165,0.005065401861112456,0.0059927675918314965,0.921466
18,106,8,1,0,0,Good,0.9797,14.29,7.14,0.0165,0.005065401861112456,0.0059927675918314965,0.924072
13,69,6,1,0,0,Average,0.954,38.39,19.2,0.0442,0.01151019323759861,0.01314002510060015,0.983688
13,69,6,1,0,0,Average,0.954,38.39,19.2,0.0442,0.01151019323759861,0.01314002510060015,0.976786
15,73,7,1,0,0,Excellent,0.9966,8.06,4.03,0.0044,0.001,0.001475165693988879,0.962508
15,73,7,1,0,0,Excellent,0.9966,8.06,4.03,0.0044,0.001,0.001475165693988879,0.954688
12,52,8,1,0,0,Average,0.9329,42.09,21.05,0.0627,0.016779201047488895,0.00788205822682396,0.919596
12,52,8,1,0,0,Average,0.9329,42.09,21.05,0.0627,0.016779201047488895,0.00788205822682396,0.926005
10,41,6,3,2,2,Good,0.9777,15.24,7.62,0.0252,0.005566921985480783,0.0038598660023602734,0.984969
10,41,6,3,2,2,Good,0.9777,15.24,7.62,0.0252,0.005566921985480783,0.0038598660023602734,0.983035
11,54,8,3,3,3,Poor,0.8864,69.08,34.54,0.1143,0.02839663024548683,0.022798500221180792,0.917125
11,54,8,3,3,3,Poor,0.8864,69.08,34.54,0.1143,0.02839663024548683,0.022798500221180792,0.909907
19,62,6,2,1,1,Excellent,0.9957,9.77,4.89,0.008,0.0010755492211807216,0.002941656590008528,0.978699
19,62,6,2,1,1,Excellent,0.9957,9.77,4.89,0.008,0.0010755492211807216,0.002941656590008528,0.978716
16,52,4,1,1,1,Good,0.9881,14.39,7.19,0.0148,0.0029736527962295756,0.005107934248421547,0.997029
16,52,4,1,1,1,Good,0.9881,14.39,7.19,0.0148,0.0029736527962295756,0.005107934248421547,0.99821
21,85,7,1,1,1,Excellent,0.9945,9.64,4.82,0.0033,0.0013843259372633976,0.002761502370473333,0.964737
21,85,7,1,1,1,Excellent,0.9945,9.64,4.82,0.0033,0.0013843259372633976,0.002761502370473333,0.96903
13,48,6,2,1,1,Good,0.9931,18.92,9.46,0.0108,0.0017281871995458165,0.004938222940438749,0.984213
13,48,6,2,1,1,Good,0.9931,18.92,9.46,0.0108,0.0017281871995458165,0.004938222940438749,0.98362
18,100,6,1,1,1,Good,0.9874,14.96,7.48,0.011,0.0031584942249369974,0.0038248405574288283,0.985801
18,100,6,1,1,1,Good,0.9874,14.96,7.48,0.011,0.0031584942249369974,0.0038248405574288283,0.988465
10,31,4,1,0,0,Average,0.9447,32.26,16.13,0.0596,0.013825141802865065,0.008228511023701403,0.993469
10,31,4,1,0,0,Average,0.9447,32.26,16.13,0.0596,0.013825141802865065,0.008228511023701403,0.994573
17,103,8,1,0,0,Excellent,1.003,5.85,2.93,0.0009,0.001,0.0017148336167611177,0.923461
17,103,8,1,0,0,Excellent,1.003,5.85,2.93,0.0009,0.001,0.0017148336167611177,0.926122
12,43,6,3,3,3,Good,0.9761,18.61,9.3,0.0235,0.005982916236930924,0.006499007443190384,0.979986
12,43,6,3,3,3,Good,0.9761,18.61,9.3,0.0235,0.005982916236930924,0.006499007443190384,0.982461
14,75,7,2,1,1,Good,0.9824,19.42,9.71,0.0174,0.0044096712610494915,0.00504799399575576,0.975569
14,75,7,2,1,1,Good,0.9824,19.42,9.71,0.0174,0.0044096712610494915,0.00504799399575576,0.975112
18,85,6,1,1,1,Excellent,0.9972,7.23,3.61,0.0061,0.001,0.002662379033572937,0.98658
18,85,6,1,1,1,Excellent,0.9972,7.23,3.61,0.0061,0.001,0.002662379033572937,0.987069
8,44,8,1,1,1,Poor,0.8969,74.16,37.08,0.0996,0.025773563961975027,0.025163792709409338,0.916043
8,44,8,1,1,1,Poor,0.8969,74.16,37.08,0.0996,0.025773563961975027,0.025163792709409338,0.914566
12,56,6,1,1,1,Excellent,0.9977,7.15,3.57,0.0028,0.001,0.0020400269442697686,0.982269
12,56,6,1,1,1,Excellent,0.9977,7.15,3.57,0.0028,0.001,0.0020400269442697686,0.983962
16,37,5,1,1,1,Poor,0.8929,63.61,31.8,0.1056,0.026772563310260872,0.026701979412053444,0.960984
16,37,5,1,1,1,Poor,0.8929,63.61,31.8,0.1056,0.026772563310260872,0.026701979412053444,0.959439
7,43,8,1,1,1,Poor,0.9062,50.94,25.47,0.0961,0.02345966230726207,0.01894985973633552,0.937677
7,43,8,1,1,1,Poor,0.9062,50.94,25.47,0.0961,0.02345966230726207,0.01894985973633552,0.939345
15,57,5,1,0,0,Good,0.9811,19.84,9.92,0.0186,0.004732670344726075,0.004970516774113434,0.991101
15,57,5,1,0,0,Good,0.9811,19.84,9.92,0.0186,0.004732670344726075,0.004970516774113434,0.982921
19,61,6,1,1,1,Good,0.9788,19.51,9.75,0.0245,0.005304448854608124,0.004062525950899176,0.980174
19,61,6,1,1,1,Good,0.9788,19.51,9.75,0.0245,0.005304448854608124,0.004062525950899176,0.98229
7,40,8,1,1,1,Poor,0.8515,70.25,35.12,0.146,0.03713675395125543,0.027976934028329695,0.859101
7,40,8,1,1,1,Poor,0.8515,70.25,35.12,0.146,0.03713675395125543,0.027976934028329695,0.894511
9,39,7,1,0,0,Excellent,1.0034,8.32,4.16,0.0011,0.001,0.0022868980057874494,0.991068
9,39,7,1,0,0,Excellent,1.0034,8.32,4.16,0.0011,0.001,0.0022868980057874494,0.991532
20,108,7,1,0,0,Good,0.9753,17.66,8.83,0.0223,0.006165731189427731,0.005652849288933174,0.962661
20,108,7,1,0,0,Good,0.9753,17.66,8.83,0.0223,0.006165731189427731,0.005652849288933174,0.969578
21,94,6,1,0,0,Good,0.9708,11.73,5.86,0.0289,0.007292175344538687,0.005001926074527695,0.978224
21,94,6,1,0,0,Good,0.9708,11.73,5.86,0.0289,0.007292175344538687,0.005001926074527695,0.977708
14,80,7,2,0,0,Excellent,1.002,6.12,3.06,0.0027,0.001,0.0022677600158422886,0.961807
14,80,7,2,0,0,Excellent,1.002,6.12,3.06,0.0027,0.001,0.0022677600158422886,0.96514
9,47,6,1,0,0,Poor,0.8587,76.7,38.35,0.14,0.03532549291331352,0.018209950136345753,0.983098
9,47,6,1,0,0,Poor,0.8587,76.7,38.35,0.14,0.03532549291331352,0.018209950136345753,0.981104
10,34,6,2,1,1,Good,0.9839,18.61,9.3,0.0207,0.004015187907229323,0.0043980724380221275,0.986979
10,34,6,2,1,1,Good,0.9839,18.61,9.3,0.0207,0.004015187907229323,0.0043980724380221275,0.983726
15,54,7,2,1,1,Poor,0.8914,68.11,34.05,0.1101,0.027147649459037637,0.0210367792149236,0.931627
15,54,7,2,1,1,Poor,0.8914,68.11,34.05,0.1101,0.027147649459037637,0.0210367792149236,0.93235
14,55,5,1,1,1,Excellent,0.9933,8.88,4.44,0.0041,0.0016805211446106194,0.0024833270570048995,0.990645
14,55,5,1,1,1,Excellent,0.9933,8.88,4.44,0.0041,0.0016805211446106194,0.0024833270570048995,0.99332
20,51,4,1,1,1,Excellent,0.9969,6.26,3.13,0.0081,0.001,0.0018891766612767953,0.996879
20,51,4,1,1,1,Excellent,0.9969,6.26,3.13,0.0081,0.001,0.0018891766612767953,0.995829
14,30,4,2,2,2,Poor,0.894,83.47,41.74,0.1091,0.02650940198369839,0.02730772607328754,0.969967
14,30,4,2,2,2,Poor,0.894,83.47,41.74,0.1091,0.02650940198369839,0.02730772607328754,0.961578
17,62,4,1,0,0,Average,0.9304,37.16,18.58,0.0698,0.017401436091476902,0.008734016805846317,0.997149
17,62,4,1,0,0,Average,0.9304,37.16,18.58,0.0698,0.017401436091476902,0.008734016805846317,0.996854
17,72,6,1,1,1,Poor,0.89,51.85,25.93,0.1069,0.027502180945029542,0.027369684508625862,0.976825
17,72,6,1,1,1,Poor,0.89,51.85,25.93,0.1069,0.027502180945029542,0.027369684508625862,0.984851
20,42,4,1,1,1,Average,0.9722,38.47,19.24,0.0312,0.006946438226791113,0.013063827938131104,0.996024
20,42,4,1,1,1,Average,0.9722,38.47,19.24,0.0312,0.006946438226791113,0.013063827938131104,0.996601
7,46,7,1,1,1,Poor,0.8645,73.0,36.5,0.1332,0.033887276697811136,0.015501653494933381,0.959432
7,46,7,1,1,1,Poor,0.8645,73.0,36.5,0.1332,0.033887276697811136,0.015501653494933381,0.965951
19,143,8,1,1,1,Good,0.9855,19.44,9.72,0.0163,0.00361324525493692,0.004591473874564928,0.941391
19,143,8,1,1,1,Good,0.9855,19.44,9.72,0.0163,0.00361324525493692,0.004591473874564928,0.941257
9,34,5,1,0,0,Average,0.9404,37.35,18.67,0.0612,0.014894478756854762,0.013165203499285051,0.990325
9,34,5,1,0,0,Average,0.9404,37.35,18.67,0.0612,0.014894478756854762,0.013165203499285051,0.989809
19,105,8,3,1,1,Poor,0.915,70.09,35.05,0.09,0.021254197557002003,0.02685880069752443,0.841433
19,105,8,3,1,1,Poor,0.915,70.09,35.05,0.09,0.021254197557002003,0.02685880069752443,0.840474
20,55,4,2,1,1,Good,0.9769,11.33,5.66,0.0208,0.005766427808435753,0.0033414989998054104,0.994055
20,55,4,2,1,1,Good,0.9769,11.33,5.66,0.0208,0.005766427808435753,0.0033414989998054104,0.994503
13,48,5,1,1,1,Average,0.941,44.61,22.3,0.0601,0.014752586256118472,0.0075952852530541985,0.98706
13,48,5,1,1,1,Average,0.941,44.61,22.3,0.0601,0.014752586256118472,0.0075952852530541985,0.992052
15,65,7,2,0,0,Good,0.9772,14.32,7.16,0.027,0.005698118975753508,0.004254592939608814,0.959746
15,65,7,2,0,0,Good,0.9772,14.32,7.16,0.027,0.005698118975753508,0.004254592939608814,0.959021
19,86,8,1,1,1,Poor,0.8638,88.43,44.22,0.1408,0.03406204351793862,0.01902045188696981,0.876838
19,86,8,1,1,1,Poor,0.8638,88.43,44.22,0.1408,0.03406204351793862,0.01902045188696981,0.873577
11,45,6,1,0,0,Poor,0.8747,61.86,30.93,0.1284,0.0313147498699968,0.029189636401580628,0.972763
11,45,6,1,0,0,Poor,0.8747,61.86,30.93,0.1284,0.0313147498699968,0.029189636401580628,0.962478
8,32,5,3,1,1,Average,0.967,38.8,19.4,0.0367,0.008247069662995987,0.013440832100964237,0.988132
8,32,5,3,1,1,Average,0.967,38.8,19.4,0.0367,0.008247069662995987,0.013440832100964237,0.989285
21,116,8,5,3,3,Good,0.9775,18.43,9.21,0.0262,0.00563719274348129,0.004577257751725486,0.893649
21,116,8,5,3,3,Good,0.9775,18.43,9.21,0.0262,0.00563719274348129,0.004577257751725486,0.893549
20,95,6,1,0,0,Average,0.9632,38.88,19.44,0.0409,0.00919169996190572,0.012600531769679197,0.976611
20,95,6,1,0,0,Average,0.9632,38.88,19.44,0.0409,0.00919169996190572,0.012600531769679197,0.98099
17,71,5,1,1,1,Average,0.9291,28.4,14.2,0.067,0.017721904698477536,0.007780445921259677,0.991701
17,71,5,1,1,1,Average,0.9291,28.4,14.2,0.067,0.017721904698477536,0.007780445921259677,0.992727
12,27,4,2,2,2,Excellent,1.0012,8.45,4.23,0.0022,0.001,0.002444554081988923,0.996197
12,27,4,2,2,2,Excellent,1.0012,8.45,4.23,0.0022,0.001,0.002444554081988923,0.992923
15,68,8,3,1,1,Excellent,0.9946,7.69,3.84,0.009,0.0013396340009347307,0.0028781992507021306,0.93317
15,68,8,3,1,1,Excellent,0.9946,7.69,3.84,0.009,0.0013396340009347307,0.0028781992507021306,0.922379
11,43,5,1,0,0,Excellent,0.9976,9.73,4.87,0.0026,0.001,0.0013966525382240723,0.991807
11,43,5,1,0,0,Excellent,0.9976,9.73,4.87,0.0026,0.001,0.0013966525382240723,0.992437
14,68,6,1,0,0,Excellent,0.9983,9.5,4.75,0.0011,0.001,0.002083405318961424,0.978176
14,68,6,1,0,0,Excellent,0.9983,9.5,4.75,0.0011,0.001,0.002083405318961424,0.98136
21,91,8,3,1,1,Poor,0.8923,96.01,48.0,0.1075,0.02691699507119677,0.025984718528353788,0.889542
21,91,8,3,1,1,Poor,0.8923,96.01,48.0,0.1075,0.02691699507119677,0.025984718528353788,0.881289
19,44,4,1,1,1,Poor,0.8497,71.77,35.89,0.1477,0.0375833883615625,0.021975481552319577,0.962187
19,44,4,1,1,1,Poor,0.8497,71.77,35.89,0.1477,0.0375833883615625,0.021975481552319577,0.960024
17,53,5,1,1,1,Excellent,0.9953,7.42,3.71,0.0065,0.0011629070275359366,0.0011313608830646963,0.993525
17,53,5,1,1,1,Excellent,0.9953,7.42,3.71,0.0065,0.0011629070275359366,0.0011313608830646963,0.992328
18,76,6,2,2,2,Excellent,0.9979,8.28,4.14,0.001,0.001,0.0021486057076211323,0.978893
18,76,6,2,2,2,Excellent,0.9979,8.28,4.14,0.001,0.001,0.0021486057076211323,0.987344
14,72,7,1,0,0,Poor,0.9224,73.36,36.68,0.0787,0.01940157915702581,0.021019170511924284,0.952247
14,72,7,1,0,0,Poor,0.9224,73.36,36.68,0.0787,0.01940157915702581,0.021019170511924284,0.959394
6,29,8,2,1,1,Poor,0.913,89.23,44.62,0.09,0.0217594436891293,0.015497855428448629,0.727426
6,29,8,2,1,1,Poor,0.913,89.23,44.62,0.09,0.0217594436891293,0.015497855428448629,0.744093
21,99,8,4,2,2,Excellent,1.0018,6.15,3.07,0.0013,0.001,0.002996098028339336,0.927522
21,99,8,4,2,2,Excellent,1.0018,6.15,3.07,0.0013,0.001,0.002996098028339336,0.922575
9,34,6,1,1,1,Good,0.9799,13.97,6.99,0.0209,0.005025202946609686,0.0048581874953056775,0.979691
9,34,6,1,1,1,Good,0.9799,13.97,6.99,0.0209,0.005025202946609686,0.0048581874953056775,0.983046
11,39,6,3,2,2,Excellent,0.9864,9.8,4.9,0.0092,0.0033882219092593036,0.0014979364370944544,0.982169
11,39,6,3,2,2,Excellent,0.9864,9.8,4.9,0.0092,0.0033882219092593036,0.0014979364370944544,0.98238
10,45,7,1,1,1,Average,0.949,48.58,24.29,0.0461,0.012756672912146244,0.008393857724254227,0.943705
10,45,7,1,1,1,Average,0.949,48.58,24.29,0.0461,0.012756672912146244,0.008393857724254227,0.96017
20,87,8,2,1,1,Average,0.9458,43.78,21.89,0.0506,0.013540079131294402,0.013744338865760354,0.912744
20,87,8,2,1,1,Average,0.9458,43.78,21.89,0.0506,0.013540079131294402,0.013744338865760354,0.902407
13,65,8,3,0,0,Good,0.9799,17.73,8.86,0.0174,0.0050133100586844115,0.005013942296134117,0.91757
13,65,8,3,0,0,Good,0.9799,17.73,8.86,0.0174,0.0050133100586844115,0.005013942296134117,0.918915
12,42,6,2,1,1,Excellent,0.9938,5.02,2.51,0.0036,0.0015569366805859852,0.0026068743515949163,0.98078
12,42,6,2,1,1,Excellent,0.9938,5.02,2.51,0.0036,0.0015569366805859852,0.0026068743515949163,0.98698
12,71,8,1,1,1,Average,0.9373,23.66,11.83,0.065,0.015674806508612082,0.009434065523569877,0.921707
12,71,8,1,1,1,Average,0.9373,23.66,11.83,0.065,0.015674806508612082,0.009434065523569877,0.919096
13,76,8,2,2,2,Good,0.9835,10.87,5.43,0.0166,0.004119027197058783,0.005539143967119058,0.950125
13,76,8,2,2,2,Good,0.9835,10.87,5.43,0.0166,0.004119027197058783,0.005539143967119058,0.959784
16,61,5,1,0,0,Poor,0.8515,55.0,27.5,0.1443,0.03712532682505501,0.022288986671633145,0.964765
16,61,5,1,0,0,Poor,0.8515,55.0,27.5,0.1443,0.03712532682505501,0.022288986671633145,0.950602
12,32,4,1,0,0,Excellent,0.9991,6.73,3.36,0.005,0.001,0.002786503427820346,0.994432
12,32,4,1,0,0,Excellent,0.9991,6.73,3.36,0.005,0.001,0.002786503427820346,0.995544
8,30,6,1,1,1,Good,0.9702,12.54,6.27,0.0287,0.007459329206356419,0.004319838407433709,0.987779
8,30,6,1,1,1,Good,0.9702,12.54,6.27,0.0287,0.007459329206356419,0.004319838407433709,0.992082
14,48,7,1,1,1,Good,0.9783,17.61,8.8,0.0226,0.0054294921604879365,0.0038353355896195112,0.985226
14,48,7,1,1,1,Good,0.9783,17.61,8.8,0.0226,0.0054294921604879365,0.0038353355896195112,0.977604
18,95,7,1,1,1,Average,0.9503,23.46,11.73,0.0523,0.01241361495072868,0.010229694632143085,0.935287
18,95,7,1,1,1,Average,0.9503,23.46,11.73,0.0523,0.01241361495072868,0.010229694632143085,0.94279
14,50,7,2,2,2,Good,0.9727,13.1,6.55,0.0288,0.00681857397901911,0.0058576250651842295,0.972397
14,50,7,2,2,2,Good,0.9727,13.1,6.55,0.0288,0.00681857397901911,0.0058576250651842295,0.968479
20,97,8,3,2,2,Good,0.9769,18.43,9.21,0.0228,0.005764215956717972,0.003945336909431434,0.908927
20,97,8,3,2,2,Good,0.9769,18.43,9.21,0.0228,0.005764215956717972,0.003945336909431434,0.900795
19,145,8,1,0,0,Poor,0.8696,66.67,33.33,0.1304,0.032598919867964954,0.029700362302067934,0.91403
19,145,8,1,0,0,Poor,0.8696,66.67,33.33,0.1304,0.032598919867964954,0.029700362302067934,0.927227
9,32,6,1,1,1,Excellent,0.9975,6.51,3.26,0.0028,0.001,0.0010863783744968275,0.9918
9,32,6,1,1,1,Excellent,0.9975,6.51,3.26,0.0028,0.001,0.0010863783744968275,0.994337
8,49,8,1,1,1,Average,0.9392,31.61,15.81,0.0643,0.015201643762627809,0.008297583489635512,0.928421
8,49,8,1,1,1,Average,0.9392,31.61,15.81,0.0643,0.015201643762627809,0.008297583489635512,0.931358
21,115,7,1,1,1,Poor,0.8919,65.33,32.67,0.106,0.02701667488036394,0.026147695893543953,0.946841
21,115,7,1,1,1,Poor,0.8919,65.33,32.67,0.106,0.02701667488036394,0.026147695893543953,0.950608
16,93,7,1,0,0,Poor,0.8843,57.49,28.75,0.1152,0.02891569577474687,0.017496290958009787,0.958151
16,93,7,1,0,0,Poor,0.8843,57.49,28.75,0.1152,0.02891569577474687,0.017496290958009787,0.956194
6,29,5,1,1,1,Average,0.9584,48.7,24.35,0.0452,0.010406577079833002,0.012933143938592812,0.987495
6,29,5,1,1,1,Average,0.9584,48.7,24.35,0.0452,0.010406577079833002,0.012933143938592812,0.987112
11,45,7,1,0,0,Poor,0.8928,53.38,26.69,0.1116,0.026809339330493787,0.026726816469564443,0.900283
11,45,7,1,0,0,Poor,0.8928,53.38,26.69,0.1116,0.026809339330493787,0.026726816469564443,0.925346
7,32,7,2,2,2,Poor,0.8582,94.16,47.08,0.1412,0.03545983078058024,0.020618778445018908,0.935832
7,32,7,2,2,2,Poor,0.8582,94.16,47.08,0.1412,0.03545983078058024,0.020618778445018908,0.934645
19,140,8,2,2,2,Good,0.981,13.76,6.88,0.0199,0.0047618631041261295,0.006517366967959082,0.943314
19,140,8,2,2,2,Good,0.981,13.76,6.88,0.0199,0.0047618631041261295,0.006517366967959082,0.931277
13,46,7,1,1,1,Average,0.947,23.7,11.85,0.0522,0.013240378912834527,0.00849945078257852,0.947221
13,46,7,1,1,1,Average,0.947,23.7,11.85,0.0522,0.013240378912834527,0.00849945078257852,0.959692
13,49,5,2,2,2,Good,0.97,16.84,8.42,0.0255,0.007501864688394949,0.003572390115728233,0.98849
13,49,5,2,2,2,Good,0.97,16.84,8.42,0.0255,0.007501864688394949,0.003572390115728233,0.993135
13,84,8,2,1,1,Average,0.9681,28.4,14.2,0.0309,0.007972737743250968,0.012666952901458561,0.923064
13,84,8,2,1,1,Average,0.9681,28.4,14.2,0.0309,0.007972737743250968,0.012666952901458561,0.910483
18,56,4,1,0,0,Average,0.9378,41.23,20.62,0.0572,0.015544744176225617,0.011895776530730118,0.992967
18,56,4,1,0,0,Average,0.9378,41.23,20.62,0.0572,0.015544744176225617,0.011895776530730118,0.995717
12,41,5,1,0,0,Average,0.933,33.13,16.56,0.0652,0.01674175060891775,0.008124598359989266,0.992391
12,41,5,1,0,0,Average,0.933,33.13,16.56,0.0652,0.01674175060891775,0.008124598359989266,0.991228
16,65,5,1,0,0,Good,0.9686,14.82,7.41,0.0267,0.007840705836408779,0.004530160691186365,0.98765
16,65,5,1,0,0,Good,0.9686,14.82,7.41,0.0267,0.007840705836408779,0.004530160691186365,0.986811
16,112,8,2,0,0,Average,0.9372,35.95,17.98,0.0612,0.01569711702955734,0.007853070504453653,0.944602
16,112,8,2,0,0,Average,0.9372,35.95,17.98,0.0612,0.01569711702955734,0.007853070504453653,0.953547
17,83,6,1,0,0,Average,0.9439,47.14,23.57,0.0512,0.01402791935735681,0.008980650304223688,0.983656
17,83,6,1,0,0,Average,0.9439,47.14,23.57,0.0512,0.01402791935735681,0.008980650304223688,0.980754
19,106,7,1,0,0,Average,0.9584,49.12,24.56,0.0446,0.0103998492528167,0.010837370190449405,0.907056
19,106,7,1,0,0,Average,0.9584,49.12,24.56,0.0446,0.0103998492528167,0.010837370190449405,0.902144
20,100,7,2,0,0,Poor,0.9129,51.37,25.69,0.0844,0.02178681289058626,0.023851376021387656,0.901278
20,100,7,2,0,0,Poor,0.9129,51.37,25.69,0.0844,0.02178681289058626,0.023851376021387656,0.8899
21,51,4,2,1,1,Excellent,1.0038,9.51,4.75,0.0009,0.001,0.002807133962601848,0.99499
21,51,4,2,1,1,Excellent,1.0038,9.51,4.75,0.0009,0.001,0.002807133962601848,0.994215
18,85,8,2,1,1,Poor,0.8566,96.13,48.06,0.1461,0.03583919577595296,0.02492749707382752,0.832242
18,85,8,2,1,1,Poor,0.8566,96.13,48.06,0.1461,0.03583919577595296,0.02492749707382752,0.835331
21,100,8,2,1,1,Poor,0.8591,57.97,28.99,0.1408,0.03521830227136938,0.027395495451716448,0.887333
21,100,8,2,1,1,Poor,0.8591,57.97,28.99,0.1408,0.03521830227136938,0.027395495451716448,0.882014
14,35,4,1,1,1,Good,0.9816,18.06,9.03,0.0213,0.004593910860193784,0.0036947245769583356,0.99577
14,35,4,1,1,1,Good,0.9816,18.06,9.03,0.0213,0.004593910860193784,0.0036947245769583356,0.994475
21,55,4,2,1,1,Poor,0.9159,65.49,32.74,0.0792,0.0210262503322666,0.01792047173830588,0.991445
21,55,4,2,1,1,Poor,0.9159,65.49,32.74,0.0792,0.0210262503322666,0.01792047173830588,0.991652
16,39,4,2,2,2,Excellent,0.9981,8.51,4.25,0.0018,0.001,0.0016769507480379154,0.996872
16,39,4,2,2,2,Excellent,0.9981,8.51,4.25,0.0018,0.001,0.0016769507480379154,0.996747
10,31,4,1,1,1,Excellent,1.0004,5.74,2.87,0.0016,0.001,0.0025042889863793024,0.997439
10,31,4,1,1,1,Excellent,1.0004,5.74,2.87,0.0016,0.001,0.0025042889863793024,0.995984
21,69,4,1,1,1,Average,0.9278,28.93,14.46,0.0679,0.01805409628316787,0.009203414233316618,0.997934
21,69,4,1,1,1,Average,0.9278,28.93,14.46,0.0679,0.01805409628316787,0.009203414233316618,0.996327
10,39,7,2,1,1,Excellent,0.9902,5.28,2.64,0.0089,0.0024556380483136964,0.0012632160764105044,0.985639
10,39,7,2,1,1,Excellent,0.9902,5.28,2.64,0.0089,0.0024556380483136964,0.0012632160764105044,0.991363
16,71,7,1,1,1,Excellent,0.9955,8.9,4.45,0.0036,0.0011243948431717554,0.0023610918756001038,0.952411
16,71,7,1,1,1,Excellent,0.9955,8.9,4.45,0.0036,0.0011243948431717554,0.0023610918756001038,0.966463
14,60,7,1,1,1,Average,0.9716,25.12,12.56,0.032,0.007088704895189701,0.010185944024050365,0.96103
14,60,7,1,1,1,Average,0.9716,25.12,12.56,0.032,0.007088704895189701,0.010185944024050365,0.955741
16,65,7,2,1,1,Average,0.9358,42.05,21.02,0.0673,0.016057520612455273,0.008613305509888937,0.958023
16,65,7,2,1,1,Average,0.9358,42.05,21.02,0.0673,0.016057520612455273,0.008613305509888937,0.958318
17,76,8,2,1,1,Poor,0.9115,57.09,28.54,0.089,0.022119676569368474,0.020968446530577767,0.887118
17,76,8,2,1,1,Poor,0.9115,57.09,28.54,0.089,0.022119676569368474,0.020968446530577767,0.895562
19,65,4,2,1,1,Excellent,0.9897,8.98,4.49,0.0086,0.0025721390883285955,0.002955646493947785,0.995665
19,65,4,2,1,1,Excellent,0.9897,8.98,4.49,0.0086,0.0025721390883285955,0.002955646493947785,0.997279
13,47,5,1,0,0,Good,0.9909,14.01,7.01,0.0115,0.0022735699801169906,0.005126099954314254,0.989037
13,47,5,1,0,0,Good,0.9909,14.01,7.01,0.0115,0.0022735699801169906,0.005126099954314254,0.989304
9,54,8,1,1,1,Poor,0.903,50.35,25.17,0.0992,0.024243734464932637,0.023482444148393584,0.948054
9,54,8,1,1,1,Poor,0.903,50.35,25.17,0.0992,0.024243734464932637,0.023482444148393584,0.942169
21,130,7,1,1,1,Good,0.9832,10.28,5.14,0.0126,0.004211597985203153,0.003522783250994091,0.962044
21,130,7,1,1,1,Good,0.9832,10.28,5.14,0.0126,0.004211597985203153,0.003522783250994091,0.954272
10,22,4,1,1,1,Average,0.9574,23.79,11.89,0.0391,0.010644960605550507,0.011520816352961259,0.981103
10,22,4,1,1,1,Average,0.9574,23.79,11.89,0.0391,0.010644960605550507,0.011520816352961259,0.978745
14,32,4,1,1,1,Good,0.9783,17.54,8.77,0.0217,0.005413650730986264,0.005373559204026794,0.993234
14,32,4,1,1,1,Good,0.9783,17.54,8.77,0.0217,0.005413650730986264,0.005373559204026794,0.992746
16,35,4,2,1,1,Average,0.9334,47.43,23.72,0.0624,0.016662227549966713,0.013738542807758606,0.987969
16,35,4,2,1,1,Average,0.9334,47.43,23.72,0.0624,0.016662227549966713,0.013738542807758606,0.990815
20,111,8,5,1,1,Excellent,0.9935,6.41,3.21,0.0016,0.001613691040679044,0.0025751161346829763,0.920737
20,111,8,5,1,1,Excellent,0.9935,6.41,3.21,0.0016,0.001613691040679044,0.0025751161346829763,0.923738
20,87,6,5,1,1,Good,0.9831,15.83,7.91,0.0132,0.004216541488191672,0.005405160518876566,0.984775
20,87,6,5,1,1,Good,0.9831,15.83,7.91,0.0132,0.004216541488191672,0.005405160518876566,0.983918
13,63,8,1,0,0,Excellent,0.998,5.89,2.94,0.0065,0.001,0.0029356926350552746,0.938891
13,63,8,1,0,0,Excellent,0.998,5.89,2.94,0.0065,0.001,0.0029356926350552746,0.942117
20,93,7,1,0,0,Good,0.9792,17.6,8.8,0.0229,0.005208120179904296,0.00484435193181087,0.929936
20,93,7,1,0,0,Good,0.9792,17.6,8.8,0.0229,0.005208120179904296,0.00484435193181087,0.93402
12,52,6,1,1,1,Average,0.9383,25.93,12.96,0.0653,0.015433597603181942,0.01198108720163916,0.971959
12,52,6,1,1,1,Average,0.9383,25.93,12.96,0.0653,0.015433597603181942,0.01198108720163916,0.971407
21,74,7,2,1,1,Good,0.9713,16.04,8.02,0.0273,0.007180290115554461,0.003441270570086194,0.955778
21,74,7,2,1,1,Good,0.9713,16.04,8.02,0.0273,0.007180290115554461,0.003441270570086194,0.95961
15,96,7,1,1,1,Good,0.9741,18.94,9.47,0.0273,0.006463771337823693,0.006339671318432441,0.966168
15,96,7,1,1,1,Good,0.9741,18.94,9.47,0.0273,0.006463771337823693,0.006339671318432441,0.968284
21,102,6,1,1,1,Poor,0.8821,98.05,49.03,0.1201,0.02947719684233388,0.023514362307684174,0.973891
21,102,6,1,1,1,Poor,0.8821,98.05,49.03,0.1201,0.02947719684233388,0.023514362307684174,0.97664
19,100,7,1,1,1,Good,0.9855,12.88,6.44,0.0134,0.0036341055876857042,0.006116823523312971,0.961234
19,100,7,1,1,1,Good,0.9855,12.88,6.44,0.0134,0.0036341055876857042,0.006116823523312971,0.962429
14,48,6,1,1,1,Good,0.9884,19.23,9.61,0.0144,0.0028993935366270762,0.003923715533407072,0.98583
14,48,6,1,1,1,Good,0.9884,19.23,9.61,0.0144,0.0028993935366270762,0.003923715533407072,0.984981
16,39,4,1,0,0,Good,0.9899,14.67,7.33,0.0122,0.0025168048175945312,0.006008568509224499,0.9943
16,39,4,1,0,0,Good,0.9899,14.67,7.33,0.0122,0.0025168048175945312,0.006008568509224499,0.993384
16,70,7,1,1,1,Poor,0.8708,78.58,39.29,0.133,0.03231218515132481,0.024512016184528394,0.911076
16,70,7,1,1,1,Poor,0.8708,78.58,39.29,0.133,0.03231218515132481,0.024512016184528394,0.929423
14,68,8,3,2,2,Good,0.9712,19.18,9.59,0.0259,0.007192356874545225,0.004319836545312984,0.916597
14,68,8,3,2,2,Good,0.9712,19.18,9.59,0.0259,0.007192356874545225,0.004319836545312984,0.901043
13,68,8,3,1,1,Average,0.9467,38.49,19.25,0.0574,0.013314934409562745,0.01085039590522746,0.903133
13,68,8,3,1,1,Average,0.9467,38.49,19.25,0.0574,0.013314934409562745,0.01085039590522746,0.922084
11,49,7,2,0,0,Average,0.9379,33.95,16.97,0.0612,0.01553701414951425,0.007084782185715798,0.948168
11,49,7,2,0,0,Average,0.9379,33.95,16.97,0.0612,0.01553701414951425,0.007084782185715798,0.958222
7,32,8,3,2,2,Excellent,0.9906,7.16,3.58,0.0084,0.002339619088652156,0.00272933055223094,0.959795
7,32,8,3,2,2,Excellent,0.9906,7.16,3.58,0.0084,0.002339619088652156,0.00272933055223094,0.960773
15,48,6,4,2,2,Good,0.9836,14.52,7.26,0.0198,0.0040893658578636805,0.005822659591582001,0.976234
15,48,6,4,2,2,Good,0.9836,14.52,7.26,0.0198,0.0040893658578636805,0.005822659591582001,0.971957
13,39,5,1,1,1,Excellent,0.9915,7.0,3.5,0.0049,0.002122752645510678,0.002410658922045306,0.991232
13,39,5,1,1,1,Excellent,0.9915,7.0,3.5,0.0049,0.002122752645510678,0.002410658922045306,0.992892
19,69,4,1,0,0,Poor,0.8628,97.52,48.76,0.1349,0.03430939715278439,0.023563565078150536,0.995607
19,69,4,1,0,0,Poor,0.8628,97.52,48.76,0.1349,0.03430939715278439,0.023563565078150536,0.997092
18,119,8,4,3,3,Excellent,0.9939,6.39,3.19,0.0085,0.0015358247875075504,0.00234373767062968,0.940381
18,119,8,4,3,3,Excellent,0.9939,6.39,3.19,0.0085,0.0015358247875075504,0.00234373767062968,0.940408
21,64,5,1,1,1,Good,0.9893,13.34,6.67,0.014,0.0026725513804349565,0.006303981647221484,0.990697
21,64,5,1,1,1,Good,0.9893,13.34,6.67,0.014,0.0026725513804349565,0.006303981647221484,0.988169
13,28,4,1,1,1,Good,0.9781,10.2,5.1,0.0196,0.0054639239632431336,0.003994208444031217,0.99712
13,28,4,1,1,1,Good,0.9781,10.2,5.1,0.0196,0.0054639239632431336,0.003994208444031217,0.989753
15,47,5,2,1,1,Poor,0.929,96.67,48.34,0.0717,0.017757633766710662,0.02061462300168843,0.989622
15,47,5,2,1,1,Poor,0.929,96.67,48.34,0.0717,0.017757633766710662,0.02061462300168843,0.979493
11,49,7,1,1,1,Excellent,0.9948,6.21,3.1,0.0035,0.001306610202956332,0.0011452458262407948,0.971345
11,49,7,1,1,1,Excellent,0.9948,6.21,3.1,0.0035,0.001306610202956332,0.0011452458262407948,0.978482
10,34,5,1,1,1,Average,0.971,22.88,11.44,0.0311,0.007261618745701748,0.009925100144577616,0.990903
10,34,5,1,1,1,Average,0.971,22.88,11.44,0.0311,0.007261618745701748,0.009925100144577616,0.993551
14,31,4,1,1,1,Excellent,1.0,6.37,3.18,0.0015,0.001,0.0023741540115342088,0.989884
14,31,4,1,1,1,Excellent,1.0,6.37,3.18,0.0015,0.001,0.0023741540115342088,0.996597
8,19,4,1,0,0,Good,0.9784,13.71,6.86,0.0174,0.005392304222660266,0.004282967604177302,0.994279
8,19,4,1,0,0,Good,0.9784,13.71,6.86,0.0174,0.005392304222660266,0.004282967604177302,0.994055
7,36,8,1,1,1,Poor,0.9199,88.53,44.27,0.076,0.02002952154440024,0.018741993027436978,0.931994
7,36,8,1,1,1,Poor,0.9199,88.53,44.27,0.076,0.02002952154440024,0.018741993027436978,0.933591
16,72,7,2,1,1,Average,0.9695,34.89,17.44,0.0349,0.0076332140561978234,0.010457941579672208,0.948992
16,72,7,2,1,1,Average,0.9695,34.89,17.44,0.0349,0.0076332140561978234,0.010457941579672208,0.951123
10,52,8,2,0,0,Average,0.9721,32.29,16.14,0.0307,0.006964909339863795,0.007962596878110201,0.971191
10,52,8,2,0,0,Average,0.9721,32.29,16.14,0.0307,0.006964909339863795,0.007962596878110201,0.974836
17,50,4,1,1,1,Poor,0.9232,61.87,30.94,0.0805,0.019193464038799735,0.015011638044364908,0.993948
17,50,4,1,1,1,Poor,0.9232,61.87,30.94,0.0805,0.019193464038799735,0.015011638044364908,0.995637
10,34,6,1,0,0,Excellent,0.9932,6.57,3.29,0.0056,0.0016924117907612668,0.0026173513734117056,0.987075
10,34,6,1,0,0,Excellent,0.9932,6.57,3.29,0.0056,0.0016924117907612668,0.0026173513734117056,0.989565
20,87,7,1,0,0,Poor,0.9074,93.86,46.93,0.0945,0.023156842222493285,0.025390955839047463,0.911989
20,87,7,1,0,0,Poor,0.9074,93.86,46.93,0.0945,0.023156842222493285,0.025390955839047463,0.923934
6,29,7,1,1,1,Excellent,0.9902,8.73,4.36,0.0059,0.002458890955779891,0.0011572944956490495,0.980341
6,29,7,1,1,1,Excellent,0.9902,8.73,4.36,0.0059,0.002458890955779891,0.0011572944956490495,0.983989
10,31,5,2,2,2,Poor,0.8886,91.55,45.78,0.112,0.027845729699517208,0.02306920482895115,0.95813
10,31,5,2,2,2,Poor,0.8886,91.55,45.78,0.112,0.027845729699517208,0.02306920482895115,0.960282
7,21,5,3,1,1,Average,0.9357,43.98,21.99,0.0658,0.01606720308677062,0.010086989875928801,0.954089
7,21,5,3,1,1,Average,0.9357,43.98,21.99,0.0658,0.01606720308677062,0.010086989875928801,0.950341
21,69,7,1,1,1,Average,0.9358,22.66,11.33,0.0627,0.016039949298046696,0.010363712664304,0.958625
21,69,7,1,1,1,Average,0.9358,22.66,11.33,0.0627,0.016039949298046696,0.010363712664304,0.952389
7,38,8,2,2,2,Average,0.9424,38.83,19.42,0.0564,0.01440385999215349,0.014946087861076578,0.948813
7,38,8,2,2,2,Average,0.9424,38.83,19.42,0.0564,0.01440385999215349,0.014946087861076578,0.951287
21,61,4,2,2,2,Good,0.9819,17.15,8.57,0.0131,0.004528520962674948,0.0055532741541718215,0.992019
21,61,4,2,2,2,Good,0.9819,17.15,8.57,0.0131,0.004528520962674948,0.0055532741541718215,0.993847
20,77,6,1,1,1,Good,0.9794,16.32,8.16,0.0192,0.0051612447202500356,0.004130871445469338,0.979442
20,77,6,1,1,1,Good,0.9794,16.32,8.16,0.0192,0.0051612447202500356,0.004130871445469338,0.976365
13,89,7,2,1,1,Excellent,1.0005,9.8,4.9,0.0022,0.001,0.0022073208904779644,0.962462
13,89,7,2,1,1,Excellent,1.0005,9.8,4.9,0.0022,0.001,0.0022073208904779644,0.96881
17,100,8,1,1,1,Excellent,0.9944,8.21,4.1,0.0035,0.0014065595785039964,0.0020972494215431743,0.917671
17,100,8,1,1,1,Excellent,0.9944,8.21,4.1,0.0035,0.0014065595785039964,0.0020972494215431743,0.921916
20,89,7,2,0,0,Excellent,0.9958,6.3,3.15,0.0048,0.0010412683007887946,0.0028876386498627293,0.96344
20,89,7,2,0,0,Excellent,0.9958,6.3,3.15,0.0048,0.0010412683007887946,0.0028876386498627293,0.962029
17,71,7,1,0,0,Excellent,0.9965,9.34,4.67,0.0034,0.001,0.0012019525033831757,0.96603
17,71,7,1,0,0,Excellent,0.9965,9.34,4.67,0.0034,0.001,0.0012019525033831757,0.962998
15,66,7,1,0,0,Average,0.957,32.93,16.47,0.044,0.010741892566526967,0.009923543680967498,0.905848
15,66,7,1,0,0,Average,0.957,32.93,16.47,0.044,0.010741892566526967,0.009923543680967498,0.91162
13,52,6,2,1,1,Excellent,0.9924,7.52,3.76,0.0092,0.0019007097778268311,0.0014190181432451497,0.979735
13,52,6,2,1,1,Excellent,0.9924,7.52,3.76,0.0092,0.0019007097778268311,0.0014190181432451497,0.981424
16,64,7,2,2,2,Good,0.9804,12.4,6.2,0.0194,0.004906583166213702,0.00617840755706889,0.963605
16,64,7,2,2,2,Good,0.9804,12.4,6.2,0.0194,0.004906583166213702,0.00617840755706889,0.953744
12,34,4,1,1,1,Excellent,0.9929,6.89,3.45,0.0069,0.0017662036688801674,0.0021838053432518953,0.997791
12,34,4,1,1,1,Excellent,0.9929,6.89,3.45,0.0069,0.0017662036688801674,0.0021838053432518953,0.997422
10,23,4,1,0,0,Average,0.9632,39.94,19.97,0.0355,0.009197585840903966,0.013544516103868028,0.977232
10,23,4,1,0,0,Average,0.9632,39.94,19.97,0.0355,0.009197585840903966,0.013544516103868028,0.983919
15,60,6,3,1,1,Excellent,0.9879,7.54,3.77,0.0074,0.003019744475448727,0.002127170496972638,0.980393
15,60,6,3,1,1,Excellent,0.9879,7.54,3.77,0.0074,0.003019744475448727,0.002127170496972638,0.98159
21,158,8,1,1,1,Poor,0.9111,81.55,40.78,0.089,0.02221302635381217,0.017026569319127837,0.909316
21,158,8,1,1,1,Poor,0.9111,81.55,40.78,0.089,0.02221302635381217,0.017026569319127837,0.923105
12,49,7,2,1,1,Excellent,0.9899,6.01,3.01,0.0079,0.0025286398180426606,0.0020523038241231292,0.96133
12,49,7,2,1,1,Excellent,0.9899,6.01,3.01,0.0079,0.0025286398180426606,0.0020523038241231292,0.963629
6,14,4,1,1,1,Excellent,0.9952,7.9,3.95,0.0029,0.001195445881523427,0.002230176021266183,0.995579
6,14,4,1,1,1,Excellent,0.9952,7.9,3.95,0.0029,0.001195445881523427,0.002230176021266183,0.997656
13,56,8,1,0,0,Excellent,0.988,7.46,3.73,0.0097,0.0029891963788776232,0.0018753658084808245,0.932911
13,56,8,1,0,0,Excellent,0.988,7.46,3.73,0.0097,0.0029891963788776232,0.0018753658084808245,0.942788
19,117,8,1,1,1,Average,0.9523,49.71,24.86,0.0465,0.011914408148560235,0.011095877207469775,0.919518
19,117,8,1,1,1,Average,0.9523,49.71,24.86,0.0465,0.011914408148560235,0.011095877207469775,0.908665
12,68,7,1,1,1,Average,0.9446,22.99,11.5,0.0542,0.01386237412760083,0.00816217704634808,0.969767
12,68,7,1,1,1,Average,0.9446,22.99,11.5,0.0542,0.01386237412760083,0.00816217704634808,0.971633
18,70,6,1,0,0,Excellent,0.9941,5.02,2.51,0.0013,0.0014750994205507129,0.0014489095046615536,0.98028
18,70,6,1,0,0,Excellent,0.9941,5.02,2.51,0.0013,0.0014750994205507129,0.0014489095046615536,0.985285
18,64,6,1,0,0,Poor,0.8667,72.58,36.29,0.1378,0.033326503070121,0.017766783016855907,0.969119
18,64,6,1,0,0,Poor,0.8667,72.58,36.29,0.1378,0.033326503070121,0.017766783016855907,0.969829
7,32,8,3,1,1,Average,0.9506,23.07,11.53,0.0507,0.0123432440168664,0.013177622429255086,0.943419
7,32,8,3,1,1,Average,0.9506,23.07,11.53,0.0507,0.0123432440168664,0.013177622429255086,0.953697
6,30,8,1,0,0,Average,0.9493,22.08,11.04,0.0461,0.012666858081068627,0.011338119733395463,0.972587
6,30,8,1,0,0,Average,0.9493,22.08,11.04,0.0461,0.012666858081068627,0.011338119733395463,0.964388
10,29,5,1,1,1,Poor,0.9042,76.36,38.18,0.0935,0.023939730388758323,0.024523284205892462,0.982579
10,29,5,1,1,1,Poor,0.9042,76.36,38.18,0.0935,0.023939730388758323,0.024523284205892462,0.98393
18,58,4,1,1,1,Good,0.9832,14.16,7.08,0.0165,0.004197836795638538,0.005445995638458701,0.995849
18,58,4,1,1,1,Good,0.9832,14.16,7.08,0.0165,0.004197836795638538,0.005445995638458701,0.997448
15,72,8,4,4,4,Average,0.966,29.09,14.54,0.0306,0.008497954938183477,0.014816648200721837,0.889186
15,72,8,4,4,4,Average,0.966,29.09,14.54,0.0306,0.008497954938183477,0.014816648200721837,0.893806
10,48,8,3,1,1,Average,0.9335,36.1,18.05,0.0635,0.016635439337182034,0.0075639727261255,0.926712
10,48,8,3,1,1,Average,0.9335,36.1,18.05,0.0635,0.016635439337182034,0.0075639727261255,0.90992
17,87,6,1,1,1,Excellent,1.0026,6.13,3.07,0.0007,0.001,0.001219753532311317,0.979693
17,87,6,1,1,1,Excellent,1.0026,6.13,3.07,0.0007,0.001,0.001219753532311317,0.984233
18,57,5,1,0,0,Poor,0.8692,81.56,40.78,0.135,0.03269324959648212,0.026819794079831427,0.964077
18,57,5,1,0,0,Poor,0.8692,81.56,40.78,0.135,0.03269324959648212,0.026819794079831427,0.969289
13,73,8,1,0,0,Poor,0.9208,50.32,25.16,0.0768,0.019796159728278556,0.02896019057734065,0.879122
13,73,8,1,0,0,Poor,0.9208,50.32,25.16,0.0768,0.019796159728278556,0.02896019057734065,0.882234
10,33,4,1,0,0,Average,0.9564,45.41,22.7,0.0451,0.010889207052981686,0.011793979772509013,0.996172
10,33,4,1,0,0,Average,0.9564,45.41,22.7,0.0451,0.010889207052981686,0.011793979772509013,0.996634
21,83,6,2,1,1,Poor,0.8736,78.01,39.0,0.1235,0.0316030678139447,0.015950858067962047,0.97599
21,83,6,2,1,1,Poor,0.8736,78.01,39.0,0.1235,0.0316030678139447,0.015950858067962047,0.974965
8,38,6,1,0,0,Average,0.9399,22.8,11.4,0.0602,0.015017013292301401,0.007886914667121662,0.978462
8,38,6,1,0,0,Average,0.9399,22.8,11.4,0.0602,0.015017013292301401,0.007886914667121662,0.981701
9,46,8,1,0,0,Average,0.9349,20.29,10.15,0.0693,0.016278659632081166,0.012579260629646264,0.920053
9,46,8,1,0,0,Average,0.9349,20.29,10.15,0.0693,0.016278659632081166,0.012579260629646264,0.925493
11,31,5,1,0,0,Average,0.9531,39.09,19.54,0.0478,0.011731226832177144,0.0070178116148542,0.992114
11,31,5,1,0,0,Average,0.9531,39.09,19.54,0.0478,0.011731226832177144,0.0070178116148542,0.988916
20,80,6,1,0,0,Excellent,0.9966,7.51,3.76,0.0041,0.001,0.0015497809617576732,0.981903
20,80,6,1,0,0,Excellent,0.9966,7.51,3.76,0.0041,0.001,0.0015497809617576732,0.983751
9,37,7,1,0,0,Average,0.9501,39.82,19.91,0.0501,0.012466867950230942,0.007553671718941983,0.975412
9,37,7,1,0,0,Average,0.9501,39.82,19.91,0.0501,0.012466867950230942,0.007553671718941983,0.978829
9,34,5,1,0,0,Average,0.96,44.28,22.14,0.0441,0.010010812164507527,0.009174130160492806,0.982621
9,34,5,1,0,0,Average,0.96,44.28,22.14,0.0441,0.010010812164507527,0.009174130160492806,0.983534
10,47,7,1,0,0,Good,0.9765,14.58,7.29,0.0232,0.005875970504317235,0.004075172805504783,0.936765
10,47,7,1,0,0,Good,0.9765,14.58,7.29,0.0232,0.005875970504317235,0.004075172805504783,0.943244
20,55,4,2,2,2,Average,0.9663,20.82,10.41,0.0386,0.008415127331280081,0.010597868815989772,0.993924
20,55,4,2,2,2,Average,0.9663,20.82,10.41,0.0386,0.008415127331280081,0.010597868815989772,0.992811
20,66,6,2,1,1,Excellent,0.9988,8.02,4.01,0.0023,0.001,0.002416037875842442,0.983343
20,66,6,2,1,1,Excellent,0.9988,8.02,4.01,0.0023,0.001,0.002416037875842442,0.980701
15,50,7,2,2,2,Excellent,0.9983,5.93,2.96,0.0063,0.001,0.0011416167468474357,0.972124
15,50,7,2,2,2,Excellent,0.9983,5.93,2.96,0.0063,0.001,0.0011416167468474357,0.968364
11,28,5,2,1,1,Poor,0.8913,87.95,43.98,0.1061,0.027184048571892827,0.015980514441001015,0.978363
11,28,5,2,1,1,Poor,0.8913,87.95,43.98,0.1061,0.027184048571892827,0.015980514441001015,0.97806
21,68,6,2,1,1,Poor,0.8705,62.07,31.04,0.1248,0.03236838772168221,0.015401433370610786,0.953227
21,68,6,2,1,1,Poor,0.8705,62.07,31.04,0.1248,0.03236838772168221,0.015401433370610786,0.949011
18,82,8,3,2,2,Average,0.9352,28.86,14.43,0.0615,0.01620369533181873,0.008806875252495098,0.914767
18,82,8,3,2,2,Average,0.9352,28.86,14.43,0.0615,0.01620369533181873,0.008806875252495098,0.905328
6,31,6,1,1,1,Excellent,0.9973,6.4,3.2,0.0029,0.001,0.0019277582853950129,0.981387
6,31,6,1,1,1,Excellent,0.9973,6.4,3.2,0.0029,0.001,0.0019277582853950129,0.981278
18,87,6,2,2,2,Average,0.949,35.26,17.63,0.0507,0.012749402211331334,0.014185464778520548,0.970015
18,87,6,2,2,2,Average,0.949,35.26,17.63,0.0507,0.012749402211331334,0.014185464778520548,0.967033
18,56,5,1,1,1,Excellent,1.0034,5.13,2.56,0.0005,0.001,0.002595864779778351,0.992161
18,56,5,1,1,1,Excellent,1.0034,5.13,2.56,0.0005,0.001,0.002595864779778351,0.986714
8,24,4,1,0,0,Poor,0.8572,74.31,37.16,0.1465,0.035711050106209286,0.024807631874137166,0.811472
8,24,4,1,0,0,Poor,0.8572,74.31,37.16,0.1465,0.035711050106209286,0.024807631874137166,0.821296
15,48,6,1,1,1,Good,0.978,18.09,9.04,0.0263,0.0054937863711917445,0.0047766048469485385,0.980615
15,48,6,1,1,1,Good,0.978,18.09,9.04,0.0263,0.0054937863711917445,0.0047766048469485385,0.980163
19,41,4,1,1,1,Excellent,0.9925,9.96,4.98,0.0028,0.0018860148535271293,0.0028438272788051597,0.997237
19,41,4,1,1,1,Excellent,0.9925,9.96,4.98,0.0028,0.0018860148535271293,0.0028438272788051597,0.997504
15,49,6,1,1,1,Average,0.9297,22.58,11.29,0.0689,0.017575707228974002,0.013793665682787781,0.973527
15,49,6,1,1,1,Average,0.9297,22.58,11.29,0.0689,0.017575707228974002,0.013793665682787781,0.967301
20,69,7,1,1,1,Average,0.9623,26.82,13.41,0.0393,0.009427986538845107,0.009424304584478849,0.946949
20,69,7,1,1,1,Average,0.9623,26.82,13.41,0.0393,0.009427986538845107,0.009424304584478849,0.955773
19,134,8,1,1,1,Average,0.9642,31.22,15.61,0.0365,0.008948718606114542,0.007871183841231163,0.927478
19,134,8,1,1,1,Average,0.9642,31.22,15.61,0.0365,0.008948718606114542,0.007871183841231163,0.915229
15,32,4,2,2,2,Good,0.9804,13.85,6.92,0.0181,0.004901133230802601,0.005877363693294431,0.990148
15,32,4,2,2,2,Good,0.9804,13.85,6.92,0.0181,0.004901133230802601,0.005877363693294431,0.995845
21,44,4,4,2,2,Poor,0.8476,61.77,30.88,0.1496,0.03809785244379024,0.023518875189392253,0.988775
21,44,4,4,2,2,Poor,0.8476,61.77,30.88,0.1496,0.03809785244379024,0.023518875189392253,0.986202
19,79,6,2,2,2,Good,0.9823,12.73,6.37,0.0199,0.004419613616225809,0.006716377822108524,0.984237
19,79,6,2,2,2,Good,0.9823,12.73,6.37,0.0199,0.004419613616225809,0.006716377822108524,0.975337
18,78,8,3,2,2,Average,0.9615,49.09,24.55,0.0397,0.009631677962633589,0.013926053969810153,0.881793
18,78,8,3,2,2,Average,0.9615,49.09,24.55,0.0397,0.009631677962633589,0.013926053969810153,0.893234
20,134,7,1,0,0,Excellent,1.0035,6.3,3.15,0.0008,0.001,0.001482852045796507,0.966279
20,134,7,1,0,0,Excellent,1.0035,6.3,3.15,0.0008,0.001,0.001482852045796507,0.959191
12,63,8,1,1,1,Excellent,0.9963,9.47,4.74,0.0048,0.001,0.0018806368401233194,0.925291
12,63,8,1,1,1,Excellent,0.9963,9.47,4.74,0.0048,0.001,0.0018806368401233194,0.911965
17,44,4,2,1,1,Average,0.9697,36.78,18.39,0.0341,0.007580897429618372,0.013598052222694754,0.998408
17,44,4,2,1,1,Average,0.9697,36.78,18.39,0.0341,0.007580897429618372,0.013598052222694754,0.993611
12,61,7,1,0,0,Average,0.9533,42.5,21.25,0.0457,0.011679838858552505,0.013556882297547437,0.957063
12,61,7,1,0,0,Average,0.9533,42.5,21.25,0.0457,0.011679838858552505,0.013556882297547437,0.947755
16,77,6,3,0,0,Average,0.9334,34.58,17.29,0.0639,0.016642609199442437,0.012738778366883816,0.97513
16,77,6,3,0,0,Average,0.9334,34.58,17.29,0.0639,0.016642609199442437,0.012738778366883816,0.976676
18,103,8,2,1,1,Poor,0.8799,97.69,48.84,0.1167,0.03003653573537085,0.01983231326112261,0.830812
18,103,8,2,1,1,Poor,0.8799,97.69,48.84,0.1167,0.03003653573537085,0.01983231326112261,0.834744
7,40,8,2,0,0,Average,0.9319,20.72,10.36,0.067,0.017015590140775333,0.007428767681544303,0.926514
7,40,8,2,0,0,Average,0.9319,20.72,10.36,0.067,0.017015590140775333,0.007428767681544303,0.934467
8,39,7,1,0,0,Poor,0.8801,53.52,26.76,0.1168,0.029977080302602377,0.01886884541673004,0.963903
8,39,7,1,0,0,Poor,0.8801,53.52,26.76,0.1168,0.029977080302602377,0.01886884541673004,0.962048
8,36,6,2,2,2,Good,0.9679,19.48,9.74,0.0271,0.008024060249609832,0.00569034378945431,0.985341
8,36,6,2,2,2,Good,0.9679,19.48,9.74,0.0271,0.008024060249609832,0.00569034378945431,0.981656
10,58,8,2,2,2,Good,0.9887,15.31,7.65,0.0161,0.0028359927973998778,0.0063288322857904655,0.944271
10,58,8,2,2,2,Good,0.9887,15.31,7.65,0.0161,0.0028359927973998778,0.0063288322857904655,0.940368
7,32,8,3,0,0,Poor,0.9186,73.9,36.95,0.0857,0.02035242364132367,0.016103645532730367,0.917264
7,32,8,3,0,0,Poor,0.9186,73.9,36.95,0.0857,0.02035242364132367,0.016103645532730367,0.90981
14,66,6,2,2,2,Excellent,0.9959,7.47,3.73,0.0089,0.001024863952356042,0.002897374996961609,0.986719
14,66,6,2,2,2,Excellent,0.9959,7.47,3.73,0.0089,0.001024863952356042,0.002897374996961609,0.979205
16,62,6,2,1,1,Poor,0.9238,53.51,26.76,0.0811,0.019050492903957883,0.02658150125197861,0.97103
16,62,6,2,1,1,Poor,0.9238,53.51,26.76,0.0811,0.019050492903957883,0.02658150125197861,0.975492
10,52,8,1,1,1,Good,0.9815,10.21,5.1,0.0143,0.004612586367410382,0.00590894013595728,0.933418
10,52,8,1,1,1,Good,0.9815,10.21,5.1,0.0143,0.004612586367410382,0.00590894013595728,0.929404
15,58,7,1,0,0,Excellent,1.0007,7.4,3.7,0.0006,0.001,0.002949494998422027,0.961401
15,58,7,1,0,0,Excellent,1.0007,7.4,3.7,0.0006,0.001,0.002949494998422027,0.97034
19,49,4,1,1,1,Good,0.9903,14.24,7.12,0.0138,0.0024137187564382823,0.005437956827612368,0.995164
19,49,4,1,1,1,Good,0.9903,14.24,7.12,0.0138,0.0024137187564382823,0.005437956827612368,0.995782
19,83,7,2,1,1,Average,0.9575,20.45,10.22,0.0398,0.010624861639138589,0.011619241396571705,0.94086
19,83,7,2,1,1,Average,0.9575,20.45,10.22,0.0398,0.010624861639138589,0.011619241396571705,0.9414
20,102,7,1,1,1,Excellent,0.9885,5.87,2.94,0.0089,0.0028691592280084,0.002166346717775415,0.95986
20,102,7,1,1,1,Excellent,0.9885,5.87,2.94,0.0089,0.0028691592280084,0.002166346717775415,0.957033
11,46,6,1,1,1,Poor,0.9112,88.08,44.04,0.0907,0.02220327859539617,0.019176316756023534,0.9776
11,46,6,1,1,1,Poor,0.9112,88.08,44.04,0.0907,0.02220327859539617,0.019176316756023534,0.974077
19,64,5,1,1,1,Poor,0.8641,75.36,37.68,0.1398,0.03398267933465188,0.016115782667969567,0.960038
19,64,5,1,1,1,Poor,0.8641,75.36,37.68,0.1398,0.03398267933465188,0.016115782667969567,0.947126
21,79,6,3,1,1,Poor,0.9053,54.26,27.13,0.0967,0.023672672364681818,0.02390748255045871,0.960432
21,79,6,3,1,1,Poor,0.9053,54.26,27.13,0.0967,0.023672672364681818,0.02390748255045871,0.977094
21,81,5,2,1,1,Poor,0.9301,96.45,48.23,0.0742,0.017486873828200855,0.02365690940223287,0.993572
21,81,5,2,1,1,Poor,0.9301,96.45,48.23,0.0742,0.017486873828200855,0.02365690940223287,0.991717
6,24,5,1,1,1,Average,0.9315,48.64,24.32,0.0681,0.017117255605258508,0.007929838741568107,0.991701
6,24,5,1,1,1,Average,0.9315,48.64,24.32,0.0681,0.017117255605258508,0.007929838741568107,0.990251
18,52,5,2,0,0,Poor,0.9096,86.24,43.12,0.0873,0.022601627965309318,0.022630799073385825,0.855966
18,52,5,2,0,0,Poor,0.9096,86.24,43.12,0.0873,0.022601627965309318,0.022630799073385825,0.866046
16,58,5,2,1,1,Average,0.9509,39.74,19.87,0.0536,0.0122659025300553,0.010747256861302965,0.990332
16,58,5,2,1,1,Average,0.9509,39.74,19.87,0.0536,0.0122659025300553,0.010747256861302965,0.986806
12,76,8,1,0,0,Average,0.934,49.3,24.65,0.0641,0.016487531374242803,0.009770053688731671,0.910302
12,76,8,1,0,0,Average,0.934,49.3,24.65,0.0641,0.016487531374242803,0.009770053688731671,0.919521
20,92,7,1,1,1,Excellent,0.9912,6.09,3.05,0.0053,0.0021982210029735383,0.0017102927177093156,0.947209
20,92,7,1,1,1,Excellent,0.9912,6.09,3.05,0.0053,0.0021982210029735383,0.0017102927177093156,0.952771
19,71,7,2,0,0,Excellent,0.9969,5.52,2.76,0.0036,0.001,0.002460566637667452,0.964069
19,71,7,2,0,0,Excellent,0.9969,5.52,2.76,0.0036,0.001,0.002460566637667452,0.957379
12,28,5,1,1,1,Good,0.9851,10.31,5.15,0.0103,0.00371466544875107,0.0045916910158467494,0.992385
12,28,5,1,1,1,Good,0.9851,10.31,5.15,0.0103,0.00371466544875107,0.0045916910158467494,0.990055
10,51,8,1,1,1,Good,0.9707,16.28,8.14,0.0299,0.007324582769268617,0.005045105441401531,0.93316
10,51,8,1,1,1,Good,0.9707,16.28,8.14,0.0299,0.007324582769268617,0.005045105441401531,0.92787
12,45,7,1,1,1,Excellent,0.9977,5.86,2.93,0.0044,0.001,0.002963179742591707,0.955613
12,45,7,1,1,1,Excellent,0.9977,5.86,2.93,0.0044,0.001,0.002963179742591707,0.957397
11,40,5,1,1,1,Excellent,1.0011,7.36,3.68,0.0001,0.001,0.0026899076107517747,0.98966
11,40,5,1,1,1,Excellent,1.0011,7.36,3.68,0.0001,0.001,0.0026899076107517747,0.98869
15,66,8,2,1,1,Good,0.9867,15.45,7.72,0.0151,0.0033333765825229456,0.004747414132412624,0.919577
15,66,8,2,1,1,Good,0.9867,15.45,7.72,0.0151,0.0033333765825229456,0.004747414132412624,0.923613
21,65,5,2,2,2,Poor,0.9122,88.1,44.05,0.0867,0.021947912437982803,0.015993336009645105,0.986351
21,65,5,2,2,2,Poor,0.9122,88.1,44.05,0.0867,0.021947912437982803,0.015993336009645105,0.985553
16,68,8,3,1,1,Average,0.9378,29.96,14.98,0.0574,0.015545601841419537,0.014655960462297926,0.908726
16,68,8,3,1,1,Average,0.9378,29.96,14.98,0.0574,0.015545601841419537,0.014655960462297926,0.90372
7,16,4,2,2,2,Excellent,0.9958,8.09,4.05,0.0069,0.0010501302272422908,0.002420010583533316,0.996865
7,16,4,2,2,2,Excellent,0.9958,8.09,4.05,0.0069,0.0010501302272422908,0.002420010583533316,0.995065
18,51,5,1,1,1,Good,0.9861,12.08,6.04,0.011,0.0034637721182291803,0.003042941391349808,0.98949
18,51,5,1,1,1,Good,0.9861,12.08,6.04,0.011,0.0034637721182291803,0.003042941391349808,0.990316
13,36,5,2,1,1,Average,0.9405,21.15,10.57,0.0598,0.0148858545606185,0.00702256451281246,0.984292
13,36,5,2,1,1,Average,0.9405,21.15,10.57,0.0598,0.0148858545606185,0.00702256451281246,0.982701
14,46,5,1,0,0,Good,0.9742,18.77,9.39,0.0228,0.006454996272056368,0.004827586541500509,0.991298
14,46,5,1,0,0,Good,0.9742,18.77,9.39,0.0228,0.006454996272056368,0.004827586541500509,0.992366
10,50,7,1,0,0,Excellent,0.998,9.32,4.66,0.0011,0.001,0.0017927905652092924,0.960531
10,50,7,1,0,0,Excellent,0.998,9.32,4.66,0.0011,0.001,0.0017927905652092924,0.966392
18,97,7,2,1,1,Poor,0.903,86.34,43.17,0.0944,0.02423915175474542,0.027871920839112434,0.934869
18,97,7,2,1,1,Poor,0.903,86.34,43.17,0.0944,0.02423915175474542,0.027871920839112434,0.903898
14,51,6,2,2,2,Excellent,0.9955,9.71,4.86,0.0039,0.001134101687159883,0.0015278063949985036,0.975392
14,51,6,2,2,2,Excellent,0.9955,9.71,4.86,0.0039,0.001134101687159883,0.0015278063949985036,0.973996
6,24,7,1,0,0,Excellent,1.0,8.43,4.21,0.0029,0.001,0.0016625756703662728,0.993937
6,24,7,1,0,0,Excellent,1.0,8.43,4.21,0.0029,0.001,0.0016625756703662728,0.98789
9,21,4,1,1,1,Average,0.9653,41.87,20.93,0.0338,0.008681794957441896,0.008141610239750553,0.98182
9,21,4,1,1,1,Average,0.9653,41.87,20.93,0.0338,0.008681794957441896,0.008141610239750553,0.985499
17,36,4,1,1,1,Excellent,1.0009,6.59,3.29,0.0002,0.001,0.002612107297896526,0.997193
17,36,4,1,1,1,Excellent,1.0009,6.59,3.29,0.0002,0.001,0.002612107297896526,0.993211
19,95,8,2,2,2,Excellent,0.9885,8.65,4.33,0.0077,0.002876668234639723,0.0026729145223264193,0.943273
19,95,8,2,2,2,Excellent,0.9885,8.65,4.33,0.0077,0.002876668234639723,0.0026729145223264193,0.941176
20,95,7,2,1,1,Average,0.9356,27.05,13.53,0.0668,0.016111913715056825,0.014637175899710458,0.946141
20,95,7,2,1,1,Average,0.9356,27.05,13.53,0.0668,0.016111913715056825,0.014637175899710458,0.952012
21,66,6,2,2,2,Poor,0.9065,58.72,29.36,0.0972,0.02337133220011095,0.017977159425148485,0.96414
21,66,6,2,2,2,Poor,0.9065,58.72,29.36,0.0972,0.02337133220011095,0.017977159425148485,0.965354
16,36,4,1,0,0,Good,0.9855,18.17,9.09,0.0164,0.003632148589523182,0.006339295958923607,0.99421
16,36,4,1,0,0,Good,0.9855,18.17,9.09,0.0164,0.003632148589523182,0.006339295958923607,0.990593
20,84,7,2,1,1,Good,0.9904,14.02,7.01,0.0144,0.002397310132529029,0.004105441496715672,0.959846
20,84,7,2,1,1,Good,0.9904,14.02,7.01,0.0144,0.002397310132529029,0.004105441496715672,0.962395
17,65,6,1,0,0,Excellent,0.9902,8.53,4.27,0.0059,0.0024381899951792796,0.0020871371840203764,0.986509
17,65,6,1,0,0,Excellent,0.9902,8.53,4.27,0.0059,0.0024381899951792796,0.0020871371840203764,0.978499
15,45,4,1,1,1,Good,0.9674,11.78,5.89,0.0298,0.008157808062020155,0.0068291133553540165,0.994414
15,45,4,1,1,1,Good,0.9674,11.78,5.89,0.0298,0.008157808062020155,0.0068291133553540165,0.994134
15,55,6,1,1,1,Average,0.961,37.89,18.94,0.0372,0.009745504268339478,0.013347613057650592,0.963279
15,55,6,1,1,1,Average,0.961,37.89,18.94,0.0372,0.009745504268339478,0.013347613057650592,0.968692
21,115,7,1,0,0,Excellent,0.9976,5.53,2.77,0.0019,0.001,0.0021848284422975924,0.966303
21,115,7,1,0,0,Excellent,0.9976,5.53,2.77,0.0019,0.001,0.0021848284422975924,0.959735
13,59,8,2,1,1,Excellent,0.9921,8.54,4.27,0.0076,0.0019771505877315965,0.0029431317469894294,0.935263
13,59,8,2,1,1,Excellent,0.9921,8.54,4.27,0.0076,0.0019771505877315965,0.0029431317469894294,0.931566
14,48,7,1,1,1,Average,0.9386,43.01,21.51,0.0573,0.01535887931322677,0.010112436950240274,0.951971
14,48,7,1,1,1,Average,0.9386,43.01,21.51,0.0573,0.01535887931322677,0.010112436950240274,0.948538
17,76,8,5,3,3,Poor,0.9294,95.58,47.79,0.0731,0.01763823610311202,0.028172918038289682,0.900698
17,76,8,5,3,3,Poor,0.9294,95.58,47.79,0.0731,0.01763823610311202,0.028172918038289682,0.911243
18,58,5,2,1,1,Poor,0.8537,53.04,26.52,0.1432,0.03656887190118149,0.021877595905135157,0.944745
18,58,5,2,1,1,Poor,0.8537,53.04,26.52,0.1432,0.03656887190118149,0.021877595905135157,0.941069
13,98,8,1,1,1,Excellent,0.9886,8.43,4.22,0.0092,0.002849796136942251,0.0028050077126298453,0.953098
13,98,8,1,1,1,Excellent,0.9886,8.43,4.22,0.0092,0.002849796136942251,0.0028050077126298453,0.959121
21,88,8,4,3,3,Good,0.9816,14.67,7.33,0.0227,0.004594455221376692,0.005783726733742573,0.915789
21,88,8,4,3,3,Good,0.9816,14.67,7.33,0.0227,0.004594455221376692,0.005783726733742573,0.910464
13,29,4,2,1,1,Good,0.9807,15.21,7.6,0.0197,0.00482624209699048,0.0050761958264299075,0.994563
13,29,4,2,1,1,Good,0.9807,15.21,7.6,0.0197,0.00482624209699048,0.0050761958264299075,0.996737
10,37,6,2,2,2,Average,0.9321,42.02,21.01,0.0685,0.016980302090062932,0.011918156594759333,0.960559
10,37,6,2,2,2,Average,0.9321,42.02,21.01,0.0685,0.016980302090062932,0.011918156594759333,0.951546
14,70,8,3,0,0,Good,0.9826,19.69,9.85,0.0193,0.004345366685635205,0.0032045982096124965,0.928404
14,70,8,3,0,0,Good,0.9826,19.69,9.85,0.0193,0.004345366685635205,0.0032045982096124965,0.925432
6,29,8,1,1,1,Excellent,0.9929,7.35,3.68,0.005,0.001779685764981609,0.0021647848781975792,0.967372
6,29,8,1,1,1,Excellent,0.9929,7.35,3.68,0.005,0.001779685764981609,0.0021647848781975792,0.97067
15,79,8,3,2,2,Average,0.9441,29.38,14.69,0.0574,0.013983484822198244,0.009021208814951675,0.89088
15,79,8,3,2,2,Average,0.9441,29.38,14.69,0.0574,0.013983484822198244,0.009021208814951675,0.873731
14,46,6,1,0,0,Excellent,0.9986,9.25,4.62,0.0004,0.001,0.0028112533215930904,0.985784
14,46,6,1,0,0,Excellent,0.9986,9.25,4.62,0.0004,0.001,0.0028112533215930904,0.976287
19,69,5,1,1,1,Good,0.973,13.86,6.93,0.0254,0.006747525400811694,0.005616768605478393,0.99314
19,69,5,1,1,1,Good,0.973,13.86,6.93,0.0254,0.006747525400811694,0.005616768605478393,0.987705
20,68,6,2,1,1,Average,0.9645,49.81,24.9,0.0344,0.00886375372719922,0.014493462073822749,0.96346
20,68,6,2,1,1,Average,0.9645,49.81,24.9,0.0344,0.00886375372719922,0.014493462073822749,0.949951
13,54,6,1,0,0,Average,0.9303,37.39,18.7,0.0668,0.01742278695368521,0.011889791221363823,0.98025
13,54,6,1,0,0,Average,0.9303,37.39,18.7,0.0668,0.01742278695368521,0.011889791221363823,0.969819
7,26,6,2,1,1,Poor,0.8744,90.62,45.31,0.1263,0.031400101171739414,0.0214378994737425,0.921508
7,26,6,2,1,1,Poor,0.8744,90.62,45.31,0.1263,0.031400101171739414,0.0214378994737425,0.926586
16,74,8,1,1,1,Poor,0.9139,75.37,37.68,0.0878,0.021529538908574425,0.019947985010218588,0.797491
16,74,8,1,1,1,Poor,0.9139,75.37,37.68,0.0878,0.021529538908574425,0.019947985010218588,0.779762
8,43,8,1,1,1,Poor,0.9085,73.85,36.92,0.0948,0.022879072497596964,0.029864738021781634,0.926363
8,43,8,1,1,1,Poor,0.9085,73.85,36.92,0.0948,0.022879072497596964,0.029864738021781634,0.908579
21,44,4,2,0,0,Good,0.9828,10.57,5.28,0.0189,0.004289473969609436,0.0062254813220115985,0.995808
21,44,4,2,0,0,Good,0.9828,10.57,5.28,0.0189,0.004289473969609436,0.0062254813220115985,0.996717
20,67,7,2,1,1,Poor,0.8577,54.7,27.35,0.1437,0.03558206494206145,0.017899577727500678,0.942644
20,67,7,2,1,1,Poor,0.8577,54.7,27.35,0.1437,0.03558206494206145,0.017899577727500678,0.939325
12,68,7,1,0,0,Poor,0.9151,79.19,39.6,0.0819,0.021228816356705177,0.025673990305630414,0.966403
12,68,7,1,0,0,Poor,0.9151,79.19,39.6,0.0819,0.021228816356705177,0.025673990305630414,0.956975
15,60,6,2,1,1,Excellent,0.9989,6.18,3.09,0.0019,0.001,0.002208029543460422,0.978047
15,60,6,2,1,1,Excellent,0.9989,6.18,3.09,0.0019,0.001,0.002208029543460422,0.986234
12,43,6,1,1,1,Good,0.9854,14.59,7.29,0.0163,0.0036403804771187875,0.004324058228995264,0.979423
12,43,6,1,1,1,Good,0.9854,14.59,7.29,0.0163,0.0036403804771187875,0.004324058228995264,0.98354
20,107,8,2,1,1,Good,0.9731,12.62,6.31,0.0238,0.006728923208408177,0.006874315623282162,0.911995
20,107,8,2,1,1,Good,0.9731,12.62,6.31,0.0238,0.006728923208408177,0.006874315623282162,0.908675
21,99,7,1,1,1,Excellent,0.9904,6.46,3.23,0.0079,0.00240617854010583,0.0010667596546584375,0.964329
21,99,7,1,1,1,Excellent,0.9904,6.46,3.23,0.0079,0.00240617854010583,0.0010667596546584375,0.960382
17,55,6,1,1,1,Average,0.926,40.85,20.42,0.0695,0.018512191326194916,0.014855658718871862,0.972546
17,55,6,1,1,1,Average,0.926,40.85,20.42,0.0695,0.018512191326194916,0.014855658718871862,0.980449
9,37,7,2,1,1,Poor,0.9192,62.57,31.29,0.0856,0.020205293913103717,0.01898203431856086,0.949418
9,37,7,2,1,1,Poor,0.9192,62.57,31.29,0.0856,0.020205293913103717,0.01898203431856086,0.944653
14,54,6,2,1,1,Poor,0.9177,89.96,44.98,0.0789,0.020572847854718523,0.023265184785841234,0.964168
14,54,6,2,1,1,Poor,0.9177,89.96,44.98,0.0789,0.020572847854718523,0.023265184785841234,0.960877
8,32,5,1,1,1,Good,0.9782,14.78,7.39,0.0246,0.005447856420602276,0.006370955539300321,0.989755
8,32,5,1,1,1,Good,0.9782,14.78,7.39,0.0246,0.005447856420602276,0.006370955539300321,0.992752
6,21,6,2,0,0,Poor,0.9183,86.75,43.37,0.0783,0.020432805774363766,0.028039553666423314,0.929933
6,21,6,2,0,0,Poor,0.9183,86.75,43.37,0.0783,0.020432805774363766,0.028039553666423314,0.939008
17,39,4,1,1,1,Poor,0.8984,64.8,32.4,0.1035,0.02539749000420713,0.018724985681980475,0.986922
17,39,4,1,1,1,Poor,0.8984,64.8,32.4,0.1035,0.02539749000420713,0.018724985681980475,0.991194
16,52,6,2,1,1,Average,0.9283,21.53,10.77,0.0688,0.017914637772848213,0.00966264232568168,0.977721
16,52,6,2,1,1,Average,0.9283,21.53,10.77,0.0688,0.017914637772848213,0.00966264232568168,0.980153
21,54,4,2,0,0,Poor,0.8899,74.36,37.18,0.1131,0.027523646264775797,0.019674201599091133,0.990325
21,54,4,2,0,0,Poor,0.8899,74.36,37.18,0.1131,0.027523646264775797,0.019674201599091133,0.989229
21,63,5,1,1,1,Poor,0.9169,92.89,46.45,0.0853,0.02077578634045757,0.015925746365955427,0.952029
21,63,5,1,1,1,Poor,0.9169,92.89,46.45,0.0853,0.02077578634045757,0.015925746365955427,0.94112
18,48,5,1,0,0,Poor,0.8547,86.04,43.02,0.1486,0.036323152043201384,0.02922060247062417,0.979063
18,48,5,1,0,0,Poor,0.8547,86.04,43.02,0.1486,0.036323152043201384,0.02922060247062417,0.982707
20,134,8,1,1,1,Average,0.9419,48.47,24.23,0.0571,0.014514318182864638,0.010663292454079326,0.907097
20,134,8,1,1,1,Average,0.9419,48.47,24.23,0.0571,0.014514318182864638,0.010663292454079326,0.90382
20,81,7,3,2,2,Excellent,0.9977,9.59,4.79,0.0007,0.001,0.0012156286563373127,0.955482
20,81,7,3,2,2,Excellent,0.9977,9.59,4.79,0.0007,0.001,0.0012156286563373127,0.968427
12,30,5,1,1,1,Average,0.968,29.28,14.64,0.0313,0.007990586892315188,0.010804986410978245,0.985707
12,30,5,1,1,1,Average,0.968,29.28,14.64,0.0313,0.007990586892315188,0.010804986410978245,0.984573
9,31,5,1,0,0,Poor,0.9256,59.12,29.56,0.0759,0.01860508054897611,0.02528800620559648,0.971176
9,31,5,1,0,0,Poor,0.9256,59.12,29.56,0.0759,0.01860508054897611,0.02528800620559648,0.973632
11,52,8,1,0,0,Poor,0.8774,89.16,44.58,0.1188,0.030656817912519035,0.027751512825918385,0.921381
11,52,8,1,0,0,Poor,0.8774,89.16,44.58,0.1188,0.030656817912519035,0.027751512825918385,0.922843
6,25,5,1,1,1,Poor,0.9153,54.25,27.13,0.0839,0.021171968994942142,0.02798838113125264,0.976636
6,25,5,1,1,1,Poor,0.9153,54.25,27.13,0.0839,0.021171968994942142,0.02798838113125264,0.969632
10,50,8,1,1,1,Good,0.9764,15.11,7.55,0.023,0.005900660235025057,0.004118913089687558,0.956955
10,50,8,1,1,1,Good,0.9764,15.11,7.55,0.023,0.005900660235025057,0.004118913089687558,0.962538
16,72,8,4,1,1,Poor,0.8866,86.77,43.38,0.1128,0.028346695682477607,0.01749772443145485,0.87354
16,72,8,4,1,1,Poor,0.8866,86.77,43.38,0.1128,0.028346695682477607,0.01749772443145485,0.901802
18,50,4,1,0,0,Good,0.9763,11.51,5.75,0.0239,0.0059184649305394355,0.005774806462147553,0.997657
18,50,4,1,0,0,Good,0.9763,11.51,5.75,0.0239,0.0059184649305394355,0.005774806462147553,0.99833
19,72,7,2,1,1,Average,0.9594,35.1,17.55,0.043,0.010138810568831425,0.009166013866130685,0.969313
19,72,7,2,1,1,Average,0.9594,35.1,17.55,0.043,0.010138810568831425,0.009166013866130685,0.956561
6,39,7,1,1,1,Poor,0.8657,90.92,45.46,0.1358,0.033571480693836364,0.028291747886350176,0.965544
6,39,7,1,1,1,Poor,0.8657,90.92,45.46,0.1358,0.033571480693836364,0.028291747886350176,0.962398
11,46,6,1,0,0,Average,0.9515,33.83,16.92,0.0481,0.012116044676035137,0.009004867402867886,0.972086
11,46,6,1,0,0,Average,0.9515,33.83,16.92,0.0481,0.012116044676035137,0.009004867402867886,0.966612
20,43,4,3,2,2,Excellent,0.9907,9.05,4.53,0.007,0.002316225342255479,0.0016361607980512273,0.996891
20,43,4,3,2,2,Excellent,0.9907,9.05,4.53,0.007,0.002316225342255479,0.0016361607980512273,0.993378
19,56,4,1,1,1,Excellent,0.9939,5.71,2.86,0.0061,0.0015367463027552986,0.0019075205468162264,0.997644
19,56,4,1,1,1,Excellent,0.9939,5.71,2.86,0.0061,0.0015367463027552986,0.0019075205468162264,0.993194
15,61,5,1,0,0,Good,0.9898,13.99,6.99,0.0112,0.002559636001564558,0.005050598078866271,0.991746
15,61,5,1,0,0,Good,0.9898,13.99,6.99,0.0112,0.002559636001564558,0.005050598078866271,0.989264
18,55,5,1,0,0,Excellent,0.99,8.54,4.27,0.0076,0.0024968298572698444,0.0018750936840004591,0.99353
18,55,5,1,0,0,Excellent,0.99,8.54,4.27,0.0076,0.0024968298572698444,0.0018750936840004591,0.991501
19,49,4,1,0,0,Excellent,0.9917,6.67,3.34,0.0073,0.0020770540120915726,0.0020306220950271855,0.997359
19,49,4,1,0,0,Excellent,0.9917,6.67,3.34,0.0073,0.0020770540120915726,0.0020306220950271855,0.994652
17,113,8,1,0,0,Excellent,0.9911,5.72,2.86,0.0058,0.002229312856237009,0.0012464213651436162,0.915536
17,113,8,1,0,0,Excellent,0.9911,5.72,2.86,0.0058,0.002229312856237009,0.0012464213651436162,0.912488
14,52,5,1,1,1,Good,0.9876,15.57,7.78,0.0172,0.0030973645691455276,0.005689005335738448,0.989241
14,52,5,1,1,1,Good,0.9876,15.57,7.78,0.0172,0.0030973645691455276,0.005689005335738448,0.990166
14,68,8,1,1,1,Excellent,1.002,7.61,3.81,0.0,0.001,0.0019425622075971167,0.934796
14,68,8,1,1,1,Excellent,1.002,7.61,3.81,0.0,0.001,0.0019425622075971167,0.937708
18,111,8,1,1,1,Poor,0.9185,93.61,46.81,0.0782,0.020379059405936734,0.022193076327518293,0.932459
18,111,8,1,1,1,Poor,0.9185,93.61,46.81,0.0782,0.020379059405936734,0.022193076327518293,0.916634
13,41,5,1,1,1,Poor,0.886,98.75,49.38,0.1163,0.028499599370011813,0.023956538890969797,0.968831
13,41,5,1,1,1,Poor,0.886,98.75,49.38,0.1163,0.028499599370011813,0.023956538890969797,0.959381
10,37,7,3,3,3,Average,0.9415,32.37,16.18,0.0568,0.0146281012192441,0.007538989072536872,0.949469
10,37,7,3,3,3,Average,0.9415,32.37,16.18,0.0568,0.0146281012192441,0.007538989072536872,0.950434
9,23,4,3,1,1,Poor,0.9033,77.76,38.88,0.099,0.024176131264269457,0.015177309703702926,0.943991
9,23,4,3,1,1,Poor,0.9033,77.76,38.88,0.099,0.024176131264269457,0.015177309703702926,0.952247
15,48,6,2,1,1,Poor,0.8703,58.17,29.09,0.131,0.03243522974127305,0.025549942405821126,0.977996
15,48,6,2,1,1,Poor,0.8703,58.17,29.09,0.131,0.03243522974127305,0.025549942405821126,0.974809
11,49,8,3,3,3,Excellent,0.9868,5.41,2.7,0.0099,0.0032940215813829776,0.0028024403733863824,0.945271
11,49,8,3,3,3,Excellent,0.9868,5.41,2.7,0.0099,0.0032940215813829776,0.0028024403733863824,0.942952
21,152,8,2,1,1,Average,0.9446,39.45,19.73,0.057,0.013859506977864783,0.013880764599863909,0.917296
21,152,8,2,1,1,Average,0.9446,39.45,19.73,0.057,0.013859506977864783,0.013880764599863909,0.908005
19,112,8,1,0,0,Average,0.9396,37.85,18.93,0.0599,0.01510644855355639,0.00947385670270949,0.89585
19,112,8,1,0,0,Average,0.9396,37.85,18.93,0.0599,0.01510644855355639,0.00947385670270949,0.893548
14,63,8,3,2,2,Good,0.9862,10.56,5.28,0.0117,0.003456369409261667,0.004396887683229455,0.935866
14,63,8,3,2,2,Good,0.9862,10.56,5.28,0.0117,0.003456369409261667,0.004396887683229455,0.94092
8,30,6,1,1,1,Good,0.9761,12.38,6.19,0.0287,0.005978912002394782,0.006069401449852272,0.962625
8,30,6,1,1,1,Good,0.9761,12.38,6.19,0.0287,0.005978912002394782,0.006069401449852272,0.95899
19,101,7,3,2,2,Poor,0.8702,87.08,43.54,0.1317,0.03246211006602304,0.021709330087079162,0.963209
19,101,7,3,2,2,Poor,0.8702,87.08,43.54,0.1317,0.03246211006602304,0.021709330087079162,0.956785
9,51,8,1,0,0,Poor,0.9299,88.36,44.18,0.0704,0.017520483571656614,0.02015257565264454,0.864508
9,51,8,1,0,0,Poor,0.9299,88.36,44.18,0.0704,0.017520483571656614,0.02015257565264454,0.896988
20,46,4,1,0,0,Average,0.9668,37.96,18.98,0.0319,0.008306339507527433,0.009386197305642188,0.990555
20,46,4,1,0,0,Average,0.9668,37.96,18.98,0.0319,0.008306339507527433,0.009386197305642188,0.994744
7,33,8,2,2,2,Excellent,0.9902,6.06,3.03,0.0082,0.0024551953243771296,0.0018015355046229874,0.970299
7,33,8,2,2,2,Excellent,0.9902,6.06,3.03,0.0082,0.0024551953243771296,0.0018015355046229874,0.97394
20,81,6,1,1,1,Average,0.9701,27.97,13.98,0.0311,0.007475085215311317,0.011462728645606619,0.963044
20,81,6,1,1,1,Average,0.9701,27.97,13.98,0.0311,0.007475085215311317,0.011462728645606619,0.968594
17,85,6,1,0,0,Good,0.9729,13.17,6.59,0.0295,0.006778477640665748,0.0034371212749830246,0.981829
17,85,6,1,0,0,Good,0.9729,13.17,6.59,0.0295,0.006778477640665748,0.0034371212749830246,0.980571
19,65,7,1,0,0,Average,0.933,37.89,18.95,0.0627,0.01674412888327645,0.009855726827785538,0.950373
19,65,7,1,0,0,Average,0.933,37.89,18.95,0.0627,0.01674412888327645,0.009855726827785538,0.944898
19,98,8,6,5,5,Excellent,1.0011,7.5,3.75,0.0021,0.001,0.001907919566679195,0.931518
19,98,8,6,5,5,Excellent,1.0011,7.5,3.75,0.0021,0.001,0.001907919566679195,0.922592
14,65,5,1,0,0,Excellent,0.9962,9.39,4.69,0.0004,0.001,0.0023132820257309983,0.995931
14,65,5,1,0,0,Excellent,0.9962,9.39,4.69,0.0004,0.001,0.0023132820257309983,0.988788
21,104,8,1,1,1,Good,0.9709,10.09,5.04,0.027,0.007266544217562593,0.006304937456964414,0.915592
21,104,8,1,1,1,Good,0.9709,10.09,5.04,0.027,0.007266544217562593,0.006304937456964414,0.904079
21,110,8,3,1,1,Excellent,0.9942,8.59,4.3,0.0014,0.0014416714965276578,0.0025173923344070526,0.939582
21,110,8,3,1,1,Excellent,0.9942,8.59,4.3,0.0014,0.0014416714965276578,0.0025173923344070526,0.914803
21,68,6,3,2,2,Average,0.9479,38.27,19.13,0.0516,0.013031182751341075,0.010092771590049258,0.967445
21,68,6,3,2,2,Average,0.9479,38.27,19.13,0.0516,0.013031182751341075,0.010092771590049258,0.975119
13,72,8,2,0,0,Poor,0.8919,97.92,48.96,0.1085,0.027016471081406146,0.018781049551314814,0.813362
13,72,8,2,0,0,Poor,0.8919,97.92,48.96,0.1085,0.027016471081406146,0.018781049551314814,0.811593
11,45,7,1,1,1,Excellent,0.996,6.31,3.16,0.0008,0.001,0.0016718980600734853,0.983944
11,45,7,1,1,1,Excellent,0.996,6.31,3.16,0.0008,0.001,0.0016718980600734853,0.981279
11,66,8,1,1,1,Poor,0.8539,72.3,36.15,0.1454,0.03653514744884767,0.02879224324637432,0.895716
11,66,8,1,1,1,Poor,0.8539,72.3,36.15,0.1454,0.03653514744884767,0.02879224324637432,0.905575
20,107,8,2,2,2,Poor,0.9078,66.53,33.27,0.0923,0.023043810955754168,0.02825216480924775,0.868912
20,107,8,2,2,2,Poor,0.9078,66.53,33.27,0.0923,0.023043810955754168,0.02825216480924775,0.858467
8,32,6,1,1,1,Good,0.9888,12.78,6.39,0.0123,0.0028017917072387377,0.006980461512094515,0.979144
8,32,6,1,1,1,Good,0.9888,12.78,6.39,0.0123,0.0028017917072387377,0.006980461512094515,0.976082
19,71,6,3,2,2,Good,0.9883,16.95,8.48,0.0167,0.002936740857790693,0.006951484760591214,0.974699
19,71,6,3,2,2,Good,0.9883,16.95,8.48,0.0167,0.002936740857790693,0.006951484760591214,0.969643
12,62,8,1,1,1,Average,0.9611,31.31,15.65,0.04,0.00973493075066273,0.007887039312910508,0.914974
12,62,8,1,1,1,Average,0.9611,31.31,15.65,0.04,0.00973493075066273,0.007887039312910508,0.926333
15,51,6,3,2,2,Average,0.9625,34.36,17.18,0.0397,0.009377093983803042,0.012352638086645166,0.929294
15,51,6,3,2,2,Average,0.9625,34.36,17.18,0.0397,0.009377093983803042,0.012352638086645166,0.927407
9,38,7,2,1,1,Excellent,0.9989,9.91,4.95,0.0041,0.001,0.001272206287164256,0.962302
9,38,7,2,1,1,Excellent,0.9989,9.91,4.95,0.0041,0.001,0.001272206287164256,0.96593
13,47,5,1,1,1,Excellent,0.9872,9.83,4.92,0.0081,0.003207917712779784,0.0018377711524857265,0.992053
13,47,5,1,1,1,Excellent,0.9872,9.83,4.92,0.0081,0.003207917712779784,0.0018377711524857265,0.991198
20,69,5,1,1,1,Average,0.9713,27.24,13.62,0.0321,0.00718608361506326,0.01468177561016007,0.989393
20,69,5,1,1,1,Average,0.9713,27.24,13.62,0.0321,0.00718608361506326,0.01468177561016007,0.99199
21,95,5,1,1,1,Excellent,0.9903,7.68,3.84,0.0064,0.0024344716288974833,0.0015965029665316382,0.993998
21,95,5,1,1,1,Excellent,0.9903,7.68,3.84,0.0064,0.0024344716288974833,0.0015965029665316382,0.991347
8,23,5,2,2,2,Excellent,0.9997,5.65,2.83,0.0008,0.001,0.0010286724789670516,0.995927
8,23,5,2,2,2,Excellent,0.9997,5.65,2.83,0.0008,0.001,0.0010286724789670516,0.994596
11,70,8,1,1,1,Poor,0.8702,76.98,38.49,0.1338,0.03244349917368583,0.021242946320501072,0.88242
11,70,8,1,1,1,Poor,0.8702,76.98,38.49,0.1338,0.03244349917368583,0.021242946320501072,0.885871
13,56,7,3,1,1,Average,0.9396,32.99,16.5,0.0583,0.015095379245534862,0.011183082695608873,0.954306
13,56,7,3,1,1,Average,0.9396,32.99,16.5,0.0583,0.015095379245534862,0.011183082695608873,0.959089
11,53,8,1,0,0,Average,0.9366,24.19,12.09,0.0675,0.015844240803693455,0.011186492604308897,0.923776
11,53,8,1,0,0,Average,0.9366,24.19,12.09,0.0675,0.015844240803693455,0.011186492604308897,0.915744
11,28,5,1,1,1,Average,0.9651,33.47,16.74,0.0314,0.0087247449023444,0.00894031125779405,0.986066
11,28,5,1,1,1,Average,0.9651,33.47,16.74,0.0314,0.0087247449023444,0.00894031125779405,0.988252
11,41,5,1,1,1,Poor,0.875,54.56,27.28,0.1287,0.031259547395063536,0.018144122706255927,0.987537
11,41,5,1,1,1,Poor,0.875,54.56,27.28,0.1287,0.031259547395063536,0.018144122706255927,0.986802
19,65,5,4,4,4,Poor,0.8479,76.15,38.07,0.1484,0.038036315097588896,0.021637709468171083,0.993672
19,65,5,4,4,4,Poor,0.8479,76.15,38.07,0.1484,0.038036315097588896,0.021637709468171083,0.975888
19,52,5,1,0,0,Average,0.9639,25.58,12.79,0.0358,0.009033330369330128,0.010029752372596106,0.985595
19,52,5,1,0,0,Average,0.9639,25.58,12.79,0.0358,0.009033330369330128,0.010029752372596106,0.986611
21,107,8,3,0,0,Poor,0.8629,78.05,39.03,0.1365,0.03427915791383296,0.016199903408801702,0.859707
21,107,8,3,0,0,Poor,0.8629,78.05,39.03,0.1365,0.03427915791383296,0.016199903408801702,0.845231
19,42,4,1,1,1,Good,0.9827,16.66,8.33,0.0146,0.004333119362253668,0.005550907094278792,0.997602
19,42,4,1,1,1,Good,0.9827,16.66,8.33,0.0146,0.004333119362253668,0.005550907094278792,0.996863
19,104,6,1,0,0,Good,0.9806,11.93,5.96,0.023,0.00485492440786045,0.006405477876639925,0.986364
19,104,6,1,0,0,Good,0.9806,11.93,5.96,0.023,0.00485492440786045,0.006405477876639925,0.984353
21,97,7,3,2,2,Excellent,0.9951,5.28,2.64,0.0033,0.0012273369297799708,0.0017129057303923202,0.962851
21,97,7,3,2,2,Excellent,0.9951,5.28,2.64,0.0033,0.0012273369297799708,0.0017129057303923202,0.967482
20,63,5,1,1,1,Good,0.9729,17.45,8.73,0.0234,0.006779560623310754,0.005203003416788307,0.992435
20,63,5,1,1,1,Good,0.9729,17.45,8.73,0.0234,0.006779560623310754,0.005203003416788307,0.991773
11,39,6,1,0,0,Average,0.9375,21.25,10.63,0.0591,0.015637226375802726,0.009737463673219154,0.976626
11,39,6,1,0,0,Average,0.9375,21.25,10.63,0.0591,0.015637226375802726,0.009737463673219154,0.978976
19,65,6,1,1,1,Good,0.978,19.81,9.91,0.0259,0.005497886314694472,0.00693225593740205,0.977404
19,65,6,1,1,1,Good,0.978,19.81,9.91,0.0259,0.005497886314694472,0.00693225593740205,0.976983
15,41,4,1,1,1,Excellent,0.9958,5.52,2.76,0.0048,0.001046896324188057,0.0027076178782334975,0.996076
15,41,4,1,1,1,Excellent,0.9958,5.52,2.76,0.0048,0.001046896324188057,0.0027076178782334975,0.997143
17,57,4,1,1,1,Poor,0.8599,81.88,40.94,0.1391,0.03503521046441921,0.024673852003391984,0.992997
17,57,4,1,1,1,Poor,0.8599,81.88,40.94,0.1391,0.03503521046441921,0.024673852003391984,0.994547
18,47,5,1,0,0,Average,0.9742,31.4,15.7,0.0304,0.006441818014210676,0.009228299827271656,0.989115
18,47,5,1,0,0,Average,0.9742,31.4,15.7,0.0304,0.006441818014210676,0.009228299827271656,0.987684
19,66,6,3,3,3,Poor,0.9155,87.31,43.65,0.0866,0.02111539314167543,0.024353995157197945,0.965438
19,66,6,3,3,3,Poor,0.9155,87.31,43.65,0.0866,0.02111539314167543,0.024353995157197945,0.96668
16,68,6,1,1,1,Average,0.9327,36.04,18.02,0.0667,0.01683593965561836,0.007084539571954933,0.94072
16,68,6,1,1,1,Average,0.9327,36.04,18.02,0.0667,0.01683593965561836,0.007084539571954933,0.961498
14,56,6,2,2,2,Good,0.9885,14.22,7.11,0.0106,0.002877417690164419,0.005544720189427095,0.979002
14,56,6,2,2,2,Good,0.9885,14.22,7.11,0.0106,0.002877417690164419,0.005544720189427095,0.979334
16,77,8,5,2,2,Good,0.9896,10.59,5.3,0.0126,0.002597840611653607,0.003901555712802846,0.915104
16,77,8,5,2,2,Good,0.9896,10.59,5.3,0.0126,0.002597840611653607,0.003901555712802846,0.906694
6,16,5,1,1,1,Excellent,0.9905,6.21,3.1,0.0095,0.002366308521729671,0.0027342902982116757,0.994443
6,16,5,1,1,1,Excellent,0.9905,6.21,3.1,0.0095,0.002366308521729671,0.0027342902982116757,0.993892
10,53,7,1,1,1,Good,0.9828,12.48,6.24,0.0185,0.004310106021279597,0.0042818739381758125,0.976163
10,53,7,1,1,1,Good,0.9828,12.48,6.24,0.0185,0.004310106021279597,0.0042818739381758125,0.961369
17,53,4,1,1,1,Good,0.9875,12.07,6.03,0.0156,0.003130726525144345,0.00430430952917636,0.995626
17,53,4,1,1,1,Good,0.9875,12.07,6.03,0.0156,0.003130726525144345,0.00430430952917636,0.995405
6,27,7,1,0,0,Good,0.9777,16.36,8.18,0.019,0.005585006987126717,0.006067786379480579,0.979634
6,27,7,1,0,0,Good,0.9777,16.36,8.18,0.019,0.005585006987126717,0.006067786379480579,0.980639
16,50,4,1,1,1,Poor,0.8967,68.29,34.15,0.1045,0.025827380659287996,0.02194019925186458,0.989869
16,50,4,1,1,1,Poor,0.8967,68.29,34.15,0.1045,0.025827380659287996,0.02194019925186458,0.985467
15,71,8,3,1,1,Average,0.9548,48.82,24.41,0.0436,0.011298116755891208,0.011560338936498972,0.927986
15,71,8,3,1,1,Average,0.9548,48.82,24.41,0.0436,0.011298116755891208,0.011560338936498972,0.927847
6,21,6,2,2,2,Average,0.9459,29.73,14.86,0.0559,0.013514560523084695,0.010093781538844332,0.950272
6,21,6,2,2,2,Average,0.9459,29.73,14.86,0.0559,0.013514560523084695,0.010093781538844332,0.957809
9,36,7,2,1,1,Average,0.9396,35.42,17.71,0.065,0.015110643593976736,0.009289799862955249,0.963712
9,36,7,2,1,1,Average,0.9396,35.42,17.71,0.065,0.015110643593976736,0.009289799862955249,0.963942
17,87,8,5,2,2,Good,0.9909,16.9,8.45,0.0126,0.0022718063893789886,0.006587538342683708,0.910841
17,87,8,5,2,2,Good,0.9909,16.9,8.45,0.0126,0.0022718063893789886,0.006587538342683708,0.921791
7,18,5,2,0,0,Poor,0.8696,94.71,47.36,0.1319,0.03260970812775624,0.022509355004581684,0.936201
7,18,5,2,0,0,Poor,0.8696,94.71,47.36,0.1319,0.03260970812775624,0.022509355004581684,0.928528
18,69,4,1,1,1,Average,0.9686,22.89,11.44,0.0327,0.007848129956634115,0.008479792302401744,0.997665
18,69,4,1,1,1,Average,0.9686,22.89,11.44,0.0327,0.007848129956634115,0.008479792302401744,0.994221
17,76,6,2,1,1,Poor,0.9028,64.77,32.38,0.0937,0.024294686196321857,0.027057465300467924,0.947475
17,76,6,2,1,1,Poor,0.9028,64.77,32.38,0.0937,0.024294686196321857,0.027057465300467924,0.958676
12,53,7,1,0,0,Excellent,0.9887,7.56,3.78,0.0077,0.002832784117138748,0.0029021428384882735,0.963664
12,53,7,1,0,0,Excellent,0.9887,7.56,3.78,0.0077,0.002832784117138748,0.0029021428384882735,0.969708
11,40,5,2,1,1,Excellent,0.9905,8.93,4.46,0.0074,0.0023832832856842123,0.002982579771961732,0.988039
11,40,5,2,1,1,Excellent,0.9905,8.93,4.46,0.0074,0.0023832832856842123,0.002982579771961732,0.993502
11,25,4,1,1,1,Good,0.9792,19.99,9.99,0.0187,0.005208636220975171,0.006341985964605178,0.996051
11,25,4,1,1,1,Good,0.9792,19.99,9.99,0.0187,0.005208636220975171,0.006341985964605178,0.99492
11,24,4,1,1,1,Excellent,0.9896,9.11,4.56,0.009,0.0025987020567125596,0.0026609061905746847,0.996603
11,24,4,1,1,1,Excellent,0.9896,9.11,4.56,0.009,0.0025987020567125596,0.0026609061905746847,0.996477
16,64,7,1,0,0,Excellent,1.0003,8.54,4.27,0.0028,0.001,0.002215564279453429,0.950989
16,64,7,1,0,0,Excellent,1.0003,8.54,4.27,0.0028,0.001,0.002215564279453429,0.958449
16,42,5,1,1,1,Average,0.9705,32.2,16.1,0.0335,0.007363327902190547,0.007695683178592433,0.992595
16,42,5,1,1,1,Average,0.9705,32.2,16.1,0.0335,0.007363327902190547,0.007695683178592433,0.988511
12,27,4,1,1,1,Average,0.9381,42.23,21.12,0.0592,0.015465550434730774,0.013408357292553158,0.988661
12,27,4,1,1,1,Average,0.9381,42.23,21.12,0.0592,0.015465550434730774,0.013408357292553158,0.989761
19,52,5,3,3,3,Good,0.9806,18.92,9.46,0.0186,0.004847567994269442,0.0037425579575767758,0.987814
19,52,5,3,3,3,Good,0.9806,18.92,9.46,0.0186,0.004847567994269442,0.0037425579575767758,0.993437
15,51,5,3,1,1,Good,0.9829,11.16,5.58,0.0123,0.004267686466280424,0.00366169695911544,0.986302
15,51,5,3,1,1,Good,0.9829,11.16,5.58,0.0123,0.004267686466280424,0.00366169695911544,0.988275
12,32,4,1,0,0,Excellent,0.9975,9.97,4.98,0.0004,0.001,0.002718595255990556,0.991502
12,32,4,1,0,0,Excellent,0.9975,9.97,4.98,0.0004,0.001,0.002718595255990556,0.99502
7,19,5,1,1,1,Excellent,0.9912,7.89,3.95,0.0068,0.0021885212809331644,0.0017209272408155096,0.996225
7,19,5,1,1,1,Excellent,0.9912,7.89,3.95,0.0068,0.0021885212809331644,0.0017209272408155096,0.998286
9,47,8,2,0,0,Excellent,0.9965,7.57,3.78,0.0007,0.001,0.001641866883524583,0.929848
9,47,8,2,0,0,Excellent,0.9965,7.57,3.78,0.0007,0.001,0.001641866883524583,0.924051
12,54,8,1,1,1,Excellent,1.0011,7.21,3.61,0.0015,0.001,0.0027620030621078257,0.978154
12,54,8,1,1,1,Excellent,1.0011,7.21,3.61,0.0015,0.001,0.0027620030621078257,0.965436
21,81,7,2,1,1,Excellent,0.9924,9.96,4.98,0.0097,0.0019056860366049033,0.002391545191265816,0.968037
21,81,7,2,1,1,Excellent,0.9924,9.96,4.98,0.0097,0.0019056860366049033,0.002391545191265816,0.964319
21,69,4,1,1,1,Excellent,0.9954,5.06,2.53,0.0066,0.0011610323687977764,0.002803826087164653,0.995546
21,69,4,1,1,1,Excellent,0.9954,5.06,2.53,0.0066,0.0011610323687977764,0.002803826087164653,0.996428
21,105,8,2,0,0,Average,0.9328,21.07,10.54,0.0625,0.016805973301738802,0.0089134219719277,0.917696
21,105,8,2,0,0,Average,0.9328,21.07,10.54,0.0625,0.016805973301738802,0.0089134219719277,0.914446
13,32,4,1,1,1,Average,0.9581,48.58,24.29,0.0405,0.010465266666186551,0.007222527561077453,0.99547
13,32,4,1,1,1,Average,0.9581,48.58,24.29,0.0405,0.010465266666186551,0.007222527561077453,0.994904
8,34,7,2,2,2,Average,0.9499,46.83,23.42,0.049,0.012520391228326488,0.007464251031063577,0.9748
8,34,7,2,2,2,Average,0.9499,46.83,23.42,0.049,0.012520391228326488,0.007464251031063577,0.967549
20,81,7,1,1,1,Average,0.9659,42.53,21.27,0.0361,0.0085162453832619,0.012224150327398198,0.9391
20,81,7,1,1,1,Average,0.9659,42.53,21.27,0.0361,0.0085162453832619,0.012224150327398198,0.926151
13,40,5,2,0,0,Excellent,0.9895,9.13,4.56,0.0076,0.0026173376781626345,0.0017887478772714359,0.993454
13,40,5,2,0,0,Excellent,0.9895,9.13,4.56,0.0076,0.0026173376781626345,0.0017887478772714359,0.988787
21,69,5,1,1,1,Excellent,0.992,5.46,2.73,0.0097,0.0020014548135627586,0.0029532061333831113,0.994782
21,69,5,1,1,1,Excellent,0.992,5.46,2.73,0.0097,0.0020014548135627586,0.0029532061333831113,0.995168
16,39,4,1,0,0,Poor,0.8569,98.83,49.41,0.1477,0.03578562313802264,0.026395382306378286,0.994595
16,39,4,1,0,0,Poor,0.8569,98.83,49.41,0.1477,0.03578562313802264,0.026395382306378286,0.995768
18,81,8,4,3,3,Good,0.9816,10.6,5.3,0.018,0.004590545403148655,0.00305465708212167,0.920838
18,81,8,4,3,3,Good,0.9816,10.6,5.3,0.018,0.004590545403148655,0.00305465708212167,0.912436
13,56,7,2,0,0,Good,0.9869,19.87,9.93,0.015,0.003264038487806681,0.0032370608457707815,0.9698
13,56,7,2,0,0,Good,0.9869,19.87,9.93,0.015,0.003264038487806681,0.0032370608457707815,0.970637
6,34,6,1,0,0,Excellent,0.987,7.9,3.95,0.0087,0.003252366085326752,0.0023119287200056935,0.992041
6,34,6,1,0,0,Excellent,0.987,7.9,3.95,0.0087,0.003252366085326752,0.0023119287200056935,0.993275
19,110,8,2,1,1,Good,0.9828,12.5,6.25,0.0143,0.004292281768323997,0.0031224832176888415,0.912225
19,110,8,2,1,1,Good,0.9828,12.5,6.25,0.0143,0.004292281768323997,0.0031224832176888415,0.920911
16,98,7,2,1,1,Poor,0.8599,64.66,32.33,0.1405,0.03502942090617994,0.022891991274661502,0.957035
16,98,7,2,1,1,Poor,0.8599,64.66,32.33,0.1405,0.03502942090617994,0.022891991274661502,0.961451
20,46,5,3,1,1,Average,0.9706,37.99,19.0,0.0302,0.007357617074065459,0.008492033192046918,0.985765
20,46,5,3,1,1,Average,0.9706,37.99,19.0,0.0302,0.007357617074065459,0.008492033192046918,0.986935
16,107,8,2,0,0,Good,0.9774,16.86,8.43,0.021,0.005657885617546876,0.004097390662314615,0.943464
16,107,8,2,0,0,Good,0.9774,16.86,8.43,0.021,0.005657885617546876,0.004097390662314615,0.947818
9,30,6,2,1,1,Good,0.9885,16.2,8.1,0.0123,0.002881369233755704,0.004683322214535564,0.98681
9,30,6,2,1,1,Good,0.9885,16.2,8.1,0.0123,0.002881369233755704,0.004683322214535564,0.990633
21,95,8,1,1,1,Good,0.9801,13.96,6.98,0.0213,0.004975696699505039,0.003581480561281666,0.917933
21,95,8,1,1,1,Good,0.9801,13.96,6.98,0.0213,0.004975696699505039,0.003581480561281666,0.917178
14,32,4,3,2,2,Good,0.9814,14.11,7.06,0.0188,0.004647674046773159,0.004653180850180734,0.973347
14,32,4,3,2,2,Good,0.9814,14.11,7.06,0.0188,0.004647674046773159,0.004653180850180734,0.988134
19,81,6,2,1,1,Poor,0.9077,97.19,48.59,0.0913,0.023082741900444625,0.022366406742489776,0.88759
19,81,6,2,1,1,Poor,0.9077,97.19,48.59,0.0913,0.023082741900444625,0.022366406742489776,0.886874
18,67,4,1,1,1,Good,0.9872,11.06,5.53,0.0167,0.0031889281705348993,0.005300349636145382,0.995729
18,67,4,1,1,1,Good,0.9872,11.06,5.53,0.0167,0.0031889281705348993,0.005300349636145382,0.998239
17,54,6,1,0,0,Average,0.9684,20.15,10.07,0.0341,0.007911144283923893,0.009154838040653545,0.986357
17,54,6,1,0,0,Average,0.9684,20.15,10.07,0.0341,0.007911144283923893,0.009154838040653545,0.980433
11,43,7,2,1,1,Excellent,0.9949,8.53,4.27,0.0071,0.001270729318911784,0.0027832649360364967,0.970959
11,43,7,2,1,1,Excellent,0.9949,8.53,4.27,0.0071,0.001270729318911784,0.0027832649360364967,0.967908
19,42,4,2,1,1,Poor,0.9096,55.91,27.96,0.0946,0.022594732363943687,0.027896214857501152,0.989231
19,42,4,2,1,1,Poor,0.9096,55.91,27.96,0.0946,0.022594732363943687,0.027896214857501152,0.989411
8,32,7,2,1,1,Excellent,1.0008,7.58,3.79,0.0017,0.001,0.0010442705569072678,0.985244
8,32,7,2,1,1,Excellent,1.0008,7.58,3.79,0.0017,0.001,0.0010442705569072678,0.988947
16,52,6,4,0,0,Average,0.9639,41.28,20.64,0.0408,0.009017764891790236,0.014278135195863507,0.970241
16,52,6,4,0,0,Average,0.9639,41.28,20.64,0.0408,0.009017764891790236,0.014278135195863507,0.960393
18,68,5,1,0,0,Good,0.9792,13.8,6.9,0.0251,0.005203049567745671,0.006772341185177798,0.990323
18,68,5,1,0,0,Good,0.9792,13.8,6.9,0.0251,0.005203049567745671,0.006772341185177798,0.984392
21,70,5,2,2,2,Poor,0.9039,54.48,27.24,0.0914,0.024020092901908485,0.019351017088884676,0.960777
21,70,5,2,2,2,Poor,0.9039,54.48,27.24,0.0914,0.024020092901908485,0.019351017088884676,0.970069
19,88,7,2,2,2,Excellent,0.9936,5.04,2.52,0.0099,0.0016031235069169092,0.0011854316681768546,0.956778
19,88,7,2,2,2,Excellent,0.9936,5.04,2.52,0.0099,0.0016031235069169092,0.0011854316681768546,0.955891
21,80,5,1,0,0,Good,0.9694,19.56,9.78,0.0294,0.007652352382344324,0.005348179801451462,0.992627
21,80,5,1,0,0,Good,0.9694,19.56,9.78,0.0294,0.007652352382344324,0.005348179801451462,0.994211
20,42,4,1,1,1,Good,0.9797,13.91,6.95,0.0206,0.00506418656736346,0.005632480793777215,0.994135
20,42,4,1,1,1,Good,0.9797,13.91,6.95,0.0206,0.00506418656736346,0.005632480793777215,0.99541
6,27,7,1,0,0,Good,0.9754,12.59,6.29,0.0256,0.006143063937475629,0.0033401348115917303,0.976588
6,27,7,1,0,0,Good,0.9754,12.59,6.29,0.0256,0.006143063937475629,0.0033401348115917303,0.980862
9,45,8,2,1,1,Excellent,0.9949,5.94,2.97,0.008,0.0012820187105527514,0.0027122650726376417,0.965258
9,45,8,2,1,1,Excellent,0.9949,5.94,2.97,0.008,0.0012820187105527514,0.0027122650726376417,0.96065
14,45,6,1,1,1,Average,0.9399,25.66,12.83,0.0598,0.015020398237404947,0.010707184674377809,0.96904
14,45,6,1,1,1,Average,0.9399,25.66,12.83,0.0598,0.015020398237404947,0.010707184674377809,0.973766
19,61,4,3,3,3,Good,0.9697,18.1,9.05,0.0286,0.007562963821520968,0.005643065767777015,0.987448
19,61,4,3,3,3,Good,0.9697,18.1,9.05,0.0286,0.007562963821520968,0.005643065767777015,0.988852
11,49,6,1,1,1,Average,0.9443,27.65,13.83,0.0545,0.013912572126232842,0.011608621676522678,0.980699
11,49,6,1,1,1,Average,0.9443,27.65,13.83,0.0545,0.013912572126232842,0.011608621676522678,0.982652
21,68,4,2,1,1,Average,0.9632,45.34,22.67,0.0352,0.009197318753787237,0.0110039179925771,0.962374
21,68,4,2,1,1,Average,0.9632,45.34,22.67,0.0352,0.009197318753787237,0.0110039179925771,0.963616
8,29,7,2,1,1,Poor,0.9063,60.23,30.12,0.0945,0.023420763742651673,0.026747338803622817,0.920767
8,29,7,2,1,1,Poor,0.9063,60.23,30.12,0.0945,0.023420763742651673,0.026747338803622817,0.943333
11,41,6,1,1,1,Good,0.9867,13.13,6.57,0.0124,0.0033144668288646317,0.0038514343366266132,0.98707
11,41,6,1,1,1,Good,0.9867,13.13,6.57,0.0124,0.0033144668288646317,0.0038514343366266132,0.985267
11,29,5,3,2,2,Poor,0.8725,63.92,31.96,0.1286,0.03188055965357803,0.02577647847210203,0.961115
11,29,5,3,2,2,Poor,0.8725,63.92,31.96,0.1286,0.03188055965357803,0.02577647847210203,0.950614
7,22,4,1,1,1,Excellent,1.0,7.22,3.61,0.0047,0.001,0.001206879677257686,0.997544
7,22,4,1,1,1,Excellent,1.0,7.22,3.61,0.0047,0.001,0.001206879677257686,0.994772
20,75,6,3,1,1,Poor,0.8684,97.6,48.8,0.129,0.03290481984366725,0.027846523590823714,0.946504
20,75,6,3,1,1,Poor,0.8684,97.6,48.8,0.129,0.03290481984366725,0.027846523590823714,0.93326
17,55,6,4,1,1,Good,0.9762,17.87,8.94,0.0277,0.005955148750642764,0.003807972807881437,0.973276
17,55,6,4,1,1,Good,0.9762,17.87,8.94,0.0277,0.005955148750642764,0.003807972807881437,0.983436
21,91,5,1,1,1,Good,0.9759,16.75,8.37,0.0262,0.006016034755567917,0.0064377810777838055,0.992737
21,91,5,1,1,1,Good,0.9759,16.75,8.37,0.0262,0.006016034755567917,0.0064377810777838055,0.990217
9,39,7,1,0,0,Good,0.9911,10.48,5.24,0.0128,0.002229454713005563,0.004513428457794155,0.979694
9,39,7,1,0,0,Good,0.9911,10.48,5.24,0.0128,0.002229454713005563,0.004513428457794155,0.98371
21,85,7,5,3,3,Excellent,0.9972,9.14,4.57,0.0034,0.001,0.002767062928211091,0.959633
21,85,7,5,3,3,Excellent,0.9972,9.14,4.57,0.0034,0.001,0.002767062928211091,0.963172
14,35,4,1,1,1,Excellent,0.9905,9.66,4.83,0.0094,0.002370918621761864,0.002153715478194076,0.995145
14,35,4,1,1,1,Excellent,0.9905,9.66,4.83,0.0094,0.002370918621761864,0.002153715478194076,0.997141
18,83,6,1,1,1,Average,0.9373,27.64,13.82,0.0585,0.015671325170075634,0.007824568867645173,0.976867
18,83,6,1,1,1,Average,0.9373,27.64,13.82,0.0585,0.015671325170075634,0.007824568867645173,0.979838
13,76,8,4,0,0,Excellent,0.9984,8.79,4.4,0.0046,0.001,0.0013449237753667602,0.94101
13,76,8,4,0,0,Excellent,0.9984,8.79,4.4,0.0046,0.001,0.0013449237753667602,0.942951
21,96,6,2,1,1,Good,0.9754,19.6,9.8,0.0263,0.0061403815266314055,0.006668984936077002,0.982921
21,96,6,2,1,1,Good,0.9754,19.6,9.8,0.0263,0.0061403815266314055,0.006668984936077002,0.979311
11,40,6,1,1,1,Good,0.9754,14.97,7.49,0.0244,0.006150928332800454,0.004169567422853943,0.963669
11,40,6,1,1,1,Good,0.9754,14.97,7.49,0.0244,0.006150928332800454,0.004169567422853943,0.980834
20,93,7,2,0,0,Excellent,0.9983,5.28,2.64,0.0056,0.001,0.0022650460324739156,0.961623
20,93,7,2,0,0,Excellent,0.9983,5.28,2.64,0.0056,0.001,0.0022650460324739156,0.963947
13,42,6,1,1,1,Good,0.984,13.34,6.67,0.0119,0.004007668524285468,0.0055992056348047785,0.98645
13,42,6,1,1,1,Good,0.984,13.34,6.67,0.0119,0.004007668524285468,0.0055992056348047785,0.988703
11,72,8,2,2,2,Good,0.9794,14.06,7.03,0.0214,0.005144866423360567,0.005458018881353723,0.906706
11,72,8,2,2,2,Good,0.9794,14.06,7.03,0.0214,0.005144866423360567,0.005458018881353723,0.92886
19,74,7,3,2,2,Excellent,0.9998,5.74,2.87,0.0043,0.001,0.0026871751577149097,0.959646
19,74,7,3,2,2,Excellent,0.9998,5.74,2.87,0.0043,0.001,0.0026871751577149097,0.959418
12,70,8,4,1,1,Average,0.9526,33.78,16.89,0.0464,0.011842394330944417,0.013602193931855945,0.896125
12,70,8,4,1,1,Average,0.9526,33.78,16.89,0.0464,0.011842394330944417,0.013602193931855945,0.912292
10,55,8,1,0,0,Excellent,0.9951,8.84,4.42,0.0,0.0012182299353218906,0.002365731194511416,0.947018
10,55,8,1,0,0,Excellent,0.9951,8.84,4.42,0.0,0.0012182299353218906,0.002365731194511416,0.943866
6,41,8,1,1,1,Poor,0.9105,52.33,26.17,0.0897,0.022368878985245394,0.01591156108614762,0.95405
6,41,8,1,1,1,Poor,0.9105,52.33,26.17,0.0897,0.022368878985245394,0.01591156108614762,0.961717
13,68,7,1,0,0,Good,0.9769,10.37,5.18,0.026,0.005766554287240738,0.005825204522464362,0.962867
13,68,7,1,0,0,Good,0.9769,10.37,5.18,0.026,0.005766554287240738,0.005825204522464362,0.962566
13,71,8,2,1,1,Average,0.948,35.14,17.57,0.0538,0.013007711915726916,0.012532516267013193,0.907941
13,71,8,2,1,1,Average,0.948,35.14,17.57,0.0538,0.013007711915726916,0.012532516267013193,0.911196
15,62,7,3,0,0,Poor,0.8521,93.26,46.63,0.1447,0.03698738801958462,0.021147687697516362,0.89876
15,62,7,3,0,0,Poor,0.8521,93.26,46.63,0.1447,0.03698738801958462,0.021147687697516362,0.894691
18,59,6,1,0,0,Average,0.9519,33.25,16.62,0.0471,0.012032786952762192,0.012415853874455492,0.972679
18,59,6,1,0,0,Average,0.9519,33.25,16.62,0.0471,0.012032786952762192,0.012415853874455492,0.976322
14,65,7,1,0,0,Poor,0.9056,73.83,36.92,0.098,0.02360273815893571,0.027096979697088693,0.930859
14,65,7,1,0,0,Poor,0.9056,73.83,36.92,0.098,0.02360273815893571,0.027096979697088693,0.92242
15,43,5,2,0,0,Average,0.9354,42.94,21.47,0.0602,0.016145435132286667,0.010499706445632494,0.983854
15,43,5,2,0,0,Average,0.9354,42.94,21.47,0.0602,0.016145435132286667,0.010499706445632494,0.979759
7,36,8,1,1,1,Poor,0.8672,87.67,43.84,0.1356,0.03321145177451307,0.015588335923750784,0.927226
7,36,8,1,1,1,Poor,0.8672,87.67,43.84,0.1356,0.03321145177451307,0.015588335923750784,0.928642
16,79,7,3,2,2,Good,0.9836,16.47,8.24,0.0154,0.004109534568811524,0.004914542835000038,0.959936
16,79,7,3,2,2,Good,0.9836,16.47,8.24,0.0154,0.004109534568811524,0.004914542835000038,0.954063
17,36,4,1,1,1,Good,0.9706,13.99,7.0,0.0285,0.007350261303291805,0.0067228143575449595,0.994204
17,36,4,1,1,1,Good,0.9706,13.99,7.0,0.0285,0.007350261303291805,0.0067228143575449595,0.991718
19,104,7,1,1,1,Good,0.9813,12.17,6.09,0.0152,0.004665738525357982,0.006774706165640128,0.96113
19,104,7,1,1,1,Good,0.9813,12.17,6.09,0.0152,0.004665738525357982,0.006774706165640128,0.964368
10,42,7,1,0,0,Good,0.9848,14.97,7.49,0.0135,0.003791022908344155,0.005318920290705492,0.95685
10,42,7,1,0,0,Good,0.9848,14.97,7.49,0.0135,0.003791022908344155,0.005318920290705492,0.966601
7,18,4,1,1,1,Good,0.9789,18.1,9.05,0.0243,0.0052759234081254935,0.005933396330444842,0.982877
7,18,4,1,1,1,Good,0.9789,18.1,9.05,0.0243,0.0052759234081254935,0.005933396330444842,0.985132
15,77,8,1,0,0,Good,0.9889,16.55,8.27,0.015,0.0027646287314068985,0.0038176558537204143,0.927527
15,77,8,1,0,0,Good,0.9889,16.55,8.27,0.015,0.0027646287314068985,0.0038176558537204143,0.903681
12,57,6,2,1,1,Good,0.9766,12.33,6.17,0.0252,0.005851316885454871,0.005529022950731064,0.984323
12,57,6,2,1,1,Good,0.9766,12.33,6.17,0.0252,0.005851316885454871,0.005529022950731064,0.981249
18,80,6,1,1,1,Excellent,0.9975,5.64,2.82,0.0065,0.001,0.002251873745350846,0.982117
18,80,6,1,1,1,Excellent,0.9975,5.64,2.82,0.0065,0.001,0.002251873745350846,0.975736
13,73,7,1,1,1,Poor,0.8902,55.05,27.53,0.1119,0.02744813570316615,0.02439449210148504,0.953561
13,73,7,1,1,1,Poor,0.8902,55.05,27.53,0.1119,0.02744813570316615,0.02439449210148504,0.952215
17,57,6,1,1,1,Average,0.9332,29.07,14.54,0.0633,0.016709788994282188,0.009941192715732312,0.973134
17,57,6,1,1,1,Average,0.9332,29.07,14.54,0.0633,0.016709788994282188,0.009941192715732312,0.963536
16,35,4,1,0,0,Good,0.9769,17.13,8.57,0.0226,0.00577043940219274,0.005590771853021443,0.995838
16,35,4,1,0,0,Good,0.9769,17.13,8.57,0.0226,0.00577043940219274,0.005590771853021443,0.992084
19,101,8,1,1,1,Average,0.9641,38.5,19.25,0.0405,0.00897685588841371,0.011209384262087629,0.890816
19,101,8,1,1,1,Average,0.9641,38.5,19.25,0.0405,0.00897685588841371,0.011209384262087629,0.890274
12,60,8,2,0,0,Excellent,0.9995,6.1,3.05,0.0046,0.001,0.0019374982105747653,0.971088
12,60,8,2,0,0,Excellent,0.9995,6.1,3.05,0.0046,0.001,0.0019374982105747653,0.972599
8,25,5,1,1,1,Average,0.9643,20.69,10.34,0.0366,0.008915151262071042,0.009993047401759679,0.981803
8,25,5,1,1,1,Average,0.9643,20.69,10.34,0.0366,0.008915151262071042,0.009993047401759679,0.988019
19,84,8,1,0,0,Average,0.9406,43.94,21.97,0.0612,0.014841435749788606,0.012819873811593857,0.898294
19,84,8,1,0,0,Average,0.9406,43.94,21.97,0.0612,0.014841435749788606,0.012819873811593857,0.901872
18,53,4,1,1,1,Poor,0.8586,71.72,35.86,0.1429,0.0353568137319297,0.021071794290605537,0.986079
18,53,4,1,1,1,Poor,0.8586,71.72,35.86,0.1429,0.0353568137319297,0.021071794290605537,0.985251
18,38,4,3,3,3,Poor,0.9054,61.16,30.58,0.0938,0.023659408865173676,0.016404304601717646,0.973277
18,38,4,3,3,3,Poor,0.9054,61.16,30.58,0.0938,0.023659408865173676,0.016404304601717646,0.969558
8,40,8,2,1,1,Excellent,0.9948,6.16,3.08,0.0033,0.001311323848339957,0.002713032580460649,0.941616
8,40,8,2,1,1,Excellent,0.9948,6.16,3.08,0.0033,0.001311323848339957,0.002713032580460649,0.94509
11,46,7,3,2,2,Good,0.9855,11.03,5.52,0.017,0.0036139171148001636,0.003968053785191307,0.974625
11,46,7,3,2,2,Good,0.9855,11.03,5.52,0.017,0.0036139171148001636,0.003968053785191307,0.978476
15,78,7,2,1,1,Good,0.9676,15.73,7.86,0.0297,0.008109308429671336,0.005414869733368487,0.956626
15,78,7,2,1,1,Good,0.9676,15.73,7.86,0.0297,0.008109308429671336,0.005414869733368487,0.963578
15,66,8,2,1,1,Excellent,0.9926,6.01,3.0,0.0056,0.0018562427826224193,0.002488197807758996,0.953057
15,66,8,2,1,1,Excellent,0.9926,6.01,3.0,0.0056,0.0018562427826224193,0.002488197807758996,0.948954
17,96,7,1,1,1,Poor,0.8748,88.93,44.47,0.1222,0.03131239836792504,0.02204895225072739,0.93579
17,96,7,1,1,1,Poor,0.8748,88.93,44.47,0.1222,0.03131239836792504,0.02204895225072739,0.938361
21,115,8,1,0,0,Good,0.9905,10.31,5.16,0.013,0.002367654021561527,0.0030628007251675897,0.926355
21,115,8,1,0,0,Good,0.9905,10.31,5.16,0.013,0.002367654021561527,0.0030628007251675897,0.923985
13,66,7,1,0,0,Good,0.9851,13.51,6.75,0.0178,0.0037157840813029364,0.003819551042312873,0.966973
13,66,7,1,0,0,Good,0.9851,13.51,6.75,0.0178,0.0037157840813029364,0.003819551042312873,0.958362
8,42,8,1,0,0,Poor,0.9256,83.38,41.69,0.0704,0.018611672516825162,0.016857635606086097,0.77283
8,42,8,1,0,0,Poor,0.9256,83.38,41.69,0.0704,0.018611672516825162,0.016857635606086097,0.752704
6,28,8,1,0,0,Average,0.955,36.46,18.23,0.0472,0.011257920202149746,0.012818055750304778,0.946829
6,28,8,1,0,0,Average,0.955,36.46,18.23,0.0472,0.011257920202149746,0.012818055750304778,0.941139
17,73,7,1,0,0,Average,0.9587,38.9,19.45,0.0412,0.010333071823674128,0.010445963906941379,0.953628
17,73,7,1,0,0,Average,0.9587,38.9,19.45,0.0412,0.010333071823674128,0.010445963906941379,0.946471
15,59,7,2,2,2,Average,0.9428,39.16,19.58,0.0524,0.014306073973778727,0.009800555989219376,0.951857
15,59,7,2,2,2,Average,0.9428,39.16,19.58,0.0524,0.014306073973778727,0.009800555989219376,0.951958
19,83,6,2,1,1,Poor,0.8607,98.07,49.03,0.1368,0.03482047797156515,0.022406363389578653,0.95794
19,83,6,2,1,1,Poor,0.8607,98.07,49.03,0.1368,0.03482047797156515,0.022406363389578653,0.969115
20,116,8,1,1,1,Excellent,0.9966,8.72,4.36,0.0079,0.001,0.0016511638184006205,0.920052
20,116,8,1,1,1,Excellent,0.9966,8.72,4.36,0.0079,0.001,0.0016511638184006205,0.930489
6,38,8,2,2,2,Average,0.9611,31.67,15.83,0.0438,0.009729289926321966,0.01142500646062985,0.949758
6,38,8,2,2,2,Average,0.9611,31.67,15.83,0.0438,0.009729289926321966,0.01142500646062985,0.956832
15,77,7,1,1,1,Poor,0.8868,72.13,36.06,0.1175,0.028312392653444235,0.023096188176697882,0.922808
15,77,7,1,1,1,Poor,0.8868,72.13,36.06,0.1175,0.028312392653444235,0.023096188176697882,0.931487
20,63,5,1,1,1,Average,0.9549,27.37,13.68,0.0406,0.011281739637494292,0.013555289232926171,0.957062
20,63,5,1,1,1,Average,0.9549,27.37,13.68,0.0406,0.011281739637494292,0.013555289232926171,0.96868
16,92,8,2,1,1,Good,0.9846,15.03,7.52,0.0179,0.0038580907134733167,0.003231031362706333,0.923563
16,92,8,2,1,1,Good,0.9846,15.03,7.52,0.0179,0.0038580907134733167,0.003231031362706333,0.915376
13,47,6,1,1,1,Average,0.9582,43.24,21.62,0.0393,0.01044410545201821,0.010245603000811614,0.97578
13,47,6,1,1,1,Average,0.9582,43.24,21.62,0.0393,0.01044410545201821,0.010245603000811614,0.976543
17,43,4,2,2,2,Poor,0.9107,51.61,25.8,0.0888,0.022323006633142628,0.01507663557541888,0.993409
17,43,4,2,2,2,Poor,0.9107,51.61,25.8,0.0888,0.022323006633142628,0.01507663557541888,0.99325
19,60,6,3,3,3,Average,0.968,31.45,15.73,0.03,0.008007780351330263,0.013419047776377094,0.979772
19,60,6,3,3,3,Average,0.968,31.45,15.73,0.03,0.008007780351330263,0.013419047776377094,0.976511
21,56,5,2,0,0,Poor,0.9072,62.98,31.49,0.0921,0.02319831173758566,0.028710091886986668,0.985777
21,56,5,2,0,0,Poor,0.9072,62.98,31.49,0.0921,0.02319831173758566,0.028710091886986668,0.975284
8,35,7,2,1,1,Good,0.9692,11.77,5.89,0.0262,0.007701749050822965,0.006018235005072944,0.971118
8,35,7,2,1,1,Good,0.9692,11.77,5.89,0.0262,0.007701749050822965,0.006018235005072944,0.961648
18,76,8,2,2,2,Average,0.947,49.37,24.69,0.052,0.01324055305578642,0.011021667582449737,0.91172
18,76,8,2,2,2,Average,0.947,49.37,24.69,0.052,0.01324055305578642,0.011021667582449737,0.924076
13,95,8,1,1,1,Good,0.9878,12.17,6.08,0.0126,0.0030455906181447445,0.005858595124337753,0.936973
13,95,8,1,1,1,Good,0.9878,12.17,6.08,0.0126,0.0030455906181447445,0.005858595124337753,0.939305
13,28,4,2,2,2,Average,0.9736,29.47,14.73,0.03,0.00659671994000241,0.00833880219376808,0.982694
13,28,4,2,2,2,Average,0.9736,29.47,14.73,0.03,0.00659671994000241,0.00833880219376808,0.989733
21,88,6,1,0,0,Good,0.9947,17.9,8.95,0.0102,0.0013290131899692803,0.006537110210393864,0.976313
21,88,6,1,0,0,Good,0.9947,17.9,8.95,0.0102,0.0013290131899692803,0.006537110210393864,0.973193
17,61,6,2,1,1,Poor,0.8908,54.73,27.37,0.1134,0.027311492774008933,0.02338404860959936,0.943235
17,61,6,2,1,1,Poor,0.8908,54.73,27.37,0.1134,0.027311492774008933,0.02338404860959936,0.948844
8,38,7,1,0,0,Average,0.9353,38.23,19.11,0.0608,0.01616741378091091,0.014306778335641139,0.946266
8,38,7,1,0,0,Average,0.9353,38.23,19.11,0.0608,0.01616741378091091,0.014306778335641139,0.952881
7,27,6,1,1,1,Average,0.9487,30.08,15.04,0.053,0.012826260580990012,0.012917560089263879,0.961752
7,27,6,1,1,1,Average,0.9487,30.08,15.04,0.053,0.012826260580990012,0.012917560089263879,0.957151
13,57,8,2,1,1,Poor,0.9228,76.61,38.31,0.0765,0.019296929654076256,0.024903964418074687,0.904251
13,57,8,2,1,1,Poor,0.9228,76.61,38.31,0.0765,0.019296929654076256,0.024903964418074687,0.888778
21,51,4,2,2,2,Excellent,0.9947,7.68,3.84,0.0064,0.0013292267241192812,0.0012952062874651796,0.99634
21,51,4,2,2,2,Excellent,0.9947,7.68,3.84,0.0064,0.0013292267241192812,0.0012952062874651796,0.994409
11,34,5,1,1,1,Average,0.9353,20.52,10.26,0.0667,0.016179103880109263,0.011801300550852087,0.982091
11,34,5,1,1,1,Average,0.9353,20.52,10.26,0.0667,0.016179103880109263,0.011801300550852087,0.985405
10,24,4,1,1,1,Good,0.9898,12.08,6.04,0.0128,0.002546470462414213,0.004117794143452867,0.994533
10,24,4,1,1,1,Good,0.9898,12.08,6.04,0.0128,0.002546470462414213,0.004117794143452867,0.995499
11,48,6,2,2,2,Good,0.9762,10.42,5.21,0.0274,0.005958655534542279,0.006233474590336872,0.983268
11,48,6,2,2,2,Good,0.9762,10.42,5.21,0.0274,0.005958655534542279,0.006233474590336872,0.97398
7,20,4,1,1,1,Good,0.9808,14.78,7.39,0.0235,0.004792027924529596,0.004884738609076342,0.992854
7,20,4,1,1,1,Good,0.9808,14.78,7.39,0.0235,0.004792027924529596,0.004884738609076342,0.991045
17,56,6,1,0,0,Poor,0.8945,57.72,28.86,0.1059,0.026377063599083372,0.02082989779108314,0.953193
17,56,6,1,0,0,Poor,0.8945,57.72,28.86,0.1059,0.026377063599083372,0.02082989779108314,0.973944
19,61,5,3,1,1,Good,0.9812,17.21,8.6,0.023,0.004706207633010301,0.006978709321866324,0.988115
19,61,5,3,1,1,Good,0.9812,17.21,8.6,0.023,0.004706207633010301,0.006978709321866324,0.993844
17,80,8,2,2,2,Excellent,0.991,7.15,3.57,0.0049,0.0022427105811565484,0.0012203348445576378,0.909763
17,80,8,2,2,2,Excellent,0.991,7.15,3.57,0.0049,0.0022427105811565484,0.0012203348445576378,0.917364
19,90,8,1,0,0,Excellent,0.9952,9.16,4.58,0.0006,0.001204008993559047,0.001242877612519643,0.927036
19,90,8,1,0,0,Excellent,0.9952,9.16,4.58,0.0006,0.001204008993559047,0.001242877612519643,0.900881
13,42,5,1,1,1,Good,0.9849,11.96,5.98,0.0136,0.0037676051271217925,0.006499266557262538,0.987328
13,42,5,1,1,1,Good,0.9849,11.96,5.98,0.0136,0.0037676051271217925,0.006499266557262538,0.982017
10,44,8,2,2,2,Excellent,0.9946,7.15,3.57,0.0015,0.0013390532774934238,0.0015689778747557718,0.991974
10,44,8,2,2,2,Excellent,0.9946,7.15,3.57,0.0015,0.0013390532774934238,0.0015689778747557718,0.98541
19,60,6,3,2,2,Excellent,0.9932,9.23,4.61,0.0088,0.0016939510814058256,0.0022665317223628974,0.975611
19,60,6,3,2,2,Excellent,0.9932,9.23,4.61,0.0088,0.0016939510814058256,0.0022665317223628974,0.989141
18,80,8,3,2,2,Excellent,0.9948,9.83,4.92,0.0036,0.001288825699455376,0.0011781074712440699,0.929655
18,80,8,3,2,2,Excellent,0.9948,9.83,4.92,0.0036,0.001288825699455376,0.0011781074712440699,0.920736
14,71,7,2,1,1,Excellent,0.9938,9.71,4.85,0.0089,0.0015531936761637721,0.001506345186458659,0.974595
14,71,7,2,1,1,Excellent,0.9938,9.71,4.85,0.0089,0.0015531936761637721,0.001506345186458659,0.971612
7,31,7,1,0,0,Excellent,0.991,8.46,4.23,0.005,0.002243390784606003,0.0010762821108764758,0.974516
7,31,7,1,0,0,Excellent,0.991,8.46,4.23,0.005,0.002243390784606003,0.0010762821108764758,0.977942
13,67,8,2,1,1,Average,0.9548,32.75,16.37,0.043,0.011305609205521816,0.014002252480530556,0.919086
13,67,8,2,1,1,Average,0.9548,32.75,16.37,0.043,0.011305609205521816,0.014002252480530556,0.921471
18,38,4,3,3,3,Excellent,0.9943,7.95,3.98,0.0081,0.0014283815308888947,0.0026572687463265908,0.99516
18,38,4,3,3,3,Excellent,0.9943,7.95,3.98,0.0081,0.0014283815308888947,0.0026572687463265908,0.995116
14,51,7,1,1,1,Average,0.9434,31.95,15.98,0.0538,0.014140113676819027,0.011945901133875735,0.95618
14,51,7,1,1,1,Average,0.9434,31.95,15.98,0.0538,0.014140113676819027,0.011945901133875735,0.956329
17,77,8,1,0,0,Excellent,1.0034,7.44,3.72,0.0014,0.001,0.0011563480690874024,0.922687
17,77,8,1,0,0,Excellent,1.0034,7.44,3.72,0.0014,0.001,0.0011563480690874024,0.932629
17,62,6,2,2,2,Poor,0.8497,96.5,48.25,0.1497,0.03757860150740741,0.021466176753395225,0.964154
17,62,6,2,2,2,Poor,0.8497,96.5,48.25,0.1497,0.03757860150740741,0.021466176753395225,0.967703
12,42,6,2,0,0,Average,0.9409,33.62,16.81,0.0601,0.014765443643118492,0.014025097823176992,0.974906
12,42,6,2,0,0,Average,0.9409,33.62,16.81,0.0601,0.014765443643118492,0.014025097823176992,0.976661
12,41,6,3,2,2,Excellent,0.9953,5.48,2.74,0.0094,0.0011774081284364746,0.0019907381257263414,0.989359
12,41,6,3,2,2,Excellent,0.9953,5.48,2.74,0.0094,0.0011774081284364746,0.0019907381257263414,0.994847
18,79,8,3,1,1,Excellent,0.9992,7.35,3.67,0.0029,0.001,0.002780274011474142,0.961117
18,79,8,3,1,1,Excellent,0.9992,7.35,3.67,0.0029,0.001,0.002780274011474142,0.96013
18,50,5,2,1,1,Good,0.98,16.09,8.04,0.0189,0.005009740718264627,0.0034838387894199777,0.99418
18,50,5,2,1,1,Good,0.98,16.09,8.04,0.0189,0.005009740718264627,0.0034838387894199777,0.988139
18,63,7,1,0,0,Good,0.9786,17.69,8.84,0.0208,0.00536225080099248,0.006071974700380593,0.946138
18,63,7,1,0,0,Good,0.9786,17.69,8.84,0.0208,0.00536225080099248,0.006071974700380593,0.942579
18,64,6,1,1,1,Poor,0.9253,74.16,37.08,0.0737,0.018679870974829593,0.020677183735080207,0.941632
18,64,6,1,1,1,Poor,0.9253,74.16,37.08,0.0737,0.018679870974829593,0.020677183735080207,0.948589
21,79,7,3,2,2,Average,0.9661,21.34,10.67,0.0325,0.008469247590108309,0.014478053957059403,0.945989
21,79,7,3,2,2,Average,0.9661,21.34,10.67,0.0325,0.008469247590108309,0.014478053957059403,0.955496
11,36,6,1,0,0,Good,0.9856,13.4,6.7,0.0168,0.003600926534558263,0.006324569285924628,0.974305
11,36,6,1,0,0,Good,0.9856,13.4,6.7,0.0168,0.003600926534558263,0.006324569285924628,0.980084
16,37,4,5,1,1,Average,0.9344,38.01,19.0,0.0651,0.016404160374222737,0.007864003918288084,0.992911
16,37,4,5,1,1,Average,0.9344,38.01,19.0,0.0651,0.016404160374222737,0.007864003918288084,0.992944
16,49,4,1,1,1,Good,0.9851,10.08,5.04,0.0172,0.003719525242583649,0.003910647282912074,0.996705
16,49,4,1,1,1,Good,0.9851,10.08,5.04,0.0172,0.003719525242583649,0.003910647282912074,0.995166
9,34,5,1,0,0,Average,0.9517,31.14,15.57,0.0465,0.012063621197901914,0.014685439457256855,0.990817
9,34,5,1,0,0,Average,0.9517,31.14,15.57,0.0465,0.012063621197901914,0.014685439457256855,0.99233
13,61,8,3,2,2,Average,0.9566,39.92,19.96,0.0397,0.010854815540315421,0.012742627722686996,0.916991
13,61,8,3,2,2,Average,0.9566,39.92,19.96,0.0397,0.010854815540315421,0.012742627722686996,0.928867
6,22,4,1,1,1,Excellent,0.9916,9.42,4.71,0.0092,0.0021067614407709323,0.0028328343668303354,0.994104
6,22,4,1,1,1,Excellent,0.9916,9.42,4.71,0.0092,0.0021067614407709323,0.0028328343668303354,0.995248
8,33,6,1,1,1,Average,0.9381,45.86,22.93,0.0623,0.015478834261878377,0.013320144741861672,0.980431
8,33,6,1,1,1,Average,0.9381,45.86,22.93,0.0623,0.015478834261878377,0.013320144741861672,0.977581
13,81,8,1,1,1,Average,0.935,40.84,20.42,0.062,0.016261500841967064,0.013742642500112957,0.92535
13,81,8,1,1,1,Average,0.935,40.84,20.42,0.062,0.016261500841967064,0.013742642500112957,0.930334
21,123,7,1,1,1,Good,0.9865,16.89,8.45,0.0161,0.0033778720710739008,0.00338667547488124,0.967864
21,123,7,1,1,1,Good,0.9865,16.89,8.45,0.0161,0.0033778720710739008,0.00338667547488124,0.966213
10,47,8,3,2,2,Good,0.9846,10.93,5.46,0.0198,0.0038596250802198084,0.006461975505395404,0.967082
10,47,8,3,2,2,Good,0.9846,10.93,5.46,0.0198,0.0038596250802198084,0.006461975505395404,0.964162
9,59,8,1,1,1,Excellent,0.9926,9.8,4.9,0.008,0.001842890964787458,0.0013012076148616577,0.941791
9,59,8,1,1,1,Excellent,0.9926,9.8,4.9,0.008,0.001842890964787458,0.0013012076148616577,0.937671
19,87,7,4,3,3,Good,0.9825,16.79,8.4,0.0172,0.004374430990893602,0.006889615067310356,0.961434
19,87,7,4,3,3,Good,0.9825,16.79,8.4,0.0172,0.004374430990893602,0.006889615067310356,0.954259
12,57,7,2,1,1,Average,0.9284,35.07,17.53,0.068,0.017894237003053065,0.012991883501839364,0.95633
12,57,7,2,1,1,Average,0.9284,35.07,17.53,0.068,0.017894237003053065,0.012991883501839364,0.958652
16,46,5,3,3,3,Excellent,0.9956,5.34,2.67,0.0047,0.0010988861190236177,0.0021141973995749213,0.991803
16,46,5,3,3,3,Excellent,0.9956,5.34,2.67,0.0047,0.0010988861190236177,0.0021141973995749213,0.993104
7,32,6,1,1,1,Good,0.9832,12.52,6.26,0.0173,0.004192569530095641,0.005109069442352292,0.988426
7,32,6,1,1,1,Good,0.9832,12.52,6.26,0.0173,0.004192569530095641,0.005109069442352292,0.991459
21,104,8,3,1,1,Good,0.9837,10.07,5.04,0.0152,0.0040682036692266665,0.0047405926996377384,0.891595
21,104,8,3,1,1,Good,0.9837,10.07,5.04,0.0152,0.0040682036692266665,0.0047405926996377384,0.928701
21,93,8,4,2,2,Average,0.9422,29.63,14.81,0.0579,0.014461582244642779,0.007632243437943395,0.931758
21,93,8,4,2,2,Average,0.9422,29.63,14.81,0.0579,0.014461582244642779,0.007632243437943395,0.911045
7,22,5,1,0,0,Poor,0.9276,65.67,32.84,0.0758,0.01809009435867079,0.0182272220086436,0.979712
7,22,5,1,0,0,Poor,0.9276,65.67,32.84,0.0758,0.01809009435867079,0.0182272220086436,0.979782
17,58,7,1,1,1,Good,0.9766,11.03,5.51,0.0255,0.005862308132720484,0.004584529761326152,0.958705
17,58,7,1,1,1,Good,0.9766,11.03,5.51,0.0255,0.005862308132720484,0.004584529761326152,0.960063
17,84,6,1,1,1,Poor,0.8526,65.59,32.8,0.1445,0.03684763548092557,0.023927387795861434,0.918233
17,84,6,1,1,1,Poor,0.8526,65.59,32.8,0.1445,0.03684763548092557,0.023927387795861434,0.919789
9,28,4,1,1,1,Average,0.9411,26.8,13.4,0.0627,0.014718968266537957,0.013283928011693263,0.994478
9,28,4,1,1,1,Average,0.9411,26.8,13.4,0.0627,0.014718968266537957,0.013283928011693263,0.994402
11,49,7,2,1,1,Poor,0.8885,92.1,46.05,0.1074,0.02786747625475325,0.026250079130274218,0.860993
11,49,7,2,1,1,Poor,0.8885,92.1,46.05,0.1074,0.02786747625475325,0.026250079130274218,0.865922
15,51,5,3,2,2,Good,0.978,12.94,6.47,0.022,0.00550794126158588,0.005955571762068252,0.993316
15,51,5,3,2,2,Good,0.978,12.94,6.47,0.022,0.00550794126158588,0.005955571762068252,0.98704
17,81,8,1,0,0,Poor,0.8715,81.34,40.67,0.1287,0.032114502279812024,0.016384804379701932,0.906315
17,81,8,1,0,0,Poor,0.8715,81.34,40.67,0.1287,0.032114502279812024,0.016384804379701932,0.916287
14,51,7,2,0,0,Good,0.9676,14.56,7.28,0.0296,0.008089176869423204,0.0035102543083144486,0.962035
14,51,7,2,0,0,Good,0.9676,14.56,7.28,0.0296,0.008089176869423204,0.0035102543083144486,0.956726
11,38,5,1,0,0,Good,0.9841,18.71,9.35,0.0164,0.003965595504029112,0.006717515792841601,0.994632
11,38,5,1,0,0,Good,0.9841,18.71,9.35,0.0164,0.003965595504029112,0.006717515792841601,0.991335
6,26,7,1,1,1,Average,0.9474,33.51,16.76,0.0574,0.013156222126603861,0.012854686673986964,0.889652
6,26,7,1,1,1,Average,0.9474,33.51,16.76,0.0574,0.013156222126603861,0.012854686673986964,0.898533
20,79,7,2,1,1,Average,0.941,33.79,16.9,0.0589,0.014739646989445632,0.007051021484079515,0.93525
20,79,7,2,1,1,Average,0.941,33.79,16.9,0.0589,0.014739646989445632,0.007051021484079515,0.939417
13,39,4,2,2,2,Poor,0.866,69.25,34.62,0.1388,0.0334875286225568,0.02029878363783099,0.992891
13,39,4,2,2,2,Poor,0.866,69.25,34.62,0.1388,0.0334875286225568,0.02029878363783099,0.994153
10,64,8,2,1,1,Excellent,1.0001,9.33,4.66,0.0018,0.001,0.0020775321442940697,0.938472
10,64,8,2,1,1,Excellent,1.0001,9.33,4.66,0.0018,0.001,0.0020775321442940697,0.944728
19,85,8,2,0,0,Good,0.9768,14.81,7.4,0.0258,0.005794287083350391,0.0035346531995136044,0.921415
19,85,8,2,0,0,Good,0.9768,14.81,7.4,0.0258,0.005794287083350391,0.0035346531995136044,0.907255
12,58,6,1,1,1,Good,0.9878,11.98,5.99,0.0102,0.003057056201448638,0.006116990547184741,0.986012
12,58,6,1,1,1,Good,0.9878,11.98,5.99,0.0102,0.003057056201448638,0.006116990547184741,0.981619
19,127,8,1,0,0,Good,0.9883,16.62,8.31,0.0107,0.002927679203439143,0.005640531568724583,0.929709
19,127,8,1,0,0,Good,0.9883,16.62,8.31,0.0107,0.002927679203439143,0.005640531568724583,0.903098
7,40,7,1,0,0,Average,0.9264,36.29,18.15,0.0695,0.018399118850841167,0.008619076565049559,0.972773
7,40,7,1,0,0,Average,0.9264,36.29,18.15,0.0695,0.018399118850841167,0.008619076565049559,0.967488
14,69,6,2,1,1,Excellent,0.9929,5.56,2.78,0.0052,0.001778919616274105,0.002720427167390846,0.977237
14,69,6,2,1,1,Excellent,0.9929,5.56,2.78,0.0052,0.001778919616274105,0.002720427167390846,0.978722
17,89,7,1,1,1,Excellent,0.9936,5.77,2.89,0.0026,0.001607591419522214,0.0027458363531350886,0.95798
17,89,7,1,1,1,Excellent,0.9936,5.77,2.89,0.0026,0.001607591419522214,0.0027458363531350886,0.962901
6,34,7,1,1,1,Average,0.9382,36.77,18.39,0.059,0.015444567128318987,0.010010118082309977,0.974983
6,34,7,1,1,1,Average,0.9382,36.77,18.39,0.059,0.015444567128318987,0.010010118082309977,0.976394
19,43,4,2,2,2,Average,0.9354,37.38,18.69,0.067,0.016161880632133252,0.013562141987829499,0.995952
19,43,4,2,2,2,Average,0.9354,37.38,18.69,0.067,0.016161880632133252,0.013562141987829499,0.995945
12,58,7,1,0,0,Excellent,0.9884,6.04,3.02,0.0085,0.00289937893861017,0.0023786949574034965,0.963863
12,58,7,1,0,0,Excellent,0.9884,6.04,3.02,0.0085,0.00289937893861017,0.0023786949574034965,0.958451
21,84,6,5,2,2,Good,0.981,14.89,7.44,0.0192,0.004756913042868849,0.00490496377611506,0.968321
21,84,6,5,2,2,Good,0.981,14.89,7.44,0.0192,0.004756913042868849,0.00490496377611506,0.977714
8,29,6,1,1,1,Poor,0.8832,62.84,31.42,0.1176,0.029200245425808125,0.018300882291916357,0.933464
8,29,6,1,1,1,Poor,0.8832,62.84,31.42,0.1176,0.029200245425808125,0.018300882291916357,0.927946
19,68,5,3,3,3,Poor,0.9157,92.75,46.37,0.0854,0.021070258188935737,0.015194790923548137,0.934125
19,68,5,3,3,3,Poor,0.9157,92.75,46.37,0.0854,0.021070258188935737,0.015194790923548137,0.927933
9,57,8,1,1,1,Average,0.9294,29.24,14.62,0.0687,0.017650629537512202,0.008467429444157109,0.921899
9,57,8,1,1,1,Average,0.9294,29.24,14.62,0.0687,0.017650629537512202,0.008467429444157109,0.908513
19,54,5,2,0,0,Average,0.9595,34.98,17.49,0.0363,0.01012637421062243,0.014942582940162784,0.966717
19,54,5,2,0,0,Average,0.9595,34.98,17.49,0.0363,0.01012637421062243,0.014942582940162784,0.982834
18,93,8,2,1,1,Excellent,0.9993,9.0,4.5,0.0038,0.001,0.0026466283090425917,0.935077
18,93,8,2,1,1,Excellent,0.9993,9.0,4.5,0.0038,0.001,0.0026466283090425917,0.925432
8,28,6,1,1,1,Average,0.9511,49.44,24.72,0.0492,0.012236286871791013,0.014377100171253755,0.937125
8,28,6,1,1,1,Average,0.9511,49.44,24.72,0.0492,0.012236286871791013,0.014377100171253755,0.941917
20,122,7,2,2,2,Poor,0.911,73.09,36.54,0.0885,0.022243102303060314,0.029667124230776255,0.949788
20,122,7,2,2,2,Poor,0.911,73.09,36.54,0.0885,0.022243102303060314,0.029667124230776255,0.941762
18,77,8,2,1,1,Excellent,0.9951,5.23,2.61,0.0018,0.001218884704701717,0.0013624085252336919,0.928176
18,77,8,2,1,1,Excellent,0.9951,5.23,2.61,0.0018,0.001218884704701717,0.0013624085252336919,0.92464
13,42,6,1,1,1,Good,0.9787,10.57,5.29,0.0202,0.005327201262661507,0.005263616127933017,0.984079
13,42,6,1,1,1,Good,0.9787,10.57,5.29,0.0202,0.005327201262661507,0.005263616127933017,0.979027
14,60,5,1,1,1,Average,0.9529,38.61,19.31,0.0488,0.011778291902877075,0.013023371854162465,0.975817
14,60,5,1,1,1,Average,0.9529,38.61,19.31,0.0488,0.011778291902877075,0.013023371854162465,0.987068
21,76,7,2,0,0,Good,0.9897,16.25,8.13,0.0137,0.002572703838539636,0.004654835164684127,0.951167
21,76,7,2,0,0,Good,0.9897,16.25,8.13,0.0137,0.002572703838539636,0.004654835164684127,0.963485
16,85,8,2,1,1,Poor,0.8786,75.42,37.71,0.125,0.03033848940669512,0.025300007225978784,0.895975
16,85,8,2,1,1,Poor,0.8786,75.42,37.71,0.125,0.03033848940669512,0.025300007225978784,0.884902
8,32,7,2,0,0,Excellent,0.9965,9.64,4.82,0.0052,0.001,0.001948565486080446,0.991523
8,32,7,2,0,0,Excellent,0.9965,9.64,4.82,0.0052,0.001,0.001948565486080446,0.988658
15,102,7,1,1,1,Good,0.9766,19.49,9.74,0.0283,0.005846880162762497,0.0046428881071152285,0.957576
15,102,7,1,1,1,Good,0.9766,19.49,9.74,0.0283,0.005846880162762497,0.0046428881071152285,0.957589
21,78,6,1,1,1,Excellent,0.9979,5.84,2.92,0.002,0.001,0.0026793142332553065,0.978093
21,78,6,1,1,1,Excellent,0.9979,5.84,2.92,0.002,0.001,0.0026793142332553065,0.981579
17,76,7,1,1,1,Poor,0.8685,90.42,45.21,0.1339,0.03288154376253344,0.02277363890161177,0.918571
17,76,7,1,1,1,Poor,0.8685,90.42,45.21,0.1339,0.03288154376253344,0.02277363890161177,0.918604
14,100,8,1,1,1,Average,0.9387,49.17,24.59,0.0598,0.01532363939955167,0.013735674359104461,0.941491
14,100,8,1,1,1,Average,0.9387,49.17,24.59,0.0598,0.01532363939955167,0.013735674359104461,0.938642
17,37,4,2,1,1,Good,0.9881,14.43,7.21,0.0134,0.002979631632482105,0.005236632785945387,0.99594
17,37,4,2,1,1,Good,0.9881,14.43,7.21,0.0134,0.002979631632482105,0.005236632785945387,0.988923
13,52,6,3,3,3,Average,0.9683,29.98,14.99,0.0311,0.007917539889800623,0.01351793273385749,0.971713
13,52,6,3,3,3,Average,0.9683,29.98,14.99,0.0311,0.007917539889800623,0.01351793273385749,0.969427
7,24,6,2,0,0,Poor,0.9004,76.25,38.12,0.1,0.024911710612860766,0.01798082490221379,0.978821
7,24,6,2,0,0,Poor,0.9004,76.25,38.12,0.1,0.024911710612860766,0.01798082490221379,0.974494
17,76,8,1,0,0,Poor,0.9161,79.02,39.51,0.0849,0.020962687295899896,0.0187151198171543,0.880312
17,76,8,1,0,0,Poor,0.9161,79.02,39.51,0.0849,0.020962687295899896,0.0187151198171543,0.851066
18,86,8,3,2,2,Average,0.951,49.28,24.64,0.051,0.012257048045337088,0.009213570166314985,0.905679
18,86,8,3,2,2,Average,0.951,49.28,24.64,0.051,0.012257048045337088,0.009213570166314985,0.909364
19,84,5,1,1,1,Average,0.9347,35.5,17.75,0.0648,0.016313603883613137,0.011651407207958774,0.995034
19,84,5,1,1,1,Average,0.9347,35.5,17.75,0.0648,0.016313603883613137,0.011651407207958774,0.990494
12,50,5,1,1,1,Average,0.9528,47.74,23.87,0.0487,0.011803493997035341,0.009131822984913406,0.991145
12,50,5,1,1,1,Average,0.9528,47.74,23.87,0.0487,0.011803493997035341,0.009131822984913406,0.983176
19,80,7,2,0,0,Excellent,0.996,6.24,3.12,0.0085,0.001,0.0028068579060687485,0.957524
19,80,7,2,0,0,Excellent,0.996,6.24,3.12,0.0085,0.001,0.0028068579060687485,0.960713
10,39,6,3,1,1,Excellent,0.9903,8.54,4.27,0.0076,0.002435571863453917,0.002631432966438171,0.987258
10,39,6,3,1,1,Excellent,0.9903,8.54,4.27,0.0076,0.002435571863453917,0.002631432966438171,0.983689
8,23,4,1,1,1,Excellent,0.9906,5.9,2.95,0.0049,0.002360781001919332,0.002608388044436573,0.994942
8,23,4,1,1,1,Excellent,0.9906,5.9,2.95,0.0049,0.002360781001919332,0.002608388044436573,0.995528
18,41,4,2,2,2,Average,0.9633,49.3,24.65,0.0405,0.009170827603081494,0.010806212578164427,0.980525
18,41,4,2,2,2,Average,0.9633,49.3,24.65,0.0405,0.009170827603081494,0.010806212578164427,0.970287
14,73,6,1,1,1,Good,0.9826,18.89,9.45,0.0189,0.0043476841850805525,0.0040783665390555415,0.984167
14,73,6,1,1,1,Good,0.9826,18.89,9.45,0.0189,0.0043476841850805525,0.0040783665390555415,0.985422
12,48,7,2,0,0,Average,0.9361,20.69,10.34,0.0623,0.015975773501702706,0.013059209511788726,0.963287
12,48,7,2,0,0,Average,0.9361,20.69,10.34,0.0623,0.015975773501702706,0.013059209511788726,0.963061
19,72,5,2,2,2,Excellent,0.9976,5.93,2.96,0.0047,0.001,0.002721434809682628,0.991667
19,72,5,2,2,2,Excellent,0.9976,5.93,2.96,0.0047,0.001,0.002721434809682628,0.992803
16,60,7,5,3,3,Poor,0.921,87.81,43.91,0.0748,0.01974626025577214,0.02769207849140866,0.936517
16,60,7,5,3,3,Poor,0.921,87.81,43.91,0.0748,0.01974626025577214,0.02769207849140866,0.947885
11,35,5,1,1,1,Good,0.978,18.83,9.42,0.018,0.005508502032275986,0.003873685585557978,0.989999
11,35,5,1,1,1,Good,0.978,18.83,9.42,0.018,0.005508502032275986,0.003873685585557978,0.986721
10,22,4,2,2,2,Good,0.9859,14.92,7.46,0.0151,0.003522213885248149,0.005352998778847375,0.992893
10,22,4,2,2,2,Good,0.9859,14.92,7.46,0.0151,0.003522213885248149,0.005352998778847375,0.991085
19,67,7,5,3,3,Poor,0.8567,50.45,25.22,0.1433,0.03582076729776129,0.029688168839928628,0.921964
19,67,7,5,3,3,Poor,0.8567,50.45,25.22,0.1433,0.03582076729776129,0.029688168839928628,0.921765
18,38,4,1,0,0,Average,0.9681,23.57,11.79,0.0312,0.007981335185605148,0.007326633542535184,0.993818
18,38,4,1,0,0,Average,0.9681,23.57,11.79,0.0312,0.007981335185605148,0.007326633542535184,0.990698
14,60,7,2,2,2,Good,0.9856,18.06,9.03,0.0146,0.0035961285916563945,0.006075080166794932,0.967243
14,60,7,2,2,2,Good,0.9856,18.06,9.03,0.0146,0.0035961285916563945,0.006075080166794932,0.959444
12,41,7,1,1,1,Poor,0.9016,96.48,48.24,0.0963,0.024609394289355213,0.025175900795374684,0.931027
12,41,7,1,1,1,Poor,0.9016,96.48,48.24,0.0963,0.024609394289355213,0.025175900795374684,0.928623
10,44,8,1,1,1,Poor,0.9205,59.24,29.62,0.0746,0.019880387312277592,0.016765261314832195,0.882497
10,44,8,1,1,1,Poor,0.9205,59.24,29.62,0.0746,0.019880387312277592,0.016765261314832195,0.882894
13,55,7,1,1,1,Poor,0.9119,90.18,45.09,0.0905,0.022028183769759013,0.01624060631856575,0.950992
13,55,7,1,1,1,Poor,0.9119,90.18,45.09,0.0905,0.022028183769759013,0.01624060631856575,0.934636
16,70,7,1,0,0,Average,0.9341,48.44,24.22,0.0698,0.016466578525061865,0.011406607124922766,0.932643
16,70,7,1,0,0,Average,0.9341,48.44,24.22,0.0698,0.016466578525061865,0.011406607124922766,0.929539
16,68,8,3,3,3,Good,0.9748,10.24,5.12,0.0299,0.006299946471057166,0.003134697272216309,0.939419
16,68,8,3,3,3,Good,0.9748,10.24,5.12,0.0299,0.006299946471057166,0.003134697272216309,0.927299
19,60,6,3,3,3,Excellent,0.9883,9.22,4.61,0.0082,0.0029258342817230776,0.0022386275622992887,0.977661
19,60,6,3,3,3,Excellent,0.9883,9.22,4.61,0.0082,0.0029258342817230776,0.0022386275622992887,0.976709
7,18,5,2,1,1,Good,0.9793,16.07,8.04,0.022,0.005184456499565143,0.004524389600629617,0.984031
7,18,5,2,1,1,Good,0.9793,16.07,8.04,0.022,0.005184456499565143,0.004524389600629617,0.985692
17,74,7,2,2,2,Average,0.9262,49.07,24.54,0.0691,0.018461336019246544,0.011777936973730746,0.956376
17,74,7,2,2,2,Average,0.9262,49.07,24.54,0.0691,0.018461336019246544,0.011777936973730746,0.957053
14,49,6,3,2,2,Excellent,0.9903,9.02,4.51,0.0068,0.0024353424001209434,0.0013267048005127311,0.981882
14,49,6,3,2,2,Excellent,0.9903,9.02,4.51,0.0068,0.0024353424001209434,0.0013267048005127311,0.982331
17,77,8,2,2,2,Good,0.9687,10.93,5.47,0.0295,0.007816066105633818,0.00308796659982819,0.916274
17,77,8,2,2,2,Good,0.9687,10.93,5.47,0.0295,0.007816066105633818,0.00308796659982819,0.915282
12,53,5,1,1,1,Excellent,0.9967,8.32,4.16,0.0053,0.001,0.0025161270349727625,0.993998
12,53,5,1,1,1,Excellent,0.9967,8.32,4.16,0.0053,0.001,0.0025161270349727625,0.991577
10,43,7,5,3,3,Excellent,0.9941,6.5,3.25,0.0087,0.0014818103319281517,0.0010650653476508773,0.958888
10,43,7,5,3,3,Excellent,0.9941,6.5,3.25,0.0087,0.0014818103319281517,0.0010650653476508773,0.953819
15,73,6,2,1,1,Average,0.9615,41.26,20.63,0.0387,0.009634631970933977,0.010547720119743774,0.974294
15,73,6,2,1,1,Average,0.9615,41.26,20.63,0.0387,0.009634631970933977,0.010547720119743774,0.974443
20,103,7,3,1,1,Good,0.982,15.87,7.93,0.0205,0.00450600323699385,0.004083580995530715,0.966664
20,103,7,3,1,1,Good,0.982,15.87,7.93,0.0205,0.00450600323699385,0.004083580995530715,0.958567
16,61,6,1,1,1,Good,0.9915,15.26,7.63,0.0121,0.0021298365977564793,0.005143136476183356,0.984161
16,61,6,1,1,1,Good,0.9915,15.26,7.63,0.0121,0.0021298365977564793,0.005143136476183356,0.982091
10,51,7,2,1,1,Good,0.972,17.65,8.82,0.0274,0.007010221934772437,0.004097951258777136,0.961978
10,51,7,2,1,1,Good,0.972,17.65,8.82,0.0274,0.007010221934772437,0.004097951258777136,0.953008
16,35,4,1,1,1,Good,0.9824,18.71,9.35,0.0173,0.004408053692569608,0.004675210856616653,0.99591
16,35,4,1,1,1,Good,0.9824,18.71,9.35,0.0173,0.004408053692569608,0.004675210856616653,0.995959
7,34,8,1,1,1,Good,0.9805,10.54,5.27,0.0203,0.004878541283768523,0.005911723307571404,0.966829
7,34,8,1,1,1,Good,0.9805,10.54,5.27,0.0203,0.004878541283768523,0.005911723307571404,0.971687
16,87,8,1,0,0,Average,0.9488,27.85,13.93,0.0501,0.012798878153983811,0.012401657032919362,0.932138
16,87,8,1,0,0,Average,0.9488,27.85,13.93,0.0501,0.012798878153983811,0.012401657032919362,0.910244
6,30,6,1,0,0,Good,0.9864,16.54,8.27,0.0158,0.003410920734032291,0.003164284266153785,0.984682
6,30,6,1,0,0,Good,0.9864,16.54,8.27,0.0158,0.003410920734032291,0.003164284266153785,0.982167
6,29,6,1,1,1,Poor,0.9013,96.64,48.32,0.103,0.02468376396976721,0.02020004642574351,0.967593
6,29,6,1,1,1,Poor,0.9013,96.64,48.32,0.103,0.02468376396976721,0.02020004642574351,0.971261
16,53,6,2,0,0,Excellent,0.997,9.29,4.65,0.0051,0.001,0.0023280943356833368,0.980804
16,53,6,2,0,0,Excellent,0.997,9.29,4.65,0.0051,0.001,0.0023280943356833368,0.9833
20,124,7,2,1,1,Average,0.9388,29.0,14.5,0.0607,0.015296326609661265,0.010973222847805723,0.967722
20,124,7,2,1,1,Average,0.9388,29.0,14.5,0.0607,0.015296326609661265,0.010973222847805723,0.963887
14,88,7,1,1,1,Average,0.9606,37.23,18.62,0.0372,0.009839517019695876,0.01266431505188179,0.958432
14,88,7,1,1,1,Average,0.9606,37.23,18.62,0.0372,0.009839517019695876,0.01266431505188179,0.954994
20,91,8,3,2,2,Good,0.9784,18.52,9.26,0.0247,0.0054027191803263375,0.003993277742938027,0.913367
20,91,8,3,2,2,Good,0.9784,18.52,9.26,0.0247,0.0054027191803263375,0.003993277742938027,0.916812
7,36,8,1,0,0,Excellent,0.9966,7.47,3.73,0.0071,0.001,0.0027854146117596047,0.982232
7,36,8,1,0,0,Excellent,0.9966,7.47,3.73,0.0071,0.001,0.0027854146117596047,0.975856
15,64,8,5,2,2,Average,0.9401,37.08,18.54,0.0595,0.014967503152188477,0.009121212954641758,0.95831
15,64,8,5,2,2,Average,0.9401,37.08,18.54,0.0595,0.014967503152188477,0.009121212954641758,0.956306
10,39,7,2,2,2,Good,0.9824,16.78,8.39,0.0168,0.0044001618757321115,0.006381817236202328,0.980752
10,39,7,2,2,2,Good,0.9824,16.78,8.39,0.0168,0.0044001618757321115,0.006381817236202328,0.972034
17,72,6,3,0,0,Good,0.9861,13.44,6.72,0.0106,0.00347747102535767,0.004801612568823272,0.978602
17,72,6,3,0,0,Good,0.9861,13.44,6.72,0.0106,0.00347747102535767,0.004801612568823272,0.979772
6,32,8,3,2,2,Poor,0.8715,65.06,32.53,0.1326,0.032116602649225084,0.029785950014707838,0.867247
6,32,8,3,2,2,Poor,0.8715,65.06,32.53,0.1326,0.032116602649225084,0.029785950014707838,0.865969
18,96,7,1,1,1,Average,0.9653,25.92,12.96,0.0325,0.008669970090512541,0.00994254666259501,0.966751
18,96,7,1,1,1,Average,0.9653,25.92,12.96,0.0325,0.008669970090512541,0.00994254666259501,0.96575
16,36,4,3,3,3,Average,0.954,48.81,24.41,0.0435,0.011512250759311615,0.009318320414614212,0.994338
16,36,4,3,3,3,Average,0.954,48.81,24.41,0.0435,0.011512250759311615,0.009318320414614212,0.993734
16,72,6,1,1,1,Average,0.9425,47.71,23.85,0.0621,0.014368652973814372,0.010391701399809284,0.981359
16,72,6,1,1,1,Average,0.9425,47.71,23.85,0.0621,0.014368652973814372,0.010391701399809284,0.974595
19,99,7,1,1,1,Poor,0.888,75.45,37.72,0.1148,0.02800401633512631,0.020341820615376635,0.92121
19,99,7,1,1,1,Poor,0.888,75.45,37.72,0.1148,0.02800401633512631,0.020341820615376635,0.929615
15,38,4,1,1,1,Excellent,0.998,5.15,2.57,0.0042,0.001,0.001587406221045897,0.996935
15,38,4,1,1,1,Excellent,0.998,5.15,2.57,0.0042,0.001,0.001587406221045897,0.993352
16,96,8,1,0,0,Good,0.9752,10.93,5.47,0.0244,0.00619900734303705,0.0039260543651302915,0.917596
16,96,8,1,0,0,Good,0.9752,10.93,5.47,0.0244,0.00619900734303705,0.0039260543651302915,0.921524
18,73,7,1,1,1,Excellent,0.9985,8.89,4.45,0.0062,0.001,0.0027406809191192257,0.963283
18,73,7,1,1,1,Excellent,0.9985,8.89,4.45,0.0062,0.001,0.0027406809191192257,0.96322
17,87,8,3,1,1,Excellent,0.9984,9.9,4.95,0.0003,0.001,0.0025249434344748844,0.912297
17,87,8,3,1,1,Excellent,0.9984,9.9,4.95,0.0003,0.001,0.0025249434344748844,0.921335
18,57,5,2,2,2,Average,0.9425,21.45,10.73,0.0544,0.014386243320008346,0.012422926827285751,0.987936
18,57,5,2,2,2,Average,0.9425,21.45,10.73,0.0544,0.014386243320008346,0.012422926827285751,0.98827
19,93,8,3,3,3,Good,0.9932,15.0,7.5,0.0109,0.0016887069003180266,0.005662757744464612,0.924932
19,93,8,3,3,3,Good,0.9932,15.0,7.5,0.0109,0.0016887069003180266,0.005662757744464612,0.911491
20,55,5,4,3,3,Good,0.9657,19.44,9.72,0.0299,0.008564454975435953,0.00512918313190157,0.994608
20,55,5,4,3,3,Good,0.9657,19.44,9.72,0.0299,0.008564454975435953,0.00512918313190157,0.992787
15,64,5,1,0,0,Average,0.948,48.58,24.29,0.048,0.012999597626295711,0.013047368074191459,0.983603
15,64,5,1,0,0,Average,0.948,48.58,24.29,0.048,0.012999597626295711,0.013047368074191459,0.98506
19,78,7,5,3,3,Poor,0.8632,62.42,31.21,0.1406,0.03418770837300325,0.027065771311720596,0.850602
19,78,7,5,3,3,Poor,0.8632,62.42,31.21,0.1406,0.03418770837300325,0.027065771311720596,0.859972
15,50,5,2,1,1,Good,0.9798,17.43,8.71,0.0181,0.005043532874233925,0.004112376306918242,0.989737
15,50,5,2,1,1,Good,0.9798,17.43,8.71,0.0181,0.005043532874233925,0.004112376306918242,0.993757
15,61,7,1,1,1,Average,0.9612,45.45,22.72,0.0403,0.009705961445227174,0.008552995131402962,0.974768
15,61,7,1,1,1,Average,0.9612,45.45,22.72,0.0403,0.009705961445227174,0.008552995131402962,0.975127
21,80,5,1,1,1,Poor,0.8975,70.32,35.16,0.1054,0.025634627027434492,0.019908926358627135,0.972557
21,80,5,1,1,1,Poor,0.8975,70.32,35.16,0.1054,0.025634627027434492,0.019908926358627135,0.968636
21,46,4,1,0,0,Poor,0.9069,91.24,45.62,0.0942,0.023273594465377384,0.01753147102643923,0.9875
21,46,4,1,0,0,Poor,0.9069,91.24,45.62,0.0942,0.023273594465377384,0.01753147102643923,0.984018
15,33,4,3,2,2,Average,0.9504,31.52,15.76,0.0544,0.012391704210559601,0.011552293218171864,0.991035
15,33,4,3,2,2,Average,0.9504,31.52,15.76,0.0544,0.012391704210559601,0.011552293218171864,0.990908
19,78,6,1,1,1,Poor,0.9196,65.55,32.77,0.0815,0.02009582952202718,0.015153553665602398,0.947324
19,78,6,1,1,1,Poor,0.9196,65.55,32.77,0.0815,0.02009582952202718,0.015153553665602398,0.930129
8,40,8,2,1,1,Excellent,0.998,8.31,4.15,0.0054,0.001,0.0021530770030841573,0.953486
8,40,8,2,1,1,Excellent,0.998,8.31,4.15,0.0054,0.001,0.0021530770030841573,0.95934
13,50,5,2,2,2,Good,0.9752,12.66,6.33,0.0212,0.006207497432745096,0.006613263638390676,0.988425
13,50,5,2,2,2,Good,0.9752,12.66,6.33,0.0212,0.006207497432745096,0.006613263638390676,0.983474
20,60,5,1,1,1,Good,0.9786,12.3,6.15,0.0241,0.0053511680075182255,0.003212935029901518,0.992822
20,60,5,1,1,1,Good,0.9786,12.3,6.15,0.0241,0.0053511680075182255,0.003212935029901518,0.984868
18,94,8,2,1,1,Average,0.951,40.27,20.14,0.048,0.012245070319597484,0.013555567721491133,0.875486
18,94,8,2,1,1,Average,0.951,40.27,20.14,0.048,0.012245070319597484,0.013555567721491133,0.871085
18,114,8,2,2,2,Excellent,0.9921,5.27,2.64,0.0035,0.0019636446887179027,0.002469521345671485,0.934064
18,114,8,2,2,2,Excellent,0.9921,5.27,2.64,0.0035,0.0019636446887179027,0.002469521345671485,0.929832
21,120,7,1,1,1,Poor,0.9106,63.06,31.53,0.0904,0.02235482926035573,0.018222532976580618,0.94171
21,120,7,1,1,1,Poor,0.9106,63.06,31.53,0.0904,0.02235482926035573,0.018222532976580618,0.936244
17,53,4,1,1,1,Poor,0.8516,55.37,27.68,0.147,0.03710474711437267,0.028242155006301818,0.994936
17,53,4,1,1,1,Poor,0.8516,55.37,27.68,0.147,0.03710474711437267,0.028242155006301818,0.996749
7,23,4,1,1,1,Average,0.9309,24.53,12.26,0.0692,0.017281600633798105,0.01054461450875163,0.99477
7,23,4,1,1,1,Average,0.9309,24.53,12.26,0.0692,0.017281600633798105,0.01054461450875163,0.995775
9,36,7,3,3,3,Average,0.9558,24.12,12.06,0.04,0.011038547785424013,0.011595510965149896,0.955993
9,36,7,3,3,3,Average,0.9558,24.12,12.06,0.04,0.011038547785424013,0.011595510965149896,0.956375
17,80,8,2,1,1,Excellent,0.9972,9.02,4.51,0.0041,0.001,0.0014708648655384496,0.964185
17,80,8,2,1,1,Excellent,0.9972,9.02,4.51,0.0041,0.001,0.0014708648655384496,0.963963
16,52,6,3,2,2,Excellent,0.9986,7.72,3.86,0.0063,0.001,0.002824882197165931,0.98373
16,52,6,3,2,2,Excellent,0.9986,7.72,3.86,0.0063,0.001,0.002824882197165931,0.980601
21,70,5,3,3,3,Poor,0.8473,70.54,35.27,0.1496,0.03818664833501517,0.022349527590530164,0.98676
21,70,5,3,3,3,Poor,0.8473,70.54,35.27,0.1496,0.03818664833501517,0.022349527590530164,0.987583
10,33,6,2,1,1,Good,0.9871,12.04,6.02,0.0119,0.0032234134331824427,0.006680371075323329,0.977976
10,33,6,2,1,1,Good,0.9871,12.04,6.02,0.0119,0.0032234134331824427,0.006680371075323329,0.975543
7,42,7,1,1,1,Excellent,0.9945,6.82,3.41,0.0013,0.001363470257714272,0.0015345425210829336,0.984986
7,42,7,1,1,1,Excellent,0.9945,6.82,3.41,0.0013,0.001363470257714272,0.0015345425210829336,0.989588
15,75,7,3,2,2,Poor,0.8804,68.09,34.05,0.1179,0.02988757860511901,0.016990582697810404,0.954983
15,75,7,3,2,2,Poor,0.8804,68.09,34.05,0.1179,0.02988757860511901,0.016990582697810404,0.950709
11,24,4,1,0,0,Average,0.9574,38.49,19.25,0.0472,0.010648448956565304,0.013414185541268098,0.972896
11,24,4,1,0,0,Average,0.9574,38.49,19.25,0.0472,0.010648448956565304,0.013414185541268098,0.977019
16,43,5,2,1,1,Good,0.9662,10.45,5.22,0.0288,0.008445283847063473,0.004935920014355626,0.992026
16,43,5,2,1,1,Good,0.9662,10.45,5.22,0.0288,0.008445283847063473,0.004935920014355626,0.988688
9,38,6,1,1,1,Good,0.9894,10.4,5.2,0.0115,0.002645707228602995,0.0036125709085799056,0.991199
9,38,6,1,1,1,Good,0.9894,10.4,5.2,0.0115,0.002645707228602995,0.0036125709085799056,0.991096
16,52,6,2,1,1,Good,0.9928,18.23,9.12,0.0122,0.0018052991315353761,0.0039568270732887574,0.981253
16,52,6,2,1,1,Good,0.9928,18.23,9.12,0.0122,0.0018052991315353761,0.0039568270732887574,0.982452
13,59,6,1,0,0,Excellent,0.9931,8.05,4.02,0.0044,0.0017363973983033354,0.0011739771988930588,0.982373
13,59,6,1,0,0,Excellent,0.9931,8.05,4.02,0.0044,0.0017363973983033354,0.0011739771988930588,0.984099
17,86,7,1,1,1,Poor,0.913,92.79,46.4,0.084,0.021757560416527183,0.016296718743182143,0.891388
17,86,7,1,1,1,Poor,0.913,92.79,46.4,0.084,0.021757560416527183,0.016296718743182143,0.908258
17,101,7,3,3,3,Average,0.9497,35.31,17.65,0.0467,0.01257133496554183,0.010629513283125357,0.955256
17,101,7,3,3,3,Average,0.9497,35.31,17.65,0.0467,0.01257133496554183,0.010629513283125357,0.958278
19,52,5,1,1,1,Poor,0.8602,97.01,48.5,0.1415,0.034948817699982926,0.02107773750600107,0.941785
19,52,5,1,1,1,Poor,0.8602,97.01,48.5,0.1415,0.034948817699982926,0.02107773750600107,0.953157
7,36,7,2,1,1,Good,0.9788,14.55,7.27,0.0163,0.005301136564794279,0.006557037382130753,0.973866
7,36,7,2,1,1,Good,0.9788,14.55,7.27,0.0163,0.005301136564794279,0.006557037382130753,0.976665
19,81,6,2,1,1,Poor,0.8819,52.08,26.04,0.1163,0.029532928998760172,0.02935398762032561,0.965804
19,81,6,2,1,1,Poor,0.8819,52.08,26.04,0.1163,0.029532928998760172,0.02935398762032561,0.953666
11,29,4,1,0,0,Excellent,0.9979,8.49,4.24,0.0009,0.001,0.0027390009267353422,0.997957
11,29,4,1,0,0,Excellent,0.9979,8.49,4.24,0.0009,0.001,0.0027390009267353422,0.996321
12,53,8,3,1,1,Good,0.9857,19.72,9.86,0.0173,0.0035855251813540767,0.005297398442133154,0.95269
12,53,8,3,1,1,Good,0.9857,19.72,9.86,0.0173,0.0035855251813540767,0.005297398442133154,0.948726
16,78,8,1,1,1,Excellent,0.9955,9.35,4.68,0.0042,0.0011138076803302033,0.0011121300890503001,0.953117
16,78,8,1,1,1,Excellent,0.9955,9.35,4.68,0.0042,0.0011138076803302033,0.0011121300890503001,0.95793
15,78,7,2,2,2,Good,0.9881,11.45,5.73,0.0122,0.0029713324864455437,0.003128268842336704,0.95469
15,78,7,2,2,2,Good,0.9881,11.45,5.73,0.0122,0.0029713324864455437,0.003128268842336704,0.964013
11,38,6,1,1,1,Poor,0.8973,84.17,42.09,0.103,0.02567449553338602,0.020014920230367782,0.964053
11,38,6,1,1,1,Poor,0.8973,84.17,42.09,0.103,0.02567449553338602,0.020014920230367782,0.96884
9,35,6,1,0,0,Excellent,0.9953,5.71,2.86,0.0003,0.0011642432110084977,0.0025496300258106824,0.974019
9,35,6,1,0,0,Excellent,0.9953,5.71,2.86,0.0003,0.0011642432110084977,0.0025496300258106824,0.977625
16,42,4,1,1,1,Average,0.9668,36.33,18.17,0.0313,0.008287614267649235,0.007399228668617709,0.994703
16,42,4,1,1,1,Average,0.9668,36.33,18.17,0.0313,0.008287614267649235,0.007399228668617709,0.996262
12,37,5,2,1,1,Average,0.9529,31.74,15.87,0.0446,0.011780714777658685,0.014844169701137996,0.981858
12,37,5,2,1,1,Average,0.9529,31.74,15.87,0.0446,0.011780714777658685,0.014844169701137996,0.989679
13,62,5,1,1,1,Excellent,0.9916,6.58,3.29,0.0071,0.0021009094467823175,0.0016053100853190986,0.985822
13,62,5,1,1,1,Excellent,0.9916,6.58,3.29,0.0071,0.0021009094467823175,0.0016053100853190986,0.984821
18,44,4,1,1,1,Average,0.9282,27.0,13.5,0.0672,0.01795824935950535,0.012174077519579076,0.982381
18,44,4,1,1,1,Average,0.9282,27.0,13.5,0.0672,0.01795824935950535,0.012174077519579076,0.987614
14,33,4,1,0,0,Poor,0.8629,53.07,26.54,0.1355,0.03427577927275982,0.025501065538133375,0.995999
14,33,4,1,0,0,Poor,0.8629,53.07,26.54,0.1355,0.03427577927275982,0.025501065538133375,0.993689
11,58,8,1,0,0,Good,0.9729,18.63,9.31,0.0284,0.006783163193661096,0.005261590026165546,0.936036
11,58,8,1,0,0,Good,0.9729,18.63,9.31,0.0284,0.006783163193661096,0.005261590026165546,0.912382
8,40,7,1,0,0,Poor,0.861,82.1,41.05,0.1377,0.03475171705581123,0.022937791732151887,0.948531
8,40,7,1,0,0,Poor,0.861,82.1,41.05,0.1377,0.03475171705581123,0.022937791732151887,0.960684
18,94,7,4,3,3,Poor,0.8976,68.75,34.37,0.0984,0.02560613502451911,0.02927759614655711,0.899814
18,94,7,4,3,3,Poor,0.8976,68.75,34.37,0.0984,0.02560613502451911,0.02927759614655711,0.893067
8,18,4,1,1,1,Excellent,0.9967,8.43,4.21,0.0072,0.001,0.00217932385331336,0.997362
8,18,4,1,1,1,Excellent,0.9967,8.43,4.21,0.0072,0.001,0.00217932385331336,0.997211
12,60,7,1,1,1,Good,0.9894,17.17,8.59,0.0115,0.0026460353054920116,0.006980102118532791,0.93841
12,60,7,1,1,1,Good,0.9894,17.17,8.59,0.0115,0.0026460353054920116,0.006980102118532791,0.944333
15,63,7,3,3,3,Poor,0.885,51.4,25.7,0.1182,0.028751609780814535,0.025840240526941883,0.943516
15,63,7,3,3,3,Poor,0.885,51.4,25.7,0.1182,0.028751609780814535,0.025840240526941883,0.941361
18,38,4,2,1,1,Average,0.9359,41.13,20.56,0.0621,0.016024295382012527,0.014942129902250374,0.995927
18,38,4,2,1,1,Average,0.9359,41.13,20.56,0.0621,0.016024295382012527,0.014942129902250374,0.995611
12,55,6,3,2,2,Average,0.947,34.01,17.01,0.0566,0.01325823858472247,0.01492375477446303,0.981632
12,55,6,3,2,2,Average,0.947,34.01,17.01,0.0566,0.01325823858472247,0.01492375477446303,0.982018
14,72,8,1,1,1,Poor,0.9294,59.0,29.5,0.071,0.01765203766284612,0.024720487555899236,0.86931
14,72,8,1,1,1,Poor,0.9294,59.0,29.5,0.071,0.01765203766284612,0.024720487555899236,0.874049
20,74,5,4,1,1,Excellent,0.9909,7.9,3.95,0.0082,0.002270264497660962,0.002520173864493823,0.9884
20,74,5,4,1,1,Excellent,0.9909,7.9,3.95,0.0082,0.002270264497660962,0.002520173864493823,0.992182
19,43,4,2,1,1,Excellent,1.0008,8.7,4.35,0.0003,0.001,0.002878581803857497,0.996351
19,43,4,2,1,1,Excellent,1.0008,8.7,4.35,0.0003,0.001,0.002878581803857497,0.998494
19,50,5,2,2,2,Excellent,0.9971,7.94,3.97,0.0007,0.001,0.002143542692117217,0.984696
19,50,5,2,2,2,Excellent,0.9971,7.94,3.97,0.0007,0.001,0.002143542692117217,0.99025
8,36,8,3,1,1,Poor,0.8652,52.45,26.22,0.1398,0.033710487008737466,0.02249391213323489,0.88424
8,36,8,3,1,1,Poor,0.8652,52.45,26.22,0.1398,0.033710487008737466,0.02249391213323489,0.887308
11,63,7,1,1,1,Excellent,0.9932,6.72,3.36,0.0084,0.0016892041104899502,0.002380629770813626,0.954562
11,63,7,1,1,1,Excellent,0.9932,6.72,3.36,0.0084,0.0016892041104899502,0.002380629770813626,0.965953
20,122,7,1,1,1,Poor,0.8631,92.56,46.28,0.1328,0.034236328361937574,0.02506536870323154,0.954108
20,122,7,1,1,1,Poor,0.8631,92.56,46.28,0.1328,0.034236328361937574,0.02506536870323154,0.964502
10,54,7,2,2,2,Poor,0.8555,75.33,37.66,0.1405,0.0361174341024012,0.0234475223350359,0.938977
10,54,7,2,2,2,Poor,0.8555,75.33,37.66,0.1405,0.0361174341024012,0.0234475223350359,0.939452
18,92,7,1,1,1,Average,0.9309,33.02,16.51,0.0686,0.017267409428230462,0.012085919279929094,0.958834
18,92,7,1,1,1,Average,0.9309,33.02,16.51,0.0686,0.017267409428230462,0.012085919279929094,0.954325
17,77,8,2,0,0,Poor,0.8811,84.77,42.38,0.115,0.029728443482821526,0.023892633522015302,0.878013
17,77,8,2,0,0,Poor,0.8811,84.77,42.38,0.115,0.029728443482821526,0.023892633522015302,0.876765
10,32,5,2,0,0,Excellent,0.9953,6.77,3.39,0.0082,0.0011791336681964137,0.0029418687552906914,0.989011
10,32,5,2,0,0,Excellent,0.9953,6.77,3.39,0.0082,0.0011791336681964137,0.0029418687552906914,0.990736
20,62,5,4,2,2,Average,0.9398,41.92,20.96,0.0613,0.015049828896413903,0.009813646617226826,0.961321
20,62,5,4,2,2,Average,0.9398,41.92,20.96,0.0613,0.015049828896413903,0.009813646617226826,0.955948
21,80,4,1,1,1,Average,0.949,23.18,11.59,0.0487,0.012755546329705963,0.013483788712172474,0.997281
21,80,4,1,1,1,Average,0.949,23.18,11.59,0.0487,0.012755546329705963,0.013483788712172474,0.995274
10,47,8,3,2,2,Excellent,0.9951,7.45,3.73,0.005,0.0012176137755227356,0.002887744635051154,0.971026
10,47,8,3,2,2,Excellent,0.9951,7.45,3.73,0.005,0.0012176137755227356,0.002887744635051154,0.971512
16,58,6,1,0,0,Average,0.9595,26.48,13.24,0.0394,0.010135394239555395,0.011629511093512457,0.963453
16,58,6,1,0,0,Average,0.9595,26.48,13.24,0.0394,0.010135394239555395,0.011629511093512457,0.974179
9,40,7,2,1,1,Good,0.978,13.51,6.75,0.0255,0.0055092228761303985,0.0054465361893220815,0.965084
9,40,7,2,1,1,Good,0.978,13.51,6.75,0.0255,0.0055092228761303985,0.0054465361893220815,0.970586
18,38,4,2,2,2,Average,0.9434,32.77,16.39,0.0531,0.014157539235629735,0.013478847473317533,0.99123
18,38,4,2,2,2,Average,0.9434,32.77,16.39,0.0531,0.014157539235629735,0.013478847473317533,0.98979
8,28,4,1,0,0,Poor,0.8811,98.11,49.05,0.116,0.029726873117380426,0.018584632390541263,0.991107
8,28,4,1,0,0,Poor,0.8811,98.11,49.05,0.116,0.029726873117380426,0.018584632390541263,0.990449
12,29,4,2,2,2,Excellent,0.995,6.23,3.11,0.0056,0.0012457541797615823,0.0010792111057182658,0.996838
12,29,4,2,2,2,Excellent,0.995,6.23,3.11,0.0056,0.0012457541797615823,0.0010792111057182658,0.995758
13,42,6,3,2,2,Good,0.9826,13.29,6.65,0.0166,0.00434859988589445,0.0036866581455845615,0.980018
13,42,6,3,2,2,Good,0.9826,13.29,6.65,0.0166,0.00434859988589445,0.0036866581455845615,0.985128
14,50,5,1,0,0,Poor,0.8858,62.68,31.34,0.1103,0.02854927530148671,0.02337795788321386,0.97808
14,50,5,1,0,0,Poor,0.8858,62.68,31.34,0.1103,0.02854927530148671,0.02337795788321386,0.977003
12,48,7,1,1,1,Average,0.9624,42.38,21.19,0.0349,0.009395309374437583,0.014788436005425593,0.957637
12,48,7,1,1,1,Average,0.9624,42.38,21.19,0.0349,0.009395309374437583,0.014788436005425593,0.957405
10,33,5,2,0,0,Good,0.9772,10.83,5.41,0.0229,0.005697237560314677,0.004342588421871229,0.99169
10,33,5,2,0,0,Good,0.9772,10.83,5.41,0.0229,0.005697237560314677,0.004342588421871229,0.993401
14,94,8,1,1,1,Poor,0.8708,68.68,34.34,0.1306,0.032289776338224885,0.019743987246489906,0.922066
14,94,8,1,1,1,Poor,0.8708,68.68,34.34,0.1306,0.032289776338224885,0.019743987246489906,0.926087
15,76,7,1,1,1,Good,0.9855,10.74,5.37,0.0125,0.0036245253333254124,0.004207237799189658,0.981324
15,76,7,1,1,1,Good,0.9855,10.74,5.37,0.0125,0.0036245253333254124,0.004207237799189658,0.978754
12,58,6,1,0,0,Average,0.9288,27.43,13.71,0.067,0.01780869593311027,0.012519473155166235,0.982341
12,58,6,1,0,0,Average,0.9288,27.43,13.71,0.067,0.01780869593311027,0.012519473155166235,0.983813
17,63,7,1,1,1,Excellent,1.0033,9.29,4.64,0.0014,0.001,0.0013158422566974732,0.966427
17,63,7,1,1,1,Excellent,1.0033,9.29,4.64,0.0014,0.001,0.0013158422566974732,0.958953
17,125,8,1,0,0,Poor,0.8475,82.18,41.09,0.1493,0.038120093205190886,0.02417716979122706,0.947205
17,125,8,1,0,0,Poor,0.8475,82.18,41.09,0.1493,0.038120093205190886,0.02417716979122706,0.942055
9,49,8,1,1,1,Poor,0.8617,76.79,38.4,0.1412,0.03457076490211594,0.02964720904880358,0.914249
9,49,8,1,1,1,Poor,0.8617,76.79,38.4,0.1412,0.03457076490211594,0.02964720904880358,0.922817
16,92,8,1,0,0,Average,0.9448,20.5,10.25,0.0529,0.013795610271547715,0.013192085797949954,0.921681
16,92,8,1,0,0,Average,0.9448,20.5,10.25,0.0529,0.013795610271547715,0.013192085797949954,0.915997
14,100,8,3,2,2,Average,0.9698,44.06,22.03,0.0324,0.007562298366351777,0.007125131863346216,0.934118
14,100,8,3,2,2,Average,0.9698,44.06,22.03,0.0324,0.007562298366351777,0.007125131863346216,0.923274
21,51,5,2,1,1,Poor,0.9123,63.02,31.51,0.0854,0.021913015059176227,0.02376804450343404,0.981525
21,51,5,2,1,1,Poor,0.9123,63.02,31.51,0.0854,0.021913015059176227,0.02376804450343404,0.981988
6,21,4,1,0,0,Excellent,0.9921,9.25,4.63,0.008,0.0019869158328567893,0.0027545826828535586,0.998958
6,21,4,1,0,0,Excellent,0.9921,9.25,4.63,0.008,0.0019869158328567893,0.0027545826828535586,0.997581
19,114,8,1,0,0,Excellent,1.0019,6.07,3.04,0.0016,0.001,0.002255312123689408,0.914422
19,114,8,1,0,0,Excellent,1.0019,6.07,3.04,0.0016,0.001,0.002255312123689408,0.920102
15,37,5,2,1,1,Excellent,0.9967,5.5,2.75,0.0032,0.001,0.0027101822374560264,0.994807
15,37,5,2,1,1,Excellent,0.9967,5.5,2.75,0.0032,0.001,0.0027101822374560264,0.993332
20,66,6,2,1,1,Average,0.948,31.87,15.93,0.0557,0.013003633141375232,0.013696928704502356,0.977268
20,66,6,2,1,1,Average,0.948,31.87,15.93,0.0557,0.013003633141375232,0.013696928704502356,0.985684
15,57,6,2,2,2,Poor,0.9265,99.46,49.73,0.0703,0.018370258087939545,0.01685160944206963,0.952072
15,57,6,2,2,2,Poor,0.9265,99.46,49.73,0.0703,0.018370258087939545,0.01685160944206963,0.961253
18,71,6,1,1,1,Good,0.9828,11.44,5.72,0.015,0.004288565891520407,0.004960765714542076,0.984515
18,71,6,1,1,1,Good,0.9828,11.44,5.72,0.015,0.004288565891520407,0.004960765714542076,0.984706
18,62,7,2,1,1,Excellent,0.9962,9.59,4.8,0.008,0.001,0.002666400431486705,0.964268
18,62,7,2,1,1,Excellent,0.9962,9.59,4.8,0.008,0.001,0.002666400431486705,0.962191
21,81,6,2,1,1,Excellent,0.995,8.6,4.3,0.0005,0.001249781504664843,0.0025828193165337346,0.976599
21,81,6,2,1,1,Excellent,0.995,8.6,4.3,0.0005,0.001249781504664843,0.0025828193165337346,0.979292
8,41,8,2,1,1,Excellent,0.9886,7.21,3.6,0.01,0.0028443556775419876,0.0017823658166808757,0.987867
8,41,8,2,1,1,Excellent,0.9886,7.21,3.6,0.01,0.0028443556775419876,0.0017823658166808757,0.986539
10,34,6,3,1,1,Excellent,0.9882,6.3,3.15,0.0076,0.0029428432322652354,0.0013546423465081313,0.990994
10,34,6,3,1,1,Excellent,0.9882,6.3,3.15,0.0076,0.0029428432322652354,0.0013546423465081313,0.993059
16,66,7,1,0,0,Poor,0.8929,53.37,26.68,0.1112,0.02677829160774997,0.020061524372859584,0.945304
16,66,7,1,0,0,Poor,0.8929,53.37,26.68,0.1112,0.02677829160774997,0.020061524372859584,0.949457
8,31,6,1,1,1,Average,0.9641,28.09,14.05,0.0377,0.008982171391626242,0.010478004359726057,0.97942
8,31,6,1,1,1,Average,0.9641,28.09,14.05,0.0377,0.008982171391626242,0.010478004359726057,0.973933
16,41,5,3,0,0,Excellent,0.9983,6.64,3.32,0.0043,0.001,0.0016389889352310485,0.991527
16,41,5,3,0,0,Excellent,0.9983,6.64,3.32,0.0043,0.001,0.0016389889352310485,0.992338
21,82,6,1,0,0,Good,0.9727,15.66,7.83,0.0241,0.006825251503301072,0.00621197555375152,0.977586
21,82,6,1,0,0,Good,0.9727,15.66,7.83,0.0241,0.006825251503301072,0.00621197555375152,0.982812
15,37,4,1,0,0,Good,0.9695,15.7,7.85,0.0282,0.007626605456907881,0.0034516121831593863,0.996038
15,37,4,1,0,0,Good,0.9695,15.7,7.85,0.0282,0.007626605456907881,0.0034516121831593863,0.995963
8,29,4,1,1,1,Good,0.9727,18.16,9.08,0.0292,0.006823969073972869,0.004587085750737205,0.995622
8,29,4,1,1,1,Good,0.9727,18.16,9.08,0.0292,0.006823969073972869,0.004587085750737205,0.99424
11,53,6,1,0,0,Poor,0.9257,66.07,33.04,0.0705,0.018562665794366384,0.01743434918904203,0.955922
11,53,6,1,0,0,Poor,0.9257,66.07,33.04,0.0705,0.018562665794366384,0.01743434918904203,0.960623
15,70,7,1,1,1,Excellent,0.9939,5.76,2.88,0.0062,0.0015329776379385818,0.0016054521158611907,0.968421
15,70,7,1,1,1,Excellent,0.9939,5.76,2.88,0.0062,0.0015329776379385818,0.0016054521158611907,0.961958
18,116,8,2,2,2,Poor,0.902,68.2,34.1,0.0938,0.024510642879810945,0.023136938491487003,0.904885
18,116,8,2,2,2,Poor,0.902,68.2,34.1,0.0938,0.024510642879810945,0.023136938491487003,0.898369
11,46,7,1,0,0,Excellent,1.0,6.24,3.12,0.0039,0.001,0.0016538975231263598,0.97302
11,46,7,1,0,0,Excellent,1.0,6.24,3.12,0.0039,0.001,0.0016538975231263598,0.966175
9,32,6,1,0,0,Average,0.9602,25.74,12.87,0.036,0.009961136380537333,0.012237051488485123,0.958476
9,32,6,1,0,0,Average,0.9602,25.74,12.87,0.036,0.009961136380537333,0.012237051488485123,0.953601
9,22,4,2,0,0,Good,0.9801,10.62,5.31,0.0163,0.004979742067821508,0.0034093640553743815,0.993043
9,22,4,2,0,0,Good,0.9801,10.62,5.31,0.0163,0.004979742067821508,0.0034093640553743815,0.991891
15,52,5,3,1,1,Good,0.976,15.43,7.72,0.0287,0.005988315966318547,0.005909064237039812,0.985645
15,52,5,3,1,1,Good,0.976,15.43,7.72,0.0287,0.005988315966318547,0.005909064237039812,0.991953
11,70,7,1,0,0,Poor,0.9209,73.83,36.92,0.0765,0.019776722025848598,0.02670537607648578,0.957118
11,70,7,1,0,0,Poor,0.9209,73.83,36.92,0.0765,0.019776722025848598,0.02670537607648578,0.955721
10,28,4,1,1,1,Average,0.9392,27.41,13.7,0.0634,0.015206396691295337,0.009025103936131358,0.995887
10,28,4,1,1,1,Average,0.9392,27.41,13.7,0.0634,0.015206396691295337,0.009025103936131358,0.995837
21,99,7,4,2,2,Poor,0.8694,51.48,25.74,0.1318,0.032657459939982925,0.025976115748051892,0.951558
21,99,7,4,2,2,Poor,0.8694,51.48,25.74,0.1318,0.032657459939982925,0.025976115748051892,0.940631
21,111,8,5,3,3,Poor,0.8552,85.42,42.71,0.1428,0.03619314073969271,0.02957011638645984,0.851348
21,111,8,5,3,3,Poor,0.8552,85.42,42.71,0.1428,0.03619314073969271,0.02957011638645984,0.832345
21,108,7,1,1,1,Good,0.9794,10.75,5.38,0.019,0.0051490033254418255,0.0061739668337140235,0.967398
21,108,7,1,1,1,Good,0.9794,10.75,5.38,0.019,0.0051490033254418255,0.0061739668337140235,0.960716
21,104,8,3,2,2,Good,0.9855,12.84,6.42,0.0192,0.003623195429725279,0.00437866125334827,0.911757
21,104,8,3,2,2,Good,0.9855,12.84,6.42,0.0192,0.003623195429725279,0.00437866125334827,0.913066
19,65,5,1,0,0,Average,0.9699,28.68,14.34,0.0326,0.007534961252224609,0.01233141171865389,0.98424
19,65,5,1,0,0,Average,0.9699,28.68,14.34,0.0326,0.007534961252224609,0.01233141171865389,0.980342
12,53,8,2,2,2,Good,0.9756,14.85,7.43,0.0269,0.006088876708315399,0.00681400995711803,0.943116
12,53,8,2,2,2,Good,0.9756,14.85,7.43,0.0269,0.006088876708315399,0.00681400995711803,0.936968
16,48,5,2,1,1,Good,0.9799,12.2,6.1,0.0232,0.005025476862778239,0.003677037948222028,0.993009
16,48,5,2,1,1,Good,0.9799,12.2,6.1,0.0232,0.005025476862778239,0.003677037948222028,0.989286
12,57,7,1,1,1,Good,0.9823,17.77,8.89,0.0192,0.004419825108201825,0.0050638913816613475,0.952752
12,57,7,1,1,1,Good,0.9823,17.77,8.89,0.0192,0.004419825108201825,0.0050638913816613475,0.950249
7,35,7,2,1,1,Average,0.9335,25.42,12.71,0.0651,0.016633332390807748,0.014312687305009857,0.964266
7,35,7,2,1,1,Average,0.9335,25.42,12.71,0.0651,0.016633332390807748,0.014312687305009857,0.960877
12,26,4,1,0,0,Average,0.9439,27.48,13.74,0.0583,0.014021301824847038,0.00976944750588158,0.996117
12,26,4,1,0,0,Average,0.9439,27.48,13.74,0.0583,0.014021301824847038,0.00976944750588158,0.99459
21,118,7,1,0,0,Average,0.9518,20.18,10.09,0.0523,0.012038830862045047,0.014219092684837162,0.956461
21,118,7,1,0,0,Average,0.9518,20.18,10.09,0.0523,0.012038830862045047,0.014219092684837162,0.965147
18,125,8,1,0,0,Good,0.9809,17.82,8.91,0.0191,0.004768921143182003,0.005817397533601276,0.919288
18,125,8,1,0,0,Good,0.9809,17.82,8.91,0.0191,0.004768921143182003,0.005817397533601276,0.92601
10,58,7,1,0,0,Excellent,0.9938,6.19,3.09,0.0093,0.0015562432387122849,0.0028239054766118674,0.963257
10,58,7,1,0,0,Excellent,0.9938,6.19,3.09,0.0093,0.0015562432387122849,0.0028239054766118674,0.961831
8,36,6,1,1,1,Average,0.9382,36.57,18.29,0.0596,0.015453720403606652,0.008370519230537613,0.980896
8,36,6,1,1,1,Average,0.9382,36.57,18.29,0.0596,0.015453720403606652,0.008370519230537613,0.982196
12,40,5,2,0,0,Excellent,0.9924,8.71,4.36,0.0061,0.0019032873171041798,0.0011925348428165172,0.992842
12,40,5,2,0,0,Excellent,0.9924,8.71,4.36,0.0061,0.0019032873171041798,0.0011925348428165172,0.989658
19,85,8,1,1,1,Poor,0.9187,65.43,32.72,0.0786,0.02031911174585796,0.02790843473449576,0.865649
19,85,8,1,1,1,Poor,0.9187,65.43,32.72,0.0786,0.02031911174585796,0.02790843473449576,0.878227
17,87,7,3,1,1,Excellent,0.992,9.71,4.86,0.0034,0.002011840315203489,0.001129771031308715,0.968164
17,87,7,3,1,1,Excellent,0.992,9.71,4.86,0.0034,0.002011840315203489,0.001129771031308715,0.96056
10,33,5,1,0,0,Good,0.9836,12.61,6.3,0.0184,0.0040938895986505075,0.0063731123358705104,0.988199
10,33,5,1,0,0,Good,0.9836,12.61,6.3,0.0184,0.0040938895986505075,0.0063731123358705104,0.993135
9,28,5,1,0,0,Good,0.985,15.16,7.58,0.0188,0.0037396341065653316,0.0064928133048512944,0.988386
9,28,5,1,0,0,Good,0.985,15.16,7.58,0.0188,0.0037396341065653316,0.0064928133048512944,0.992062
13,67,8,1,0,0,Average,0.9571,48.34,24.17,0.0423,0.010714273675480085,0.012455923131204196,0.887792
13,67,8,1,0,0,Average,0.9571,48.34,24.17,0.0423,0.010714273675480085,0.012455923131204196,0.895611
10,51,6,1,1,1,Excellent,1.0009,5.35,2.68,0.0016,0.001,0.0028959816035828614,0.978719
10,51,6,1,1,1,Excellent,1.0009,5.35,2.68,0.0016,0.001,0.0028959816035828614,0.985904
13,60,7,1,1,1,Poor,0.9085,94.56,47.28,0.0874,0.022879950949118072,0.02409488303675458,0.946074
13,60,7,1,1,1,Poor,0.9085,94.56,47.28,0.0874,0.022879950949118072,0.02409488303675458,0.945945
13,37,5,3,2,2,Excellent,0.991,9.08,4.54,0.0073,0.002244185097243251,0.0029421641168216666,0.991309
13,37,5,3,2,2,Excellent,0.991,9.08,4.54,0.0073,0.002244185097243251,0.0029421641168216666,0.993101
13,31,4,4,2,2,Excellent,1.0019,7.55,3.77,0.0002,0.001,0.0015956805876961595,0.995777
13,31,4,4,2,2,Excellent,1.0019,7.55,3.77,0.0002,0.001,0.0015956805876961595,0.993712
8,24,5,1,0,0,Good,0.9711,13.05,6.52,0.0241,0.007222770414532731,0.0033489755823534538,0.991788
8,24,5,1,0,0,Good,0.9711,13.05,6.52,0.0241,0.007222770414532731,0.0033489755823534538,0.993913
8,30,7,1,1,1,Poor,0.8918,81.72,40.86,0.1076,0.02704760384973401,0.02688810865942417,0.949977
8,30,7,1,1,1,Poor,0.8918,81.72,40.86,0.1076,0.02704760384973401,0.02688810865942417,0.943272
21,94,8,2,2,2,Excellent,0.9939,6.05,3.02,0.0013,0.0015193983294543023,0.001375415826502848,0.914882
21,94,8,2,2,2,Excellent,0.9939,6.05,3.02,0.0013,0.0015193983294543023,0.001375415826502848,0.908637
21,96,6,1,1,1,Average,0.9599,26.39,13.2,0.0382,0.010035719444927538,0.007835788073741657,0.961817
21,96,6,1,1,1,Average,0.9599,26.39,13.2,0.0382,0.010035719444927538,0.007835788073741657,0.981622
17,73,7,3,2,2,Excellent,0.9899,9.35,4.68,0.008,0.0025264019924654546,0.0017901965678027913,0.955534
17,73,7,3,2,2,Excellent,0.9899,9.35,4.68,0.008,0.0025264019924654546,0.0017901965678027913,0.950786
9,30,6,3,2,2,Good,0.9816,11.22,5.61,0.0167,0.00459624558263888,0.005980794771171063,0.984183
9,30,6,3,2,2,Good,0.9816,11.22,5.61,0.0167,0.00459624558263888,0.005980794771171063,0.984376
15,83,8,2,1,1,Good,0.9853,10.47,5.24,0.0194,0.003672362873725077,0.0035869648362586654,0.931133
15,83,8,2,1,1,Good,0.9853,10.47,5.24,0.0194,0.003672362873725077,0.0035869648362586654,0.940722
13,33,5,3,2,2,Average,0.9375,32.7,16.35,0.0644,0.01562512951936304,0.008043814936693705,0.987265
13,33,5,3,2,2,Average,0.9375,32.7,16.35,0.0644,0.01562512951936304,0.008043814936693705,0.97728
8,39,7,3,2,2,Poor,0.8607,85.77,42.88,0.1425,0.034816532513834236,0.02236659792328469,0.856637
8,39,7,3,2,2,Poor,0.8607,85.77,42.88,0.1425,0.034816532513834236,0.02236659792328469,0.84215
21,76,5,3,2,2,Poor,0.9168,82.81,41.41,0.0803,0.020793145871017105,0.023055671909901265,0.967476
21,76,5,3,2,2,Poor,0.9168,82.81,41.41,0.0803,0.020793145871017105,0.023055671909901265,0.966948
20,92,8,3,3,3,Good,0.9771,10.42,5.21,0.0201,0.005721332671386525,0.004099642972983302,0.914736
20,92,8,3,3,3,Good,0.9771,10.42,5.21,0.0201,0.005721332671386525,0.004099642972983302,0.927429
16,56,6,1,1,1,Poor,0.8612,96.47,48.23,0.1347,0.03470852049043563,0.02604816810679053,0.971441
16,56,6,1,1,1,Poor,0.8612,96.47,48.23,0.1347,0.03470852049043563,0.02604816810679053,0.953376
13,67,7,1,0,0,Average,0.9496,23.4,11.7,0.0522,0.0125912284769992,0.010989049551596665,0.960783
13,67,7,1,0,0,Average,0.9496,23.4,11.7,0.0522,0.0125912284769992,0.010989049551596665,0.952643
18,81,8,5,3,3,Average,0.9697,41.84,20.92,0.0316,0.007584554615583605,0.013362873322185479,0.912364
18,81,8,5,3,3,Average,0.9697,41.84,20.92,0.0316,0.007584554615583605,0.013362873322185479,0.914079
21,73,6,4,3,3,Average,0.9493,35.3,17.65,0.0548,0.012680232584515505,0.007848344550563775,0.982382
21,73,6,4,3,3,Average,0.9493,35.3,17.65,0.0548,0.012680232584515505,0.007848344550563775,0.970069
16,77,8,2,2,2,Good,0.9709,16.62,8.31,0.0244,0.007269042896455552,0.006602110215393533,0.930109
16,77,8,2,2,2,Good,0.9709,16.62,8.31,0.0244,0.007269042896455552,0.006602110215393533,0.929168
6,24,6,1,0,0,Poor,0.9041,61.4,30.7,0.0951,0.023979076983092623,0.021841299199510347,0.933312
6,24,6,1,0,0,Poor,0.9041,61.4,30.7,0.0951,0.023979076983092623,0.021841299199510347,0.954338
8,44,7,1,1,1,Average,0.9454,25.92,12.96,0.0524,0.013641458553094593,0.007441358547614994,0.963105
8,44,7,1,1,1,Average,0.9454,25.92,12.96,0.0524,0.013641458553094593,0.007441358547614994,0.973449
16,60,5,1,1,1,Average,0.935,28.47,14.24,0.0604,0.016253183166449914,0.013070757981483015,0.990181
16,60,5,1,1,1,Average,0.935,28.47,14.24,0.0604,0.016253183166449914,0.013070757981483015,0.983933
19,89,8,3,1,1,Poor,0.8563,73.4,36.7,0.1474,0.035917400838826774,0.023070699420427675,0.852118
19,89,8,3,1,1,Poor,0.8563,73.4,36.7,0.1474,0.035917400838826774,0.023070699420427675,0.837295
11,73,8,1,1,1,Good,0.9766,19.75,9.87,0.026,0.005839570579802916,0.0031251344007333275,0.923917
11,73,8,1,1,1,Good,0.9766,19.75,9.87,0.026,0.005839570579802916,0.0031251344007333275,0.929644
11,24,4,1,1,1,Average,0.9411,32.08,16.04,0.0575,0.01471317377138337,0.010934250327194622,0.995418
11,24,4,1,1,1,Average,0.9411,32.08,16.04,0.0575,0.01471317377138337,0.010934250327194622,0.995156
14,32,4,1,1,1,Excellent,1.0017,9.71,4.86,0.0002,0.001,0.0016212503098242247,0.996502
14,32,4,1,1,1,Excellent,1.0017,9.71,4.86,0.0002,0.001,0.0016212503098242247,0.995276
19,96,7,2,1,1,Poor,0.901,54.09,27.05,0.1035,0.024741180050810357,0.01723402317165535,0.942075
19,96,7,2,1,1,Poor,0.901,54.09,27.05,0.1035,0.024741180050810357,0.01723402317165535,0.942459
10,64,7,1,1,1,Average,0.9321,29.02,14.51,0.0679,0.01697825649353607,0.012565633014366698,0.962595
10,64,7,1,1,1,Average,0.9321,29.02,14.51,0.0679,0.01697825649353607,0.012565633014366698,0.964876
19,85,8,3,1,1,Poor,0.8704,54.11,27.05,0.1344,0.032404932659266555,0.022531210124103637,0.882244
19,85,8,3,1,1,Poor,0.8704,54.11,27.05,0.1344,0.032404932659266555,0.022531210124103637,0.86782
16,39,5,1,1,1,Poor,0.8762,88.83,44.41,0.1254,0.03095972919814971,0.018361932946648105,0.967191
16,39,5,1,1,1,Poor,0.8762,88.83,44.41,0.1254,0.03095972919814971,0.018361932946648105,0.975344
18,62,6,1,1,1,Poor,0.8858,88.63,44.32,0.1153,0.028541982715207304,0.022243269084833768,0.969359
18,62,6,1,1,1,Poor,0.8858,88.63,44.32,0.1153,0.028541982715207304,0.022243269084833768,0.974316
7,24,6,1,1,1,Good,0.9918,16.39,8.2,0.0111,0.002039998016526129,0.003910318777365278,0.992467
7,24,6,1,1,1,Good,0.9918,16.39,8.2,0.0111,0.002039998016526129,0.003910318777365278,0.981822
18,60,6,3,1,1,Good,0.9931,12.84,6.42,0.0104,0.0017239733978663407,0.0034848479063892992,0.975082
18,60,6,3,1,1,Good,0.9931,12.84,6.42,0.0104,0.0017239733978663407,0.0034848479063892992,0.97341
19,47,4,2,2,2,Average,0.9632,27.35,13.68,0.0399,0.00918942645323767,0.014378614566163607,0.994821
19,47,4,2,2,2,Average,0.9632,27.35,13.68,0.0399,0.00918942645323767,0.014378614566163607,0.995781
17,80,7,2,1,1,Excellent,0.9984,7.55,3.78,0.0012,0.001,0.00218935473383477,0.958811
17,80,7,2,1,1,Excellent,0.9984,7.55,3.78,0.0012,0.001,0.00218935473383477,0.960836
7,32,7,2,1,1,Excellent,1.0002,6.23,3.11,0.0024,0.001,0.001541623654928959,0.974982
7,32,7,2,1,1,Excellent,1.0002,6.23,3.11,0.0024,0.001,0.001541623654928959,0.975021
21,115,7,1,1,1,Average,0.9422,20.85,10.43,0.0625,0.014456424049916622,0.012510606189406139,0.957098
21,115,7,1,1,1,Average,0.9422,20.85,10.43,0.0625,0.014456424049916622,0.012510606189406139,0.956837
18,53,5,2,0,0,Good,0.9742,13.15,6.58,0.0275,0.006447311307191311,0.003822019372089868,0.989515
18,53,5,2,0,0,Good,0.9742,13.15,6.58,0.0275,0.006447311307191311,0.003822019372089868,0.991285
9,45,6,1,1,1,Excellent,0.9957,5.57,2.78,0.0084,0.0010874694007101948,0.002280155422352383,0.984662
9,45,6,1,1,1,Excellent,0.9957,5.57,2.78,0.0084,0.0010874694007101948,0.002280155422352383,0.984984
18,43,4,2,2,2,Excellent,0.9965,7.44,3.72,0.0025,0.001,0.0021661151677951638,0.997682
18,43,4,2,2,2,Excellent,0.9965,7.44,3.72,0.0025,0.001,0.0021661151677951638,0.99743
7,16,4,2,2,2,Average,0.9677,46.13,23.07,0.0371,0.008070935097088144,0.009474335805462501,0.98794
7,16,4,2,2,2,Average,0.9677,46.13,23.07,0.0371,0.008070935097088144,0.009474335805462501,0.990251
13,64,7,3,1,1,Average,0.9493,44.49,22.24,0.0524,0.012680944631359853,0.009527703391012837,0.936784
13,64,7,3,1,1,Average,0.9493,44.49,22.24,0.0524,0.012680944631359853,0.009527703391012837,0.945762
19,41,4,2,2,2,Excellent,0.9995,9.82,4.91,0.0031,0.001,0.002141750838092308,0.99037
19,41,4,2,2,2,Excellent,0.9995,9.82,4.91,0.0031,0.001,0.002141750838092308,0.995209
15,89,8,1,1,1,Average,0.9555,42.04,21.02,0.0465,0.01112642973816308,0.011271507458401449,0.917489
15,89,8,1,1,1,Average,0.9555,42.04,21.02,0.0465,0.01112642973816308,0.011271507458401449,0.936899
20,78,5,2,0,0,Average,0.9641,36.06,18.03,0.0362,0.008967318394755036,0.012758693196842412,0.989986
20,78,5,2,0,0,Average,0.9641,36.06,18.03,0.0362,0.008967318394755036,0.012758693196842412,0.985533
17,113,8,2,2,2,Excellent,0.9984,7.67,3.83,0.0027,0.001,0.002634055150331543,0.947027
17,113,8,2,2,2,Excellent,0.9984,7.67,3.83,0.0027,0.001,0.002634055150331543,0.945808
7,26,6,1,0,0,Good,0.9858,17.99,9.0,0.0127,0.003549488481777635,0.004481752472912129,0.98497
7,26,6,1,0,0,Good,0.9858,17.99,9.0,0.0127,0.003549488481777635,0.004481752472912129,0.983704
7,45,8,1,1,1,Good,0.9765,19.49,9.75,0.0247,0.00586259511360232,0.006503580589438661,0.95223
7,45,8,1,1,1,Good,0.9765,19.49,9.75,0.0247,0.00586259511360232,0.006503580589438661,0.958908
16,88,7,1,0,0,Excellent,0.9929,9.36,4.68,0.0072,0.0017689779508416048,0.002171818609328951,0.954701
16,88,7,1,0,0,Excellent,0.9929,9.36,4.68,0.0072,0.0017689779508416048,0.002171818609328951,0.965422
14,69,6,2,2,2,Average,0.9535,47.36,23.68,0.0443,0.011630038451768326,0.012609855143628182,0.984023
14,69,6,2,2,2,Average,0.9535,47.36,23.68,0.0443,0.011630038451768326,0.012609855143628182,0.98393
14,52,7,3,2,2,Average,0.958,43.36,21.68,0.0409,0.010508431363803,0.013354589437681466,0.909288
14,52,7,3,2,2,Average,0.958,43.36,21.68,0.0409,0.010508431363803,0.013354589437681466,0.920747
7,29,5,1,1,1,Average,0.9332,32.81,16.41,0.0623,0.01669530281381157,0.0070696729055960235,0.992145
7,29,5,1,1,1,Average,0.9332,32.81,16.41,0.0623,0.01669530281381157,0.0070696729055960235,0.99115
10,60,8,1,1,1,Poor,0.8999,64.88,32.44,0.1048,0.025037099779872812,0.025073934881851945,0.916078
10,60,8,1,1,1,Poor,0.8999,64.88,32.44,0.1048,0.025037099779872812,0.025073934881851945,0.904334
21,59,5,3,1,1,Poor,0.8703,79.68,39.84,0.1328,0.03241421029139685,0.02343708016182887,0.974683
21,59,5,3,1,1,Poor,0.8703,79.68,39.84,0.1328,0.03241421029139685,0.02343708016182887,0.965984
18,73,6,2,1,1,Excellent,0.9938,7.91,3.96,0.0014,0.0015439356162274265,0.0026928878911459996,0.98354
18,73,6,2,1,1,Excellent,0.9938,7.91,3.96,0.0014,0.0015439356162274265,0.0026928878911459996,0.986906
20,51,4,1,1,1,Good,0.9897,18.6,9.3,0.0151,0.0025719984297719878,0.005924555873814687,0.9975
20,51,4,1,1,1,Good,0.9897,18.6,9.3,0.0151,0.0025719984297719878,0.005924555873814687,0.994544
19,80,8,5,2,2,Excellent,0.9964,5.46,2.73,0.0043,0.001,0.00298328463158751,0.914575
19,80,8,5,2,2,Excellent,0.9964,5.46,2.73,0.0043,0.001,0.00298328463158751,0.923365
10,74,8,1,1,1,Poor,0.9055,97.61,48.8,0.0988,0.02361618908969082,0.026910202067809495,0.96217
10,74,8,1,1,1,Poor,0.9055,97.61,48.8,0.0988,0.02361618908969082,0.026910202067809495,0.954911
15,76,7,3,0,0,Good,0.9777,11.24,5.62,0.0179,0.0055792800584826,0.0035267849377314136,0.964106
15,76,7,3,0,0,Good,0.9777,11.24,5.62,0.0179,0.0055792800584826,0.0035267849377314136,0.958799
16,51,6,2,1,1,Average,0.9386,38.13,19.07,0.0599,0.015348706336173218,0.011985433659198233,0.973346
16,51,6,2,1,1,Average,0.9386,38.13,19.07,0.0599,0.015348706336173218,0.011985433659198233,0.9746
9,48,7,2,1,1,Good,0.9822,14.49,7.24,0.0139,0.004442241787133455,0.005838522221865709,0.969312
9,48,7,2,1,1,Good,0.9822,14.49,7.24,0.0139,0.004442241787133455,0.005838522221865709,0.96391
9,57,7,1,1,1,Good,0.9889,11.33,5.66,0.0129,0.0027683909532370266,0.006608939976205482,0.967287
9,57,7,1,1,1,Good,0.9889,11.33,5.66,0.0129,0.0027683909532370266,0.006608939976205482,0.958046
12,29,5,1,1,1,Good,0.973,13.94,6.97,0.0233,0.006754948149484685,0.004549851569603742,0.989144
12,29,5,1,1,1,Good,0.973,13.94,6.97,0.0233,0.006754948149484685,0.004549851569603742,0.986394
19,103,7,2,0,0,Average,0.9371,41.31,20.66,0.0607,0.01572252336306057,0.007323479430566129,0.947675
19,103,7,2,0,0,Average,0.9371,41.31,20.66,0.0607,0.01572252336306057,0.007323479430566129,0.945279
16,84,7,1,0,0,Average,0.9622,22.98,11.49,0.0365,0.009439272805644577,0.011037127916780418,0.95653
16,84,7,1,0,0,Average,0.9622,22.98,11.49,0.0365,0.009439272805644577,0.011037127916780418,0.964592
6,24,6,1,1,1,Good,0.9742,17.07,8.54,0.0261,0.0064435424198220626,0.005412404124794461,0.973475
6,24,6,1,1,1,Good,0.9742,17.07,8.54,0.0261,0.0064435424198220626,0.005412404124794461,0.981851
21,90,7,5,2,2,Average,0.9432,25.48,12.74,0.055,0.014203637859627083,0.009119958175243316,0.933875
21,90,7,5,2,2,Average,0.9432,25.48,12.74,0.055,0.014203637859627083,0.009119958175243316,0.940794
20,64,5,1,0,0,Good,0.9867,17.31,8.66,0.0127,0.0033148042095987873,0.00685355982827987,0.991963
20,64,5,1,0,0,Good,0.9867,17.31,8.66,0.0127,0.0033148042095987873,0.00685355982827987,0.991939
7,20,4,1,1,1,Excellent,0.9994,5.69,2.84,0.0,0.001,0.001330268071110729,0.988966
7,20,4,1,1,1,Excellent,0.9994,5.69,2.84,0.0,0.001,0.001330268071110729,0.994787
12,49,6,1,1,1,Average,0.941,48.61,24.31,0.0579,0.014755666388781508,0.01401766774471109,0.978112
12,49,6,1,1,1,Average,0.941,48.61,24.31,0.0579,0.014755666388781508,0.01401766774471109,0.978368
16,87,7,1,1,1,Good,0.9927,18.75,9.37,0.0114,0.0018349061415700307,0.00490561065818746,0.928751
16,87,7,1,1,1,Good,0.9927,18.75,9.37,0.0114,0.0018349061415700307,0.00490561065818746,0.94458
6,20,4,1,0,0,Average,0.9482,25.45,12.72,0.0524,0.01295456968390632,0.0075239467356272806,0.99108
6,20,4,1,0,0,Average,0.9482,25.45,12.72,0.0524,0.01295456968390632,0.0075239467356272806,0.994011
13,73,7,1,1,1,Excellent,0.9929,8.33,4.16,0.0057,0.0017674831102863497,0.001952619099955213,0.969811
13,73,7,1,1,1,Excellent,0.9929,8.33,4.16,0.0057,0.0017674831102863497,0.001952619099955213,0.956938
20,88,7,1,0,0,Good,0.9872,11.05,5.53,0.0126,0.0032100584588143632,0.0037710802224006734,0.961516
20,88,7,1,0,0,Good,0.9872,11.05,5.53,0.0126,0.0032100584588143632,0.0037710802224006734,0.956905
10,56,8,2,1,1,Poor,0.9296,77.21,38.6,0.0715,0.01760200738801207,0.022081032486715536,0.90853
10,56,8,2,1,1,Poor,0.9296,77.21,38.6,0.0715,0.01760200738801207,0.022081032486715536,0.89621
21,132,8,2,2,2,Excellent,0.9868,9.36,4.68,0.0094,0.0033063218226792035,0.0021686864472220805,0.919535
21,132,8,2,2,2,Excellent,0.9868,9.36,4.68,0.0094,0.0033063218226792035,0.0021686864472220805,0.920232
17,63,6,2,1,1,Good,0.9721,12.45,6.23,0.0299,0.006980639751311607,0.0052809390846945865,0.97407
17,63,6,2,1,1,Good,0.9721,12.45,6.23,0.0299,0.006980639751311607,0.0052809390846945865,0.967471
12,51,5,1,1,1,Excellent,0.996,9.06,4.53,0.0081,0.0010093951754442665,0.0027873401883816307,0.995137
12,51,5,1,1,1,Excellent,0.996,9.06,4.53,0.0081,0.0010093951754442665,0.0027873401883816307,0.992867
17,68,7,1,1,1,Poor,0.9243,89.48,44.74,0.0724,0.01892274726899329,0.015206409039242343,0.902071
17,68,7,1,1,1,Poor,0.9243,89.48,44.74,0.0724,0.01892274726899329,0.015206409039242343,0.896256
6,33,7,1,1,1,Average,0.9465,48.17,24.08,0.0486,0.013369101531348765,0.014637948918062162,0.971416
6,33,7,1,1,1,Average,0.9465,48.17,24.08,0.0486,0.013369101531348765,0.014637948918062162,0.967951
19,83,8,5,2,2,Poor,0.8916,82.48,41.24,0.1113,0.02711006172226274,0.019868128598556866,0.867541
19,83,8,5,2,2,Poor,0.8916,82.48,41.24,0.1113,0.02711006172226274,0.019868128598556866,0.871817
16,75,8,1,1,1,Excellent,0.9902,7.94,3.97,0.0058,0.002445185919281029,0.0016705159551366289,0.926006
16,75,8,1,1,1,Excellent,0.9902,7.94,3.97,0.0058,0.002445185919281029,0.0016705159551366289,0.923259
13,31,5,1,1,1,Poor,0.9056,70.62,35.31,0.0933,0.02359198870676199,0.021679695454759305,0.929147
13,31,5,1,1,1,Poor,0.9056,70.62,35.31,0.0933,0.02359198870676199,0.021679695454759305,0.939292
9,52,6,1,1,1,Excellent,0.9885,6.44,3.22,0.0069,0.0028760964390983634,0.0025864598150200594,0.983776
9,52,6,1,1,1,Excellent,0.9885,6.44,3.22,0.0069,0.0028760964390983634,0.0025864598150200594,0.983887
14,46,5,2,1,1,Average,0.9446,47.4,23.7,0.0573,0.013847853067488813,0.014253319525800112,0.95237
14,46,5,2,1,1,Average,0.9446,47.4,23.7,0.0573,0.013847853067488813,0.014253319525800112,0.956799
18,66,7,1,1,1,Average,0.9339,39.87,19.94,0.0672,0.016528733564797005,0.008609520486492758,0.945605
18,66,7,1,1,1,Average,0.9339,39.87,19.94,0.0672,0.016528733564797005,0.008609520486492758,0.949802
7,27,6,1,1,1,Poor,0.8774,77.8,38.9,0.1243,0.030645648922788732,0.025424638064890936,0.984304
7,27,6,1,1,1,Poor,0.8774,77.8,38.9,0.1243,0.030645648922788732,0.025424638064890936,0.984519
16,70,8,2,1,1,Poor,0.9265,63.54,31.77,0.076,0.018378930251595482,0.015819020837019197,0.899065
16,70,8,2,1,1,Poor,0.9265,63.54,31.77,0.076,0.018378930251595482,0.015819020837019197,0.906253
20,98,7,1,1,1,Good,0.9801,19.78,9.89,0.0158,0.004969364430666562,0.004790397036815114,0.954026
20,98,7,1,1,1,Good,0.9801,19.78,9.89,0.0158,0.004969364430666562,0.004790397036815114,0.946918
20,67,5,2,2,2,Average,0.9468,26.5,13.25,0.0489,0.013295897790091576,0.008280861155911663,0.989046
20,67,5,2,2,2,Average,0.9468,26.5,13.25,0.0489,0.013295897790091576,0.008280861155911663,0.990334
12,82,8,1,1,1,Excellent,0.9991,7.16,3.58,0.0027,0.001,0.002195272185229317,0.931942
12,82,8,1,1,1,Excellent,0.9991,7.16,3.58,0.0027,0.001,0.002195272185229317,0.934414
14,63,5,2,1,1,Good,0.9764,19.87,9.93,0.0188,0.0059062240239746155,0.004761583477340428,0.986728
14,63,5,2,1,1,Good,0.9764,19.87,9.93,0.0188,0.0059062240239746155,0.004761583477340428,0.987699
12,70,7,1,1,1,Poor,0.8692,67.23,33.61,0.1341,0.03269100777105671,0.02059904855421695,0.96553
12,70,7,1,1,1,Poor,0.8692,67.23,33.61,0.1341,0.03269100777105671,0.02059904855421695,0.961437
11,70,8,1,1,1,Poor,0.8542,95.0,47.5,0.1422,0.036456426772457695,0.01575261330235891,0.963726
11,70,8,1,1,1,Poor,0.8542,95.0,47.5,0.1422,0.036456426772457695,0.01575261330235891,0.955413
12,61,7,1,1,1,Average,0.9639,43.29,21.64,0.0347,0.009017583507570287,0.01412820687793298,0.957355
12,61,7,1,1,1,Average,0.9639,43.29,21.64,0.0347,0.009017583507570287,0.01412820687793298,0.957001
16,89,8,2,1,1,Poor,0.8595,82.99,41.49,0.139,0.03512813834140427,0.023804666710846748,0.911624
16,89,8,2,1,1,Poor,0.8595,82.99,41.49,0.139,0.03512813834140427,0.023804666710846748,0.894504
16,54,5,1,1,1,Poor,0.9298,69.03,34.52,0.0706,0.017539013994078895,0.025859656876408434,0.986177
16,54,5,1,1,1,Poor,0.9298,69.03,34.52,0.0706,0.017539013994078895,0.025859656876408434,0.991146
7,44,7,1,0,0,Good,0.9696,10.31,5.15,0.028,0.007587701356912169,0.006284614619917132,0.97933
7,44,7,1,0,0,Good,0.9696,10.31,5.15,0.028,0.007587701356912169,0.006284614619917132,0.987707
18,54,5,3,1,1,Average,0.9652,39.63,19.81,0.035,0.008711141795479688,0.010469463809268255,0.992587
18,54,5,3,1,1,Average,0.9652,39.63,19.81,0.035,0.008711141795479688,0.010469463809268255,0.989574
14,100,8,1,1,1,Poor,0.8689,93.29,46.64,0.1342,0.03276310482182071,0.015414196856658947,0.884706
14,100,8,1,1,1,Poor,0.8689,93.29,46.64,0.1342,0.03276310482182071,0.015414196856658947,0.872681
21,59,4,1,0,0,Average,0.9638,48.16,24.08,0.034,0.009048140431550916,0.008916907086820636,0.996532
21,59,4,1,0,0,Average,0.9638,48.16,24.08,0.034,0.009048140431550916,0.008916907086820636,0.997971
7,40,7,1,1,1,Excellent,0.9885,8.92,4.46,0.0073,0.00288477694358083,0.0027353690961074264,0.965731
7,40,7,1,1,1,Excellent,0.9885,8.92,4.46,0.0073,0.00288477694358083,0.0027353690961074264,0.96976
15,101,7,1,1,1,Average,0.9434,25.91,12.95,0.0524,0.014142073040649572,0.01282567028027354,0.972746
15,101,7,1,1,1,Average,0.9434,25.91,12.95,0.0524,0.014142073040649572,0.01282567028027354,0.976005
20,91,8,4,4,4,Poor,0.9222,59.32,29.66,0.0763,0.01944224693552271,0.022170140561596254,0.89411
20,91,8,4,4,4,Poor,0.9222,59.32,29.66,0.0763,0.01944224693552271,0.022170140561596254,0.892567
15,61,7,1,1,1,Excellent,0.9962,8.7,4.35,0.0025,0.001,0.0020031862622071316,0.9685
15,61,7,1,1,1,Excellent,0.9962,8.7,4.35,0.0025,0.001,0.0020031862622071316,0.968489
21,77,6,1,1,1,Average,0.9632,22.01,11.01,0.0368,0.009188637949425427,0.014059029473892842,0.975555
21,77,6,1,1,1,Average,0.9632,22.01,11.01,0.0368,0.009188637949425427,0.014059029473892842,0.970898
21,47,4,1,0,0,Good,0.9777,14.18,7.09,0.0242,0.005578886735151056,0.0036881007576631828,0.998709
21,47,4,1,0,0,Good,0.9777,14.18,7.09,0.0242,0.005578886735151056,0.0036881007576631828,0.997759
13,36,5,2,1,1,Good,0.974,11.23,5.61,0.0213,0.00650640857511503,0.004844103893598216,0.992786
13,36,5,2,1,1,Good,0.974,11.23,5.61,0.0213,0.00650640857511503,0.004844103893598216,0.985462
6,21,5,1,1,1,Average,0.9297,41.55,20.78,0.0679,0.0175843340367606,0.013244529566234734,0.990079
6,21,5,1,1,1,Average,0.9297,41.55,20.78,0.0679,0.0175843340367606,0.013244529566234734,0.987883
8,38,7,1,1,1,Average,0.9394,44.9,22.45,0.0567,0.015141380621671419,0.014604919938126765,0.957646
8,38,7,1,1,1,Average,0.9394,44.9,22.45,0.0567,0.015141380621671419,0.014604919938126765,0.954474
18,78,7,3,0,0,Excellent,0.9967,6.48,3.24,0.0042,0.001,0.001461346500765238,0.954831
18,78,7,3,0,0,Excellent,0.9967,6.48,3.24,0.0042,0.001,0.001461346500765238,0.955906
9,28,4,1,0,0,Poor,0.8696,84.28,42.14,0.1291,0.032595301327123516,0.024793619223014072,0.964411
9,28,4,1,0,0,Poor,0.8696,84.28,42.14,0.1291,0.032595301327123516,0.024793619223014072,0.97045
20,80,7,1,0,0,Poor,0.8669,96.61,48.31,0.1353,0.033279489881501534,0.020773003220655475,0.892809
20,80,7,1,0,0,Poor,0.8669,96.61,48.31,0.1353,0.033279489881501534,0.020773003220655475,0.899588
6,20,5,1,0,0,Average,0.9638,45.5,22.75,0.0356,0.00905730735573193,0.009636258177784908,0.985258
6,20,5,1,0,0,Average,0.9638,45.5,22.75,0.0356,0.00905730735573193,0.009636258177784908,0.988708
21,85,6,2,1,1,Good,0.9849,15.93,7.97,0.02,0.003766225927168687,0.004872078667896772,0.981685
21,85,6,2,1,1,Good,0.9849,15.93,7.97,0.02,0.003766225927168687,0.004872078667896772,0.980546
19,41,4,3,1,1,Good,0.9821,15.95,7.97,0.0207,0.004471957949090527,0.0039286381496594774,0.99631
19,41,4,3,1,1,Good,0.9821,15.95,7.97,0.0207,0.004471957949090527,0.0039286381496594774,0.996086
10,38,7,1,0,0,Average,0.9286,32.45,16.22,0.0684,0.017845503392499185,0.007299384072169897,0.961718
10,38,7,1,0,0,Average,0.9286,32.45,16.22,0.0684,0.017845503392499185,0.007299384072169897,0.964658
9,31,4,1,1,1,Excellent,0.9966,9.0,4.5,0.0051,0.001,0.0018009673558718226,0.996546
9,31,4,1,1,1,Excellent,0.9966,9.0,4.5,0.0051,0.001,0.0018009673558718226,0.995007
16,64,6,2,1,1,Average,0.9535,35.69,17.85,0.0428,0.011614251319125163,0.009316397330491492,0.975833
16,64,6,2,1,1,Average,0.9535,35.69,17.85,0.0428,0.011614251319125163,0.009316397330491492,0.978241
18,75,5,1,1,1,Excellent,0.9964,6.72,3.36,0.0028,0.001,0.0019149181535303985,0.989665
18,75,5,1,1,1,Excellent,0.9964,6.72,3.36,0.0028,0.001,0.0019149181535303985,0.989698
17,54,6,4,3,3,Poor,0.8863,85.38,42.69,0.1119,0.0284221958483776,0.0290618902951181,0.946201
17,54,6,4,3,3,Poor,0.8863,85.38,42.69,0.1119,0.0284221958483776,0.0290618902951181,0.945611
12,79,8,1,1,1,Poor,0.9203,85.63,42.82,0.0771,0.01992600586126872,0.020236462574699448,0.898348
12,79,8,1,1,1,Poor,0.9203,85.63,42.82,0.0771,0.01992600586126872,0.020236462574699448,0.899812
19,106,7,1,0,0,Poor,0.9151,98.67,49.33,0.0898,0.021231336743627982,0.027118281220008242,0.957119
19,106,7,1,0,0,Poor,0.9151,98.67,49.33,0.0898,0.021231336743627982,0.027118281220008242,0.951385
17,91,8,3,2,2,Poor,0.9261,83.21,41.61,0.0755,0.018482519167995398,0.028851354845710074,0.801812
17,91,8,3,2,2,Poor,0.9261,83.21,41.61,0.0755,0.018482519167995398,0.028851354845710074,0.798076
18,57,6,2,1,1,Excellent,0.9965,8.46,4.23,0.006,0.001,0.0029863719807690474,0.981785
18,57,6,2,1,1,Excellent,0.9965,8.46,4.23,0.006,0.001,0.0029863719807690474,0.987942
10,51,7,2,1,1,Average,0.9307,45.82,22.91,0.0674,0.017326418064110144,0.010764215494448252,0.973079
10,51,7,2,1,1,Average,0.9307,45.82,22.91,0.0674,0.017326418064110144,0.010764215494448252,0.967597
12,35,5,1,0,0,Poor,0.8756,90.09,45.04,0.1247,0.03108837806066339,0.01706082259471873,0.989506
12,35,5,1,0,0,Poor,0.8756,90.09,45.04,0.1247,0.03108837806066339,0.01706082259471873,0.987705
21,54,4,1,1,1,Poor,0.8938,59.56,29.78,0.1085,0.026560515028950904,0.024093042822902505,0.993528
21,54,4,1,1,1,Poor,0.8938,59.56,29.78,0.1085,0.026560515028950904,0.024093042822902505,0.990838
8,30,7,1,0,0,Excellent,0.9882,8.4,4.2,0.01,0.002960000015126363,0.0024405959806025916,0.974141
8,30,7,1,0,0,Excellent,0.9882,8.4,4.2,0.01,0.002960000015126363,0.0024405959806025916,0.973772
7,32,8,1,1,1,Average,0.9396,46.97,23.49,0.0592,0.015103369802506955,0.013610078591391205,0.94581
7,32,8,1,1,1,Average,0.9396,46.97,23.49,0.0592,0.015103369802506955,0.013610078591391205,0.934306
19,77,6,2,0,0,Good,0.9865,11.51,5.75,0.0119,0.0033777981504117816,0.00463213727525074,0.98751
19,77,6,2,0,0,Good,0.9865,11.51,5.75,0.0119,0.0033777981504117816,0.00463213727525074,0.982691
12,31,5,3,2,2,Average,0.9607,21.09,10.55,0.0362,0.009835062276944556,0.008051812433198741,0.94636
12,31,5,3,2,2,Average,0.9607,21.09,10.55,0.0362,0.009835062276944556,0.008051812433198741,0.952237
16,46,5,2,0,0,Good,0.9859,16.74,8.37,0.0118,0.0035154302212284105,0.003940070273091026,0.991919
16,46,5,2,0,0,Good,0.9859,16.74,8.37,0.0118,0.0035154302212284105,0.003940070273091026,0.992073
15,74,6,2,0,0,Excellent,0.9867,8.36,4.18,0.0089,0.0033317003402576206,0.002768290941165126,0.984948
15,74,6,2,0,0,Excellent,0.9867,8.36,4.18,0.0089,0.0033317003402576206,0.002768290941165126,0.978993
17,42,5,2,1,1,Excellent,0.9989,7.44,3.72,0.0037,0.001,0.002491259598735704,0.990361
17,42,5,2,1,1,Excellent,0.9989,7.44,3.72,0.0037,0.001,0.002491259598735704,0.987728
7,22,5,1,1,1,Poor,0.9038,51.22,25.61,0.0912,0.02404019042581987,0.02891809096050279,0.928504
7,22,5,1,1,1,Poor,0.9038,51.22,25.61,0.0912,0.02404019042581987,0.02891809096050279,0.928521
21,109,7,2,1,1,Excellent,1.0,8.35,4.17,0.0017,0.001,0.00240520855321675,0.963505
21,109,7,2,1,1,Excellent,1.0,8.35,4.17,0.0017,0.001,0.00240520855321675,0.960752
21,98,7,1,1,1,Good,0.9805,14.9,7.45,0.0171,0.0048798572317782785,0.004591347726132618,0.964943
21,98,7,1,1,1,Good,0.9805,14.9,7.45,0.0171,0.0048798572317782785,0.004591347726132618,0.967306
10,35,7,2,0,0,Poor,0.8526,67.85,33.92,0.1458,0.03684638897853801,0.019649769651601045,0.926199
10,35,7,2,0,0,Poor,0.8526,67.85,33.92,0.1458,0.03684638897853801,0.019649769651601045,0.921843
19,106,7,1,0,0,Excellent,0.994,6.7,3.35,0.0068,0.001508108918180845,0.0025972743000373224,0.962782
19,106,7,1,0,0,Excellent,0.994,6.7,3.35,0.0068,0.001508108918180845,0.0025972743000373224,0.95977
14,63,8,3,1,1,Good,0.9854,14.63,7.31,0.011,0.0036579317357915975,0.0032758965297265577,0.92889
14,63,8,3,1,1,Good,0.9854,14.63,7.31,0.011,0.0036579317357915975,0.0032758965297265577,0.920319
14,38,5,2,2,2,Good,0.978,16.37,8.18,0.0214,0.0055053099979363584,0.004890198994241062,0.979566
14,38,5,2,2,2,Good,0.978,16.37,8.18,0.0214,0.0055053099979363584,0.004890198994241062,0.981305
16,88,8,1,1,1,Good,0.9735,18.92,9.46,0.0262,0.006628895098417686,0.00386087354138064,0.926005
16,88,8,1,1,1,Good,0.9735,18.92,9.46,0.0262,0.006628895098417686,0.00386087354138064,0.915985
7,26,5,1,1,1,Good,0.9888,14.5,7.25,0.0122,0.0028083252211598686,0.003592152893137842,0.987026
7,26,5,1,1,1,Good,0.9888,14.5,7.25,0.0122,0.0028083252211598686,0.003592152893137842,0.993875
13,61,8,4,2,2,Average,0.9392,29.45,14.73,0.0567,0.015210740039710124,0.00930258725893743,0.926882
13,61,8,4,2,2,Average,0.9392,29.45,14.73,0.0567,0.015210740039710124,0.00930258725893743,0.93944
12,50,6,2,2,2,Poor,0.9132,63.35,31.68,0.0901,0.021710321074756872,0.02623123054707094,0.97864
12,50,6,2,2,2,Poor,0.9132,63.35,31.68,0.0901,0.021710321074756872,0.02623123054707094,0.974307
19,124,8,1,1,1,Excellent,1.001,6.26,3.13,0.0016,0.001,0.0028465449319413838,0.920644
19,124,8,1,1,1,Excellent,1.001,6.26,3.13,0.0016,0.001,0.0028465449319413838,0.92603
20,80,5,2,0,0,Poor,0.9075,85.89,42.95,0.0891,0.023136503660889457,0.02262918524968892,0.981866
20,80,5,2,0,0,Poor,0.9075,85.89,42.95,0.0891,0.023136503660889457,0.02262918524968892,0.982876
20,117,8,1,1,1,Average,0.9668,40.06,20.03,0.0343,0.008310273705227522,0.008746394347450436,0.900356
20,117,8,1,1,1,Average,0.9668,40.06,20.03,0.0343,0.008310273705227522,0.008746394347450436,0.92093
17,94,8,1,1,1,Good,0.9846,10.39,5.2,0.0109,0.003859521043980324,0.0032399883170605146,0.93028
17,94,8,1,1,1,Good,0.9846,10.39,5.2,0.0109,0.003859521043980324,0.0032399883170605146,0.916129
12,43,7,3,2,2,Good,0.9746,13.42,6.71,0.0246,0.006344099977529494,0.006829360380048881,0.973687
12,43,7,3,2,2,Good,0.9746,13.42,6.71,0.0246,0.006344099977529494,0.006829360380048881,0.981394
16,73,7,2,1,1,Average,0.9441,32.07,16.04,0.0521,0.013963799628863433,0.00832558802084565,0.962798
16,73,7,2,1,1,Average,0.9441,32.07,16.04,0.0521,0.013963799628863433,0.00832558802084565,0.953522
20,107,6,1,0,0,Excellent,0.9965,6.21,3.1,0.0027,0.001,0.0014331962499055165,0.982715
20,107,6,1,0,0,Excellent,0.9965,6.21,3.1,0.0027,0.001,0.0014331962499055165,0.979083
15,52,5,3,1,1,Poor,0.8695,67.69,33.84,0.1331,0.0326272583772792,0.02119663728650704,0.98047
15,52,5,3,1,1,Poor,0.8695,67.69,33.84,0.1331,0.0326272583772792,0.02119663728650704,0.981444
15,98,8,1,1,1,Excellent,0.9949,6.67,3.34,0.0075,0.00128429385293502,0.001665793837921134,0.953132
15,98,8,1,1,1,Excellent,0.9949,6.67,3.34,0.0075,0.00128429385293502,0.001665793837921134,0.948013
16,76,7,2,0,0,Poor,0.8547,60.2,30.1,0.1478,0.0363166048533638,0.027264386414289667,0.955059
16,76,7,2,0,0,Poor,0.8547,60.2,30.1,0.1478,0.0363166048533638,0.027264386414289667,0.93945
17,95,8,2,1,1,Excellent,0.9916,8.94,4.47,0.0084,0.002108580313557956,0.0021377627950104955,0.905686
17,95,8,2,1,1,Excellent,0.9916,8.94,4.47,0.0084,0.002108580313557956,0.0021377627950104955,0.935685
17,101,7,1,0,0,Average,0.9566,47.39,23.7,0.0463,0.010861208138931433,0.007100856425867976,0.951535
17,101,7,1,0,0,Average,0.9566,47.39,23.7,0.0463,0.010861208138931433,0.007100856425867976,0.950651
11,26,5,2,2,2,Poor,0.8901,86.84,43.42,0.1113,0.027473172599647655,0.0163241355130864,0.958671
11,26,5,2,2,2,Poor,0.8901,86.84,43.42,0.1113,0.027473172599647655,0.0163241355130864,0.949899
10,32,5,1,1,1,Average,0.9579,22.78,11.39,0.0406,0.010522835885623277,0.014342472528688519,0.988676
10,32,5,1,1,1,Average,0.9579,22.78,11.39,0.0406,0.010522835885623277,0.014342472528688519,0.986041
12,42,6,1,0,0,Poor,0.9106,82.06,41.03,0.0884,0.022355796815160117,0.015676107809657135,0.97944
12,42,6,1,0,0,Poor,0.9106,82.06,41.03,0.0884,0.022355796815160117,0.015676107809657135,0.979564
12,53,6,1,1,1,Excellent,0.987,5.92,2.96,0.0085,0.003250038864589133,0.0011549568209153298,0.983084
12,53,6,1,1,1,Excellent,0.987,5.92,2.96,0.0085,0.003250038864589133,0.0011549568209153298,0.988175
10,35,5,1,0,0,Excellent,0.9908,5.08,2.54,0.0078,0.002293648953772015,0.0025144186787099372,0.991573
10,35,5,1,0,0,Excellent,0.9908,5.08,2.54,0.0078,0.002293648953772015,0.0025144186787099372,0.989489
12,45,6,1,1,1,Good,0.9726,11.66,5.83,0.0228,0.006857463524706897,0.005865196615137102,0.983023
12,45,6,1,1,1,Good,0.9726,11.66,5.83,0.0228,0.006857463524706897,0.005865196615137102,0.976905
12,70,8,1,1,1,Average,0.9558,42.55,21.27,0.0461,0.011061149206160137,0.007192377868312444,0.919005
12,70,8,1,1,1,Average,0.9558,42.55,21.27,0.0461,0.011061149206160137,0.007192377868312444,0.922734
19,63,7,2,1,1,Poor,0.9059,68.86,34.43,0.0947,0.0235171330586203,0.021471444025183268,0.94479
19,63,7,2,1,1,Poor,0.9059,68.86,34.43,0.0947,0.0235171330586203,0.021471444025183268,0.946212
15,34,4,1,0,0,Good,0.9837,15.18,7.59,0.0201,0.0040808039463173795,0.005973612408518225,0.994821
15,34,4,1,0,0,Good,0.9837,15.18,7.59,0.0201,0.0040808039463173795,0.005973612408518225,0.99744
19,61,6,3,3,3,Good,0.9729,15.71,7.85,0.0259,0.006771275549910971,0.0052622617408866045,0.983235
19,61,6,3,3,3,Good,0.9729,15.71,7.85,0.0259,0.006771275549910971,0.0052622617408866045,0.973359
12,34,5,2,2,2,Good,0.9719,13.27,6.64,0.0247,0.007024943905722225,0.003980190415144183,0.993349
12,34,5,2,2,2,Good,0.9719,13.27,6.64,0.0247,0.007024943905722225,0.003980190415144183,0.990241
19,84,6,2,2,2,Good,0.9907,14.74,7.37,0.0111,0.002319201513842295,0.004870099370981328,0.97399
19,84,6,2,2,2,Good,0.9907,14.74,7.37,0.0111,0.002319201513842295,0.004870099370981328,0.979337
13,60,5,1,1,1,Average,0.9398,39.14,19.57,0.065,0.01505703322739868,0.01032950063930497,0.992072
13,60,5,1,1,1,Average,0.9398,39.14,19.57,0.065,0.01505703322739868,0.01032950063930497,0.986833
18,74,6,3,1,1,Excellent,0.9939,7.73,3.87,0.0098,0.0015255789992441593,0.0017917111839176173,0.983608
18,74,6,3,1,1,Excellent,0.9939,7.73,3.87,0.0098,0.0015255789992441593,0.0017917111839176173,0.979078
18,127,8,1,1,1,Poor,0.8774,97.13,48.57,0.1193,0.030647952229975045,0.029577949969162805,0.90743
18,127,8,1,1,1,Poor,0.8774,97.13,48.57,0.1193,0.030647952229975045,0.029577949969162805,0.921246
14,66,8,3,3,3,Excellent,0.9962,8.77,4.38,0.0068,0.001,0.0023000210624312687,0.936775
14,66,8,3,3,3,Excellent,0.9962,8.77,4.38,0.0068,0.001,0.0023000210624312687,0.928237
16,75,8,4,1,1,Poor,0.9096,90.0,45.0,0.0884,0.02259171925605638,0.015705749636526517,0.917422
16,75,8,4,1,1,Poor,0.9096,90.0,45.0,0.0884,0.02259171925605638,0.015705749636526517,0.915436
13,58,8,1,0,0,Excellent,0.9911,5.61,2.8,0.0058,0.002221720395113286,0.0019378319594387417,0.940396
13,58,8,1,0,0,Excellent,0.9911,5.61,2.8,0.0058,0.002221720395113286,0.0019378319594387417,0.932319
8,41,8,2,0,0,Good,0.9712,16.45,8.23,0.0258,0.007191200691143124,0.006862224623377169,0.956469
8,41,8,2,0,0,Good,0.9712,16.45,8.23,0.0258,0.007191200691143124,0.006862224623377169,0.962207
13,56,8,1,0,0,Excellent,0.9898,5.46,2.73,0.0067,0.0025392404145880565,0.0028607597768276712,0.933047
13,56,8,1,0,0,Excellent,0.9898,5.46,2.73,0.0067,0.0025392404145880565,0.0028607597768276712,0.940353
17,47,4,1,0,0,Good,0.9749,10.31,5.16,0.0225,0.006284764124576736,0.003397624682301653,0.995462
17,47,4,1,0,0,Good,0.9749,10.31,5.16,0.0225,0.006284764124576736,0.003397624682301653,0.996171
12,31,5,2,0,0,Excellent,1.0008,9.64,4.82,0.0024,0.001,0.0022743194663503814,0.990195
12,31,5,2,0,0,Excellent,1.0008,9.64,4.82,0.0024,0.001,0.0022743194663503814,0.990759
6,23,6,2,2,2,Good,0.9771,10.8,5.4,0.0197,0.005716193129245151,0.0034887728258748097,0.976407
6,23,6,2,2,2,Good,0.9771,10.8,5.4,0.0197,0.005716193129245151,0.0034887728258748097,0.971618
9,20,4,1,1,1,Good,0.9819,16.22,8.11,0.0221,0.004528061564791297,0.006794321216490415,0.995066
9,20,4,1,1,1,Good,0.9819,16.22,8.11,0.0221,0.004528061564791297,0.006794321216490415,0.995339
16,107,7,1,0,0,Poor,0.8693,95.2,47.6,0.1258,0.032665404686820915,0.025487343706827963,0.963967
16,107,7,1,0,0,Poor,0.8693,95.2,47.6,0.1258,0.032665404686820915,0.025487343706827963,0.962451
18,63,7,2,1,1,Average,0.9379,45.29,22.64,0.0653,0.015533676186436807,0.008393310960472286,0.946839
18,63,7,2,1,1,Average,0.9379,45.29,22.64,0.0653,0.015533676186436807,0.008393310960472286,0.947881
15,49,6,2,1,1,Good,0.9893,12.57,6.29,0.0144,0.002683921531923178,0.006638682448211829,0.983785
15,49,6,2,1,1,Good,0.9893,12.57,6.29,0.0144,0.002683921531923178,0.006638682448211829,0.981268
15,48,6,4,4,4,Poor,0.8766,65.22,32.61,0.1195,0.030842212763744492,0.029645530390704732,0.949061
15,48,6,4,4,4,Poor,0.8766,65.22,32.61,0.1195,0.030842212763744492,0.029645530390704732,0.940055
20,42,4,1,1,1,Excellent,1.0033,5.67,2.83,0.0014,0.001,0.002812227204936426,0.99768
20,42,4,1,1,1,Excellent,1.0033,5.67,2.83,0.0014,0.001,0.002812227204936426,0.996639
7,24,6,1,1,1,Excellent,0.9958,8.12,4.06,0.0066,0.0010600318624129634,0.0020393491537819843,0.99316
7,24,6,1,1,1,Excellent,0.9958,8.12,4.06,0.0066,0.0010600318624129634,0.0020393491537819843,0.993656
12,73,8,2,1,1,Average,0.9434,38.81,19.41,0.0527,0.014143935709955702,0.013699004304700805,0.955392
12,73,8,2,1,1,Average,0.9434,38.81,19.41,0.0527,0.014143935709955702,0.013699004304700805,0.948866
6,28,7,2,2,2,Excellent,0.9961,6.87,3.44,0.006,0.001,0.0013558968941166792,0.990326
6,28,7,2,2,2,Excellent,0.9961,6.87,3.44,0.006,0.001,0.0013558968941166792,0.993454
11,41,7,1,1,1,Average,0.9391,24.43,12.21,0.0648,0.01522931307568584,0.007706062628045235,0.962646
11,41,7,1,1,1,Average,0.9391,24.43,12.21,0.0648,0.01522931307568584,0.007706062628045235,0.955992
9,32,4,1,1,1,Poor,0.9002,73.37,36.68,0.0977,0.02495111449880058,0.022936982358385052,0.996274
9,32,4,1,1,1,Poor,0.9002,73.37,36.68,0.0977,0.02495111449880058,0.022936982358385052,0.997841
18,53,4,1,1,1,Poor,0.9203,75.28,37.64,0.079,0.019926279344380293,0.028845108464540678,0.990394
18,53,4,1,1,1,Poor,0.9203,75.28,37.64,0.079,0.019926279344380293,0.028845108464540678,0.988079
19,89,8,4,2,2,Good,0.9881,19.53,9.77,0.0101,0.0029856500264850705,0.004332371031904281,0.938035
19,89,8,4,2,2,Good,0.9881,19.53,9.77,0.0101,0.0029856500264850705,0.004332371031904281,0.932583
18,113,8,2,0,0,Average,0.95,42.62,21.31,0.0473,0.01248844768833332,0.007125923643745904,0.854399
18,113,8,2,0,0,Average,0.95,42.62,21.31,0.0473,0.01248844768833332,0.007125923643745904,0.860999
21,48,4,1,1,1,Average,0.9335,26.26,13.13,0.0643,0.016614017284423105,0.012389672280068733,0.994939
21,48,4,1,1,1,Average,0.9335,26.26,13.13,0.0643,0.016614017284423105,0.012389672280068733,0.996327
6,23,6,2,0,0,Poor,0.9047,66.12,33.06,0.0956,0.023825533702253793,0.022527008874704317,0.950067
6,23,6,2,0,0,Poor,0.9047,66.12,33.06,0.0956,0.023825533702253793,0.022527008874704317,0.939303
15,59,5,1,0,0,Poor,0.8916,96.45,48.23,0.1057,0.027099907337065937,0.022448600102686244,0.984646
15,59,5,1,0,0,Poor,0.8916,96.45,48.23,0.1057,0.027099907337065937,0.022448600102686244,0.978312
13,56,8,2,1,1,Excellent,0.9977,8.25,4.13,0.0039,0.001,0.002661555722956918,0.949856
13,56,8,2,1,1,Excellent,0.9977,8.25,4.13,0.0039,0.001,0.002661555722956918,0.943905
13,49,6,1,1,1,Average,0.93,29.83,14.92,0.0658,0.017497453494622617,0.014222159931863581,0.985145
13,49,6,1,1,1,Average,0.93,29.83,14.92,0.0658,0.017497453494622617,0.014222159931863581,0.976601
11,48,7,1,0,0,Poor,0.8489,82.06,41.03,0.1486,0.037782080892691,0.025876264475756736,0.935794
11,48,7,1,0,0,Poor,0.8489,82.06,41.03,0.1486,0.037782080892691,0.025876264475756736,0.929622
13,29,4,2,1,1,Good,0.9904,10.11,5.05,0.0122,0.00241118399467935,0.0032528437324290584,0.996338
13,29,4,2,1,1,Good,0.9904,10.11,5.05,0.0122,0.00241118399467935,0.0032528437324290584,0.996759
14,42,5,3,3,3,Excellent,0.9969,7.14,3.57,0.002,0.001,0.0010620681803374886,0.989715
14,42,5,3,3,3,Excellent,0.9969,7.14,3.57,0.002,0.001,0.0010620681803374886,0.990221
7,42,8,1,0,0,Average,0.9569,20.88,10.44,0.0421,0.010775414236840447,0.007513727668889955,0.942
7,42,8,1,0,0,Average,0.9569,20.88,10.44,0.0421,0.010775414236840447,0.007513727668889955,0.938316
20,55,4,2,2,2,Excellent,0.9958,8.34,4.17,0.0027,0.001049682006269842,0.002623993364837875,0.99354
20,55,4,2,2,2,Excellent,0.9958,8.34,4.17,0.0027,0.001049682006269842,0.002623993364837875,0.993575
19,86,7,3,2,2,Poor,0.8754,97.61,48.8,0.1205,0.03114119345499916,0.02841351359583362,0.895319
19,86,7,3,2,2,Poor,0.8754,97.61,48.8,0.1205,0.03114119345499916,0.02841351359583362,0.87554
7,27,6,1,0,0,Poor,0.8797,86.91,43.46,0.1183,0.03006353535814582,0.019466438875685416,0.963773
7,27,6,1,0,0,Poor,0.8797,86.91,43.46,0.1183,0.03006353535814582,0.019466438875685416,0.964884
9,40,8,3,0,0,Excellent,1.0015,9.57,4.78,0.001,0.001,0.0026890319328661968,0.973599
9,40,8,3,0,0,Excellent,1.0015,9.57,4.78,0.001,0.001,0.0026890319328661968,0.974841
19,77,6,1,1,1,Poor,0.8972,89.79,44.89,0.1022,0.025694896845178367,0.02853178796223104,0.928156
19,77,6,1,1,1,Poor,0.8972,89.79,44.89,0.1022,0.025694896845178367,0.02853178796223104,0.935653
18,104,8,2,1,1,Excellent,0.9961,5.48,2.74,0.0004,0.001,0.0011891147859372266,0.921207
18,104,8,2,1,1,Excellent,0.9961,5.48,2.74,0.0004,0.001,0.0011891147859372266,0.925621
15,93,7,2,0,0,Average,0.9377,22.25,11.13,0.066,0.015569962504972806,0.010733609840773487,0.956015
15,93,7,2,0,0,Average,0.9377,22.25,11.13,0.066,0.015569962504972806,0.010733609840773487,0.962927
10,24,4,2,1,1,Good,0.9764,16.65,8.33,0.0211,0.005896637706168467,0.00694070373028537,0.997547
10,24,4,2,1,1,Good,0.9764,16.65,8.33,0.0211,0.005896637706168467,0.00694070373028537,0.994267
11,50,7,2,2,2,Poor,0.9227,73.02,36.51,0.0809,0.019314603347166753,0.02592792494022493,0.929094
11,50,7,2,2,2,Poor,0.9227,73.02,36.51,0.0809,0.019314603347166753,0.02592792494022493,0.923544
17,52,4,1,1,1,Good,0.9801,15.32,7.66,0.0205,0.004981600039708545,0.0061353609632170325,0.99864
17,52,4,1,1,1,Good,0.9801,15.32,7.66,0.0205,0.004981600039708545,0.0061353609632170325,0.993782
20,61,5,1,1,1,Good,0.9694,16.19,8.1,0.0275,0.0076566016242701485,0.005514482340954346,0.991098
20,61,5,1,1,1,Good,0.9694,16.19,8.1,0.0275,0.0076566016242701485,0.005514482340954346,0.993168
18,107,8,2,2,2,Poor,0.8818,59.77,29.89,0.1185,0.02955726258626104,0.02648686145068603,0.920602
18,107,8,2,2,2,Poor,0.8818,59.77,29.89,0.1185,0.02955726258626104,0.02648686145068603,0.916999
10,44,6,1,0,0,Poor,0.8836,62.42,31.21,0.1146,0.02909699728968207,0.026381936228971774,0.97834
10,44,6,1,0,0,Poor,0.8836,62.42,31.21,0.1146,0.02909699728968207,0.026381936228971774,0.974362
10,34,6,2,2,2,Good,0.9795,16.03,8.01,0.0211,0.005133225806984637,0.005646053774773294,0.989129
10,34,6,2,2,2,Good,0.9795,16.03,8.01,0.0211,0.005133225806984637,0.005646053774773294,0.977251
16,50,5,1,0,0,Good,0.9768,18.3,9.15,0.0271,0.005797052637124489,0.006756306540680797,0.993414
16,50,5,1,0,0,Good,0.9768,18.3,9.15,0.0271,0.005797052637124489,0.006756306540680797,0.989029
19,42,4,2,2,2,Poor,0.904,59.72,29.86,0.0916,0.024005642461025406,0.018927048335726167,0.988409
19,42,4,2,2,2,Poor,0.904,59.72,29.86,0.0916,0.024005642461025406,0.018927048335726167,0.992355
18,61,6,3,3,3,Good,0.9747,12.55,6.28,0.0238,0.006336754649744314,0.0068891689441700765,0.97619
18,61,6,3,3,3,Good,0.9747,12.55,6.28,0.0238,0.006336754649744314,0.0068891689441700765,0.980944
12,48,7,1,0,0,Poor,0.8611,58.57,29.28,0.1395,0.034733334217329354,0.0177292108036832,0.867151
12,48,7,1,0,0,Poor,0.8611,58.57,29.28,0.1395,0.034733334217329354,0.0177292108036832,0.852711
20,70,6,1,1,1,Excellent,0.996,6.42,3.21,0.0027,0.0010081868165096874,0.0024332035201369722,0.983555
20,70,6,1,1,1,Excellent,0.996,6.42,3.21,0.0027,0.0010081868165096874,0.0024332035201369722,0.980091
12,46,6,1,1,1,Average,0.9285,46.14,23.07,0.0674,0.01788002147361073,0.007842023221682823,0.968177
12,46,6,1,1,1,Average,0.9285,46.14,23.07,0.0674,0.01788002147361073,0.007842023221682823,0.965332
14,51,6,3,3,3,Average,0.9471,28.79,14.4,0.0527,0.013231162646566597,0.009310551236075196,0.959031
14,51,6,3,3,3,Average,0.9471,28.79,14.4,0.0527,0.013231162646566597,0.009310551236075196,0.961701
15,32,4,1,1,1,Good,0.9734,18.56,9.28,0.0254,0.006644963535719972,0.005022668394734283,0.995299
15,32,4,1,1,1,Good,0.9734,18.56,9.28,0.0254,0.006644963535719972,0.005022668394734283,0.996198
8,30,6,1,1,1,Good,0.9916,16.24,8.12,0.0125,0.0020904569430190145,0.004092442952168915,0.989147
8,30,6,1,1,1,Good,0.9916,16.24,8.12,0.0125,0.0020904569430190145,0.004092442952168915,0.994192
11,43,7,1,1,1,Average,0.9593,39.82,19.91,0.0415,0.010166144186927017,0.014027537733382476,0.971671
11,43,7,1,1,1,Average,0.9593,39.82,19.91,0.0415,0.010166144186927017,0.014027537733382476,0.969607
16,61,5,2,2,2,Good,0.9778,16.52,8.26,0.0224,0.0055380743062959925,0.00498336968942455,0.979712
16,61,5,2,2,2,Good,0.9778,16.52,8.26,0.0224,0.0055380743062959925,0.00498336968942455,0.973432
13,43,6,1,1,1,Excellent,0.993,5.31,2.65,0.0032,0.0017421375689735674,0.0017371678498621615,0.984596
13,43,6,1,1,1,Excellent,0.993,5.31,2.65,0.0032,0.0017421375689735674,0.0017371678498621615,0.981182
21,67,6,1,1,1,Good,0.9675,19.17,9.59,0.028,0.008116632441610344,0.006831442548797654,0.984353
21,67,6,1,1,1,Good,0.9675,19.17,9.59,0.028,0.008116632441610344,0.006831442548797654,0.979013
11,55,8,4,3,3,Average,0.9579,29.73,14.86,0.0379,0.010525149478853829,0.012793744772861727,0.917737
11,55,8,4,3,3,Average,0.9579,29.73,14.86,0.0379,0.010525149478853829,0.012793744772861727,0.92636
18,67,6,1,1,1,Average,0.9602,47.12,23.56,0.0395,0.009940117438064389,0.012119618516001372,0.979061
18,67,6,1,1,1,Average,0.9602,47.12,23.56,0.0395,0.009940117438064389,0.012119618516001372,0.980607
11,70,7,1,1,1,Average,0.9713,26.17,13.08,0.0319,0.007179533174549307,0.00756809168582655,0.972856
11,70,7,1,1,1,Average,0.9713,26.17,13.08,0.0319,0.007179533174549307,0.00756809168582655,0.96722
19,64,6,1,0,0,Excellent,0.9935,7.13,3.56,0.0074,0.0016151082767953961,0.0012284637648670943,0.979446
19,64,6,1,0,0,Excellent,0.9935,7.13,3.56,0.0074,0.0016151082767953961,0.0012284637648670943,0.986576
19,133,8,1,0,0,Good,0.9728,17.5,8.75,0.0283,0.006797833638574613,0.0065238080266729215,0.906154
19,133,8,1,0,0,Good,0.9728,17.5,8.75,0.0283,0.006797833638574613,0.0065238080266729215,0.908773
21,101,8,1,1,1,Excellent,0.9957,6.93,3.46,0.0001,0.0010785690802193604,0.0025454865286687034,0.918652
21,101,8,1,1,1,Excellent,0.9957,6.93,3.46,0.0001,0.0010785690802193604,0.0025454865286687034,0.917852
16,47,5,3,3,3,Excellent,0.9859,5.69,2.85,0.0099,0.0035238522994461563,0.0010881998539216476,0.990729
16,47,5,3,3,3,Excellent,0.9859,5.69,2.85,0.0099,0.0035238522994461563,0.0010881998539216476,0.994135
7,32,6,1,1,1,Good,0.981,19.1,9.55,0.0196,0.004758184298905704,0.006245421070485831,0.984742
7,32,6,1,1,1,Good,0.981,19.1,9.55,0.0196,0.004758184298905704,0.006245421070485831,0.98732
19,116,8,1,0,0,Good,0.9845,16.39,8.19,0.0123,0.003882470276037775,0.005216736745569429,0.922744
19,116,8,1,0,0,Good,0.9845,16.39,8.19,0.0123,0.003882470276037775,0.005216736745569429,0.912977
14,35,4,1,0,0,Average,0.9682,24.23,12.12,0.0315,0.007961629606474008,0.010160236046484705,0.997488
14,35,4,1,0,0,Average,0.9682,24.23,12.12,0.0315,0.007961629606474008,0.010160236046484705,0.991755
20,77,7,5,2,2,Average,0.9342,24.92,12.46,0.0673,0.016446023568122997,0.009287340705679496,0.950367
20,77,7,5,2,2,Average,0.9342,24.92,12.46,0.0673,0.016446023568122997,0.009287340705679496,0.94377
14,65,6,1,0,0,Good,0.9895,12.57,6.29,0.0103,0.0026299883063964358,0.006368754014025259,0.979257
14,65,6,1,0,0,Good,0.9895,12.57,6.29,0.0103,0.0026299883063964358,0.006368754014025259,0.98151
19,80,8,3,0,0,Excellent,0.9951,8.59,4.3,0.0035,0.001214376900515679,0.002037638063797812,0.922273
19,80,8,3,0,0,Excellent,0.9951,8.59,4.3,0.0035,0.001214376900515679,0.002037638063797812,0.917345
14,55,6,1,1,1,Poor,0.8792,98.76,49.38,0.1228,0.03020013917847511,0.018200101207426683,0.885798
14,55,6,1,1,1,Poor,0.8792,98.76,49.38,0.1228,0.03020013917847511,0.018200101207426683,0.888279
11,41,7,2,2,2,Good,0.9835,10.29,5.14,0.0163,0.004127306890171822,0.0048769155341409865,0.965568
11,41,7,2,2,2,Good,0.9835,10.29,5.14,0.0163,0.004127306890171822,0.0048769155341409865,0.960595
12,63,8,1,1,1,Poor,0.9268,72.18,36.09,0.0713,0.018287674114713104,0.024386020090398003,0.875144
12,63,8,1,1,1,Poor,0.9268,72.18,36.09,0.0713,0.018287674114713104,0.024386020090398003,0.856183
14,61,8,5,2,2,Excellent,0.9955,6.58,3.29,0.0077,0.0011364320560128816,0.0014597708965808232,0.968615
14,61,8,5,2,2,Excellent,0.9955,6.58,3.29,0.0077,0.0011364320560128816,0.0014597708965808232,0.974337
17,72,8,3,2,2,Poor,0.8521,80.95,40.47,0.1471,0.03696276730574383,0.015226175247273743,0.901767
17,72,8,3,2,2,Poor,0.8521,80.95,40.47,0.1471,0.03696276730574383,0.015226175247273743,0.897105
19,85,8,2,1,1,Good,0.9805,13.57,6.79,0.0235,0.004864561930648187,0.004571183205160234,0.91307
19,85,8,2,1,1,Good,0.9805,13.57,6.79,0.0235,0.004864561930648187,0.004571183205160234,0.917412
16,72,7,1,1,1,Excellent,0.995,8.99,4.49,0.0009,0.001246174807781969,0.0015819274802436026,0.958089
16,72,7,1,1,1,Excellent,0.995,8.99,4.49,0.0009,0.001246174807781969,0.0015819274802436026,0.966209
11,60,7,1,0,0,Good,0.9711,13.8,6.9,0.0268,0.007228021070285223,0.0034151323892592476,0.963939
11,60,7,1,0,0,Good,0.9711,13.8,6.9,0.0268,0.007228021070285223,0.0034151323892592476,0.968646
18,79,6,1,1,1,Average,0.9615,27.21,13.61,0.0363,0.009633726171469376,0.008953376440443367,0.977511
18,79,6,1,1,1,Average,0.9615,27.21,13.61,0.0363,0.009633726171469376,0.008953376440443367,0.978999
20,78,4,1,0,0,Poor,0.8586,96.06,48.03,0.1441,0.03534712137889309,0.019841157100209672,0.992872
20,78,4,1,0,0,Poor,0.8586,96.06,48.03,0.1441,0.03534712137889309,0.019841157100209672,0.994804
21,47,5,2,0,0,Average,0.9423,36.8,18.4,0.06,0.01442797789057701,0.012819363350897122,0.978681
21,47,5,2,0,0,Average,0.9423,36.8,18.4,0.06,0.01442797789057701,0.012819363350897122,0.983321
11,27,4,1,1,1,Good,0.9737,19.43,9.72,0.0288,0.006579880976765012,0.006317799040390247,0.997302
11,27,4,1,1,1,Good,0.9737,19.43,9.72,0.0288,0.006579880976765012,0.006317799040390247,0.995934
20,81,7,3,1,1,Excellent,0.9933,5.41,2.71,0.0049,0.0016678826703238614,0.0013397948719874044,0.959754
20,81,7,3,1,1,Excellent,0.9933,5.41,2.71,0.0049,0.0016678826703238614,0.0013397948719874044,0.965655
11,52,8,2,1,1,Average,0.9445,36.88,18.44,0.0604,0.013877690098470397,0.009622042589030877,0.937028
11,52,8,2,1,1,Average,0.9445,36.88,18.44,0.0604,0.013877690098470397,0.009622042589030877,0.925281
16,55,5,1,1,1,Average,0.9706,21.14,10.57,0.03,0.0073585377442310085,0.013076865082363859,0.983498
16,55,5,1,1,1,Average,0.9706,21.14,10.57,0.03,0.0073585377442310085,0.013076865082363859,0.987193
15,44,5,1,1,1,Good,0.9749,14.15,7.07,0.0248,0.006274514566190825,0.004280654168766027,0.989317
15,44,5,1,1,1,Good,0.9749,14.15,7.07,0.0248,0.006274514566190825,0.004280654168766027,0.983472
16,82,8,1,0,0,Excellent,1.0024,8.54,4.27,0.002,0.001,0.0027414938879322167,0.935283
16,82,8,1,0,0,Excellent,1.0024,8.54,4.27,0.002,0.001,0.0027414938879322167,0.920225
14,61,5,1,1,1,Poor,0.8878,53.81,26.91,0.1122,0.02804875121014136,0.022440394072479244,0.990834
14,61,5,1,1,1,Poor,0.8878,53.81,26.91,0.1122,0.02804875121014136,0.022440394072479244,0.991481
11,81,8,1,0,0,Poor,0.8542,95.1,47.55,0.1497,0.03644924685350598,0.017828907593229228,0.921413
11,81,8,1,0,0,Poor,0.8542,95.1,47.55,0.1497,0.03644924685350598,0.017828907593229228,0.922344
7,20,5,1,1,1,Average,0.9275,23.07,11.54,0.0682,0.018129592872614453,0.007680231082704563,0.930053
7,20,5,1,1,1,Average,0.9275,23.07,11.54,0.0682,0.018129592872614453,0.007680231082704563,0.935376
12,35,5,1,1,1,Good,0.9716,10.61,5.31,0.0263,0.0070963208836696545,0.0033473488250118782,0.993298
12,35,5,1,1,1,Good,0.9716,10.61,5.31,0.0263,0.0070963208836696545,0.0033473488250118782,0.991926
19,82,7,3,1,1,Excellent,0.9945,8.32,4.16,0.0068,0.0013663059549592627,0.002836060675966986,0.959956
19,82,7,3,1,1,Excellent,0.9945,8.32,4.16,0.0068,0.0013663059549592627,0.002836060675966986,0.970188
8,20,5,1,0,0,Excellent,0.9906,7.9,3.95,0.0093,0.0023606920370950746,0.0029528817642212263,0.991933
8,20,5,1,0,0,Excellent,0.9906,7.9,3.95,0.0093,0.0023606920370950746,0.0029528817642212263,0.994857
21,114,7,3,3,3,Poor,0.8971,89.16,44.58,0.1064,0.025715108839893835,0.020131021115769965,0.928492
21,114,7,3,3,3,Poor,0.8971,89.16,44.58,0.1064,0.025715108839893835,0.020131021115769965,0.926305
18,74,7,1,1,1,Average,0.9592,30.71,15.36,0.042,0.010194251955257194,0.007465380561830242,0.953186
18,74,7,1,1,1,Average,0.9592,30.71,15.36,0.042,0.010194251955257194,0.007465380561830242,0.956206
16,87,8,2,0,0,Average,0.9414,26.06,13.03,0.0609,0.014660387371578737,0.007863029414519229,0.917992
16,87,8,2,0,0,Average,0.9414,26.06,13.03,0.0609,0.014660387371578737,0.007863029414519229,0.908545
12,55,7,3,3,3,Average,0.9561,31.14,15.57,0.0394,0.010977102383095488,0.01194615076372525,0.951471
12,55,7,3,3,3,Average,0.9561,31.14,15.57,0.0394,0.010977102383095488,0.01194615076372525,0.954245
12,41,4,1,1,1,Average,0.9288,40.36,20.18,0.0693,0.017805658752201636,0.012238601715566011,0.994262
12,41,4,1,1,1,Average,0.9288,40.36,20.18,0.0693,0.017805658752201636,0.012238601715566011,0.993423
16,70,6,1,1,1,Excellent,0.9961,7.32,3.66,0.0014,0.001,0.001864329310336926,0.974988
16,70,6,1,1,1,Excellent,0.9961,7.32,3.66,0.0014,0.001,0.001864329310336926,0.975448
9,30,6,1,0,0,Average,0.9491,29.17,14.59,0.0503,0.012728001154081181,0.007858899410518731,0.965983
9,30,6,1,0,0,Average,0.9491,29.17,14.59,0.0503,0.012728001154081181,0.007858899410518731,0.963625
15,71,7,2,1,1,Good,0.9813,17.35,8.67,0.0151,0.004685353131380687,0.00578905304905028,0.957729
15,71,7,2,1,1,Good,0.9813,17.35,8.67,0.0151,0.004685353131380687,0.00578905304905028,0.953728
20,88,8,5,2,2,Good,0.9739,10.55,5.27,0.0217,0.0065314612561271634,0.005267142245983823,0.920848
20,88,8,5,2,2,Good,0.9739,10.55,5.27,0.0217,0.0065314612561271634,0.005267142245983823,0.918534
17,71,5,1,1,1,Good,0.9712,14.54,7.27,0.0254,0.007190031927993029,0.0051847919279556474,0.991664
17,71,5,1,1,1,Good,0.9712,14.54,7.27,0.0254,0.007190031927993029,0.0051847919279556474,0.99097
14,66,8,1,1,1,Excellent,0.9933,7.96,3.98,0.0089,0.0016800338632945166,0.0029074341052899104,0.926134
14,66,8,1,1,1,Excellent,0.9933,7.96,3.98,0.0089,0.0016800338632945166,0.0029074341052899104,0.928269
8,39,6,1,0,0,Average,0.9389,29.41,14.7,0.0627,0.015272968478027033,0.009345647036936092,0.973858
8,39,6,1,0,0,Average,0.9389,29.41,14.7,0.0627,0.015272968478027033,0.009345647036936092,0.972218
6,37,8,2,0,0,Excellent,0.987,6.29,3.14,0.0097,0.0032466493373222993,0.0027460447871120426,0.964733
6,37,8,2,0,0,Excellent,0.987,6.29,3.14,0.0097,0.0032466493373222993,0.0027460447871120426,0.951483
18,109,8,1,0,0,Poor,0.9035,76.92,38.46,0.0964,0.0241203982411807,0.015140032185703105,0.889827
18,109,8,1,0,0,Poor,0.9035,76.92,38.46,0.0964,0.0241203982411807,0.015140032185703105,0.897048
21,65,4,2,1,1,Poor,0.8977,79.96,39.98,0.0977,0.025570367984307063,0.02839935440773394,0.884629
21,65,4,2,1,1,Poor,0.8977,79.96,39.98,0.0977,0.025570367984307063,0.02839935440773394,0.879126
18,61,6,4,0,0,Poor,0.8713,96.94,48.47,0.1299,0.032182041626190344,0.02630136388113833,0.965067
18,61,6,4,0,0,Poor,0.8713,96.94,48.47,0.1299,0.032182041626190344,0.02630136388113833,0.964753
21,103,7,2,1,1,Good,0.975,17.59,8.79,0.0291,0.006256032244171261,0.005971614930873358,0.9619
21,103,7,2,1,1,Good,0.975,17.59,8.79,0.0291,0.006256032244171261,0.005971614930873358,0.964554
15,34,4,1,1,1,Excellent,0.9863,7.31,3.65,0.009,0.0034196426324998863,0.002270491458405361,0.994124
15,34,4,1,1,1,Excellent,0.9863,7.31,3.65,0.009,0.0034196426324998863,0.002270491458405361,0.996394
14,36,5,1,0,0,Poor,0.9093,52.14,26.07,0.0899,0.02267978740388571,0.018323400765317226,0.955403
14,36,5,1,0,0,Poor,0.9093,52.14,26.07,0.0899,0.02267978740388571,0.018323400765317226,0.94647
18,57,4,1,0,0,Average,0.9538,30.5,15.25,0.0429,0.011542419230273576,0.009762487488304453,0.993808
18,57,4,1,0,0,Average,0.9538,30.5,15.25,0.0429,0.011542419230273576,0.009762487488304453,0.981702
18,61,5,1,1,1,Poor,0.894,84.36,42.18,0.1102,0.026491399437511193,0.02939207881931851,0.970628
18,61,5,1,1,1,Poor,0.894,84.36,42.18,0.1102,0.026491399437511193,0.02939207881931851,0.967962
19,49,4,3,2,2,Poor,0.8878,76.05,38.03,0.1106,0.02804299069947222,0.026140734009604455,0.983171
19,49,4,3,2,2,Poor,0.8878,76.05,38.03,0.1106,0.02804299069947222,0.026140734009604455,0.980878
16,44,4,1,1,1,Average,0.9387,45.08,22.54,0.0571,0.015321053002141344,0.010370943988238752,0.987344
16,44,4,1,1,1,Average,0.9387,45.08,22.54,0.0571,0.015321053002141344,0.010370943988238752,0.991278
13,61,7,2,1,1,Poor,0.8773,62.54,31.27,0.1211,0.030680445405552786,0.028239123899917583,0.968948
13,61,7,2,1,1,Poor,0.8773,62.54,31.27,0.1211,0.030680445405552786,0.028239123899917583,0.95554
9,36,6,1,1,1,Poor,0.8547,55.83,27.91,0.1425,0.036332540686558196,0.023805185854534193,0.963564
9,36,6,1,1,1,Poor,0.8547,55.83,27.91,0.1425,0.036332540686558196,0.023805185854534193,0.968643
12,66,7,1,0,0,Good,0.9762,11.32,5.66,0.0281,0.0059537303385931994,0.005043039266723117,0.964748
12,66,7,1,0,0,Good,0.9762,11.32,5.66,0.0281,0.0059537303385931994,0.005043039266723117,0.959198
20,105,7,2,1,1,Average,0.9434,36.74,18.37,0.0604,0.014154723648187567,0.011637871055965667,0.948947
20,105,7,2,1,1,Average,0.9434,36.74,18.37,0.0604,0.014154723648187567,0.011637871055965667,0.935503
15,64,8,2,2,2,Poor,0.8651,78.55,39.28,0.1362,0.03372686265880662,0.0298560313591755,0.886919
15,64,8,2,2,2,Poor,0.8651,78.55,39.28,0.1362,0.03372686265880662,0.0298560313591755,0.891203
8,28,5,1,1,1,Poor,0.9219,96.49,48.24,0.0747,0.01951401185775875,0.024404617069395285,0.966424
8,28,5,1,1,1,Poor,0.9219,96.49,48.24,0.0747,0.01951401185775875,0.024404617069395285,0.969245
11,44,7,5,3,3,Good,0.976,17.62,8.81,0.0263,0.005989081320319639,0.004687825091196288,0.965555
11,44,7,5,3,3,Good,0.976,17.62,8.81,0.0263,0.005989081320319639,0.004687825091196288,0.97101
13,54,5,1,1,1,Excellent,0.9965,9.71,4.85,0.0013,0.001,0.0021728201198088276,0.990161
13,54,5,1,1,1,Excellent,0.9965,9.71,4.85,0.0013,0.001,0.0021728201198088276,0.990401
18,73,7,2,2,2,Good,0.9708,19.73,9.87,0.0251,0.007289536979817046,0.006301981344890878,0.958892
18,73,7,2,2,2,Good,0.9708,19.73,9.87,0.0251,0.007289536979817046,0.006301981344890878,0.958819
13,52,7,1,0,0,Poor,0.8812,99.81,49.9,0.1221,0.029689574737319147,0.02044231135405864,0.913872
13,52,7,1,0,0,Poor,0.8812,99.81,49.9,0.1221,0.029689574737319147,0.02044231135405864,0.921103
13,59,6,1,1,1,Poor,0.8637,50.22,25.11,0.133,0.03407789437112582,0.01518106278924957,0.958159
13,59,6,1,1,1,Poor,0.8637,50.22,25.11,0.133,0.03407789437112582,0.01518106278924957,0.964757
17,42,5,1,0,0,Poor,0.8772,73.52,36.76,0.1213,0.030691500853838927,0.021821607132298512,0.927647
17,42,5,1,0,0,Poor,0.8772,73.52,36.76,0.1213,0.030691500853838927,0.021821607132298512,0.956662
6,19,4,1,0,0,Average,0.9386,46.4,23.2,0.0635,0.015356121116542026,0.008736703804441987,0.997751
6,19,4,1,0,0,Average,0.9386,46.4,23.2,0.0635,0.015356121116542026,0.008736703804441987,0.995633
21,56,5,2,1,1,Good,0.973,10.18,5.09,0.025,0.006740641025601568,0.005095043902817807,0.991725
21,56,5,2,1,1,Good,0.973,10.18,5.09,0.025,0.006740641025601568,0.005095043902817807,0.990878
15,70,7,1,0,0,Poor,0.8628,60.35,30.18,0.1335,0.03430775010800932,0.02586941267132032,0.889817
15,70,7,1,0,0,Poor,0.8628,60.35,30.18,0.1335,0.03430775010800932,0.02586941267132032,0.892496
9,22,4,2,2,2,Good,0.9899,10.13,5.06,0.0149,0.0025251857587987037,0.003013223519525895,0.995412
9,22,4,2,2,2,Good,0.9899,10.13,5.06,0.0149,0.0025251857587987037,0.003013223519525895,0.997372
16,84,7,1,1,1,Poor,0.8777,98.33,49.16,0.1229,0.030570871908255276,0.01799806091023369,0.953793
16,84,7,1,1,1,Poor,0.8777,98.33,49.16,0.1229,0.030570871908255276,0.01799806091023369,0.939378
11,25,4,1,0,0,Excellent,0.9873,7.33,3.67,0.008,0.0031628718933715827,0.0028785132051869907,0.997785
11,25,4,1,0,0,Excellent,0.9873,7.33,3.67,0.008,0.0031628718933715827,0.0028785132051869907,0.996733
18,64,7,2,1,1,Good,0.9768,13.92,6.96,0.0244,0.005808518707255017,0.00492064551041087,0.961376
18,64,7,2,1,1,Good,0.9768,13.92,6.96,0.0244,0.005808518707255017,0.00492064551041087,0.967822
8,38,8,1,1,1,Good,0.9692,11.58,5.79,0.029,0.0076923619977494195,0.005061686315532955,0.964477
8,38,8,1,1,1,Good,0.9692,11.58,5.79,0.029,0.0076923619977494195,0.005061686315532955,0.960578
12,30,5,1,1,1,Poor,0.8743,80.56,40.28,0.1274,0.03142290075719803,0.02401826198526613,0.974121
12,30,5,1,1,1,Poor,0.8743,80.56,40.28,0.1274,0.03142290075719803,0.02401826198526613,0.974337
17,60,5,3,2,2,Good,0.9849,16.66,8.33,0.0122,0.00378610670873894,0.005841975249377891,0.988819
17,60,5,3,2,2,Good,0.9849,16.66,8.33,0.0122,0.00378610670873894,0.005841975249377891,0.993289
20,87,7,2,2,2,Excellent,0.9997,7.91,3.96,0.0034,0.001,0.0026566663054179073,0.953891
20,87,7,2,2,2,Excellent,0.9997,7.91,3.96,0.0034,0.001,0.0026566663054179073,0.957088
18,78,6,4,1,1,Poor,0.8892,77.77,38.89,0.1065,0.027703978609138896,0.02551513260507474,0.976128
18,78,6,4,1,1,Poor,0.8892,77.77,38.89,0.1065,0.027703978609138896,0.02551513260507474,0.968076
16,80,7,1,1,1,Good,0.9708,12.84,6.42,0.0271,0.0072913069920556295,0.005167243081439508,0.96853
16,80,7,1,1,1,Good,0.9708,12.84,6.42,0.0271,0.0072913069920556295,0.005167243081439508,0.955335
11,52,8,3,1,1,Excellent,0.9955,9.53,4.77,0.0007,0.001132582687800171,0.002174202672642544,0.946659
11,52,8,3,1,1,Excellent,0.9955,9.53,4.77,0.0007,0.001132582687800171,0.002174202672642544,0.941601
21,101,7,4,2,2,Poor,0.9219,63.41,31.71,0.0771,0.019535175901704532,0.01627347365858513,0.949603
21,101,7,4,2,2,Poor,0.9219,63.41,31.71,0.0771,0.019535175901704532,0.01627347365858513,0.951258
20,68,6,1,1,1,Poor,0.923,91.96,45.98,0.081,0.01924775643404633,0.017497852179274725,0.980052
20,68,6,1,1,1,Poor,0.923,91.96,45.98,0.081,0.01924775643404633,0.017497852179274725,0.97553
18,69,5,1,1,1,Excellent,0.995,9.2,4.6,0.0066,0.0012474078882280248,0.0024168691475535153,0.991368
18,69,5,1,1,1,Excellent,0.995,9.2,4.6,0.0066,0.0012474078882280248,0.0024168691475535153,0.992394
6,28,8,2,2,2,Good,0.9764,15.63,7.81,0.0212,0.005900643731119148,0.006114784249559122,0.988399
6,28,8,2,2,2,Good,0.9764,15.63,7.81,0.0212,0.005900643731119148,0.006114784249559122,0.982664
20,115,6,1,1,1,Poor,0.8547,91.68,45.84,0.1489,0.036326440514608205,0.01615236335119193,0.984074
20,115,6,1,1,1,Poor,0.8547,91.68,45.84,0.1489,0.036326440514608205,0.01615236335119193,0.9792
19,71,5,1,0,0,Average,0.9717,38.76,19.38,0.0307,0.007072555351092663,0.014052730078436831,0.991092
19,71,5,1,0,0,Average,0.9717,38.76,19.38,0.0307,0.007072555351092663,0.014052730078436831,0.990742
17,60,6,2,1,1,Poor,0.8852,87.24,43.62,0.1112,0.028707248820997316,0.018124305855220648,0.97142
17,60,6,2,1,1,Poor,0.8852,87.24,43.62,0.1112,0.028707248820997316,0.018124305855220648,0.979279
